[0m13:10:09.493112 [debug] [MainThread]: Sending event: {'category': 'dbt', 'action': 'invocation', 'label': 'start', 'context': [<snowplow_tracker.self_describing_json.SelfDescribingJson object at 0xff8853faede0>, <snowplow_tracker.self_describing_json.SelfDescribingJson object at 0xff8852c21070>, <snowplow_tracker.self_describing_json.SelfDescribingJson object at 0xff885233b260>]}


============================== 13:10:09.496609 | 7186d83a-e2a8-44c7-a784-8fdf770aca39 ==============================
[0m13:10:09.496609 [info ] [MainThread]: Running with dbt=1.10.8
[0m13:10:09.497657 [debug] [MainThread]: running dbt with arguments {'printer_width': '80', 'indirect_selection': 'eager', 'write_json': 'True', 'log_cache_events': 'False', 'partial_parse': 'True', 'cache_selected_only': 'False', 'profiles_dir': '/home/spark-ab5a6026-4479-441f-98a0-cb/.dbt', 'fail_fast': 'False', 'debug': 'False', 'log_path': '/Workspace/Users/iamnovaryn@gmail.com/DataBricks_Project/globalmart_dbt/logs', 'version_check': 'True', 'warn_error': 'None', 'use_colors': 'True', 'use_experimental_parser': 'False', 'empty': 'None', 'quiet': 'False', 'no_print': 'None', 'warn_error_options': 'WarnErrorOptionsV2(error=[], warn=[], silence=[])', 'introspect': 'True', 'static_parser': 'True', 'log_format': 'default', 'target_path': 'None', 'invocation_command': 'dbt debug --target dev', 'send_anonymous_usage_stats': 'True'}
[0m13:10:09.511511 [info ] [MainThread]: dbt version: 1.10.8
[0m13:10:09.512406 [info ] [MainThread]: python version: 3.12.3
[0m13:10:09.513208 [info ] [MainThread]: python path: /local_disk0/.ephemeral_nfs/envs/pythonEnv-ab5a6026-4479-441f-98a0-cbc1a65297fe/bin/python
[0m13:10:09.513951 [info ] [MainThread]: os info: Linux-6.1.172-216.329.amzn2023.aarch64-aarch64-with-glibc2.39
[0m13:10:10.325545 [debug] [MainThread]: Spark adapter: Setting pyhive.hive logging to ERROR
[0m13:10:10.326511 [debug] [MainThread]: Spark adapter: Setting thrift.transport logging to ERROR
[0m13:10:10.327208 [debug] [MainThread]: Spark adapter: Setting thrift.protocol logging to ERROR
[0m13:10:10.866649 [info ] [MainThread]: Using profiles dir at /home/spark-ab5a6026-4479-441f-98a0-cb/.dbt
[0m13:10:10.867804 [info ] [MainThread]: Using profiles.yml file at /home/spark-ab5a6026-4479-441f-98a0-cb/.dbt/profiles.yml
[0m13:10:10.868596 [info ] [MainThread]: Using dbt_project.yml file at /Workspace/Users/iamnovaryn@gmail.com/DataBricks_Project/globalmart_dbt/dbt_project.yml
[0m13:10:10.869345 [info ] [MainThread]: adapter type: databricks
[0m13:10:10.870087 [info ] [MainThread]: adapter version: 1.10.19
[0m13:10:11.001367 [info ] [MainThread]: Configuration:
[0m13:10:11.002872 [info ] [MainThread]:   profiles.yml file [[32mOK found and valid[0m]
[0m13:10:11.003843 [info ] [MainThread]:   dbt_project.yml file [[32mOK found and valid[0m]
[0m13:10:11.004729 [info ] [MainThread]: Required dependencies:
[0m13:10:11.005507 [debug] [MainThread]: Executing "git --help"
[0m13:10:11.034502 [debug] [MainThread]: STDOUT: "b"usage: git [-v | --version] [-h | --help] [-C <path>] [-c <name>=<value>]\n           [--exec-path[=<path>]] [--html-path] [--man-path] [--info-path]\n           [-p | --paginate | -P | --no-pager] [--no-replace-objects] [--no-lazy-fetch]\n           [--no-optional-locks] [--no-advice] [--bare] [--git-dir=<path>]\n           [--work-tree=<path>] [--namespace=<name>] [--config-env=<name>=<envvar>]\n           <command> [<args>]\n\nThese are common Git commands used in various situations:\n\nstart a working area (see also: git help tutorial)\n   clone      Clone a repository into a new directory\n   init       Create an empty Git repository or reinitialize an existing one\n\nwork on the current change (see also: git help everyday)\n   add        Add file contents to the index\n   mv         Move or rename a file, a directory, or a symlink\n   restore    Restore working tree files\n   rm         Remove files from the working tree and from the index\n\nexamine the history and state (see also: git help revisions)\n   bisect     Use binary search to find the commit that introduced a bug\n   diff       Show changes between commits, commit and working tree, etc\n   grep       Print lines matching a pattern\n   log        Show commit logs\n   show       Show various types of objects\n   status     Show the working tree status\n\ngrow, mark and tweak your common history\n   backfill   Download missing objects in a partial clone\n   branch     List, create, or delete branches\n   commit     Record changes to the repository\n   merge      Join two or more development histories together\n   rebase     Reapply commits on top of another base tip\n   reset      Reset current HEAD to the specified state\n   switch     Switch branches\n   tag        Create, list, delete or verify tags\n\ncollaborate (see also: git help workflows)\n   fetch      Download objects and refs from another repository\n   pull       Fetch from and integrate with another repository or a local branch\n   push       Update remote refs along with associated objects\n\n'git help -a' and 'git help -g' list available subcommands and some\nconcept guides. See 'git help <command>' or 'git help <concept>'\nto read about a specific subcommand or concept.\nSee 'git help git' for an overview of the system.\n""
[0m13:10:11.035343 [debug] [MainThread]: STDERR: "b''"
[0m13:10:11.036042 [info ] [MainThread]:  - git [[32mOK found[0m]

[0m13:10:11.036748 [info ] [MainThread]: Connection:
[0m13:10:11.037626 [info ] [MainThread]:   host: dbc-73a59226-9cbc.cloud.databricks.com
[0m13:10:11.038396 [info ] [MainThread]:   http_path: /sql/1.0/warehouses/bcfd52b943980648
[0m13:10:11.039140 [info ] [MainThread]:   catalog: globalmart
[0m13:10:11.039906 [info ] [MainThread]:   schema: bronze_dev
[0m13:10:11.040775 [info ] [MainThread]: Registered adapter: databricks=1.10.19
[0m13:10:11.144701 [debug] [MainThread]: Databricks adapter: DatabricksDBTConnection(session-id=None, name=debug) - Creating connection
[0m13:10:11.145730 [debug] [MainThread]: Acquiring new databricks connection 'debug'
[0m13:10:11.146532 [debug] [MainThread]: Using databricks connection "debug"
[0m13:10:11.147186 [debug] [MainThread]: On debug: select 1 as id
[0m13:10:11.147762 [debug] [MainThread]: Opening a new connection, currently in state init
[0m13:10:11.890267 [error] [MainThread]: databricks-sql-connector adapter: ThriftBackend.attempt_request: Exception: %s
[0m13:10:11.891682 [error] [MainThread]: Databricks adapter: Connection(session-id=Unknown) - Exception while trying to create connection: Error during request to server: : Provided access token does not have required scopes: sql. 
Error properties: attempt=1/30, bounded-retry-delay=None, elapsed-seconds=0.7190723419189453/900.0, error-message=: Provided access token does not have required scopes: sql, http-code=403, method=OpenSession, no-retry-reason=non-retryable error, original-exception=, query-id=None, session-id=None
[0m13:10:11.892659 [debug] [MainThread]: Databricks adapter: Exception while trying to execute query
select 1 as id
: Database Error
  Error during request to server: : Provided access token does not have required scopes: sql. 
[0m13:10:11.894213 [debug] [MainThread]: On debug: No close available on handle
[0m13:10:11.894940 [info ] [MainThread]:   Connection test: [[31mERROR[0m]

[0m13:10:11.895674 [info ] [MainThread]: [31m1 check failed:[0m
[0m13:10:11.896329 [info ] [MainThread]: dbt was unable to connect to the specified database.
The database returned the following error:

  >Database Error
  Database Error
    Error during request to server: : Provided access token does not have required scopes: sql. 

Check your database credentials and try again. For more information, visit:
https://docs.getdbt.com/docs/configure-your-profile


[0m13:10:11.897642 [debug] [MainThread]: Resource report: {"command_name": "debug", "command_success": false, "command_wall_clock_time": 2.5361915, "process_in_blocks": "37208", "process_kernel_time": 0.289742, "process_mem_max_rss": "234624", "process_out_blocks": "1472", "process_user_time": 2.950841}
[0m13:10:11.898586 [debug] [MainThread]: Command `dbt debug` failed at 13:10:11.898474 after 2.54 seconds
[0m13:10:11.899485 [debug] [MainThread]: Sending event: {'category': 'dbt', 'action': 'invocation', 'label': 'end', 'context': [<snowplow_tracker.self_describing_json.SelfDescribingJson object at 0xff8852d011c0>, <snowplow_tracker.self_describing_json.SelfDescribingJson object at 0xff883eb7eae0>, <snowplow_tracker.self_describing_json.SelfDescribingJson object at 0xff883eb7cd10>]}
[0m13:10:11.900191 [debug] [MainThread]: Flushing usage events
[0m13:10:12.551456 [debug] [MainThread]: An error was encountered while trying to flush usage events
[0m13:10:14.416602 [debug] [MainThread]: Sending event: {'category': 'dbt', 'action': 'invocation', 'label': 'start', 'context': [<snowplow_tracker.self_describing_json.SelfDescribingJson object at 0xff1cd71be210>, <snowplow_tracker.self_describing_json.SelfDescribingJson object at 0xff1cd71bf4d0>, <snowplow_tracker.self_describing_json.SelfDescribingJson object at 0xff1cd6b1c860>]}


============================== 13:10:14.419752 | 18d524e8-eda6-46c4-a439-8ac12d5f362c ==============================
[0m13:10:14.419752 [info ] [MainThread]: Running with dbt=1.10.8
[0m13:10:14.420747 [debug] [MainThread]: running dbt with arguments {'printer_width': '80', 'indirect_selection': 'eager', 'write_json': 'True', 'log_cache_events': 'False', 'partial_parse': 'True', 'cache_selected_only': 'False', 'profiles_dir': '/home/spark-ab5a6026-4479-441f-98a0-cb/.dbt', 'fail_fast': 'False', 'debug': 'False', 'log_path': '/Workspace/Users/iamnovaryn@gmail.com/DataBricks_Project/globalmart_dbt/logs', 'version_check': 'True', 'warn_error': 'None', 'use_colors': 'True', 'use_experimental_parser': 'False', 'empty': 'None', 'quiet': 'False', 'no_print': 'None', 'warn_error_options': 'WarnErrorOptionsV2(error=[], warn=[], silence=[])', 'introspect': 'True', 'static_parser': 'True', 'log_format': 'default', 'target_path': 'None', 'invocation_command': 'dbt debug --target prod', 'send_anonymous_usage_stats': 'True'}
[0m13:10:14.429437 [info ] [MainThread]: dbt version: 1.10.8
[0m13:10:14.430264 [info ] [MainThread]: python version: 3.12.3
[0m13:10:14.431015 [info ] [MainThread]: python path: /local_disk0/.ephemeral_nfs/envs/pythonEnv-ab5a6026-4479-441f-98a0-cbc1a65297fe/bin/python
[0m13:10:14.431723 [info ] [MainThread]: os info: Linux-6.1.172-216.329.amzn2023.aarch64-aarch64-with-glibc2.39
[0m13:10:15.199912 [debug] [MainThread]: Spark adapter: Setting pyhive.hive logging to ERROR
[0m13:10:15.200920 [debug] [MainThread]: Spark adapter: Setting thrift.transport logging to ERROR
[0m13:10:15.201678 [debug] [MainThread]: Spark adapter: Setting thrift.protocol logging to ERROR
[0m13:10:15.779803 [info ] [MainThread]: Using profiles dir at /home/spark-ab5a6026-4479-441f-98a0-cb/.dbt
[0m13:10:15.781934 [info ] [MainThread]: Using profiles.yml file at /home/spark-ab5a6026-4479-441f-98a0-cb/.dbt/profiles.yml
[0m13:10:15.783637 [info ] [MainThread]: Using dbt_project.yml file at /Workspace/Users/iamnovaryn@gmail.com/DataBricks_Project/globalmart_dbt/dbt_project.yml
[0m13:10:15.785176 [info ] [MainThread]: adapter type: databricks
[0m13:10:15.786012 [info ] [MainThread]: adapter version: 1.10.19
[0m13:10:15.907899 [info ] [MainThread]: Configuration:
[0m13:10:15.909671 [info ] [MainThread]:   profiles.yml file [[32mOK found and valid[0m]
[0m13:10:15.911070 [info ] [MainThread]:   dbt_project.yml file [[32mOK found and valid[0m]
[0m13:10:15.911823 [info ] [MainThread]: Required dependencies:
[0m13:10:15.912500 [debug] [MainThread]: Executing "git --help"
[0m13:10:15.919550 [debug] [MainThread]: STDOUT: "b"usage: git [-v | --version] [-h | --help] [-C <path>] [-c <name>=<value>]\n           [--exec-path[=<path>]] [--html-path] [--man-path] [--info-path]\n           [-p | --paginate | -P | --no-pager] [--no-replace-objects] [--no-lazy-fetch]\n           [--no-optional-locks] [--no-advice] [--bare] [--git-dir=<path>]\n           [--work-tree=<path>] [--namespace=<name>] [--config-env=<name>=<envvar>]\n           <command> [<args>]\n\nThese are common Git commands used in various situations:\n\nstart a working area (see also: git help tutorial)\n   clone      Clone a repository into a new directory\n   init       Create an empty Git repository or reinitialize an existing one\n\nwork on the current change (see also: git help everyday)\n   add        Add file contents to the index\n   mv         Move or rename a file, a directory, or a symlink\n   restore    Restore working tree files\n   rm         Remove files from the working tree and from the index\n\nexamine the history and state (see also: git help revisions)\n   bisect     Use binary search to find the commit that introduced a bug\n   diff       Show changes between commits, commit and working tree, etc\n   grep       Print lines matching a pattern\n   log        Show commit logs\n   show       Show various types of objects\n   status     Show the working tree status\n\ngrow, mark and tweak your common history\n   backfill   Download missing objects in a partial clone\n   branch     List, create, or delete branches\n   commit     Record changes to the repository\n   merge      Join two or more development histories together\n   rebase     Reapply commits on top of another base tip\n   reset      Reset current HEAD to the specified state\n   switch     Switch branches\n   tag        Create, list, delete or verify tags\n\ncollaborate (see also: git help workflows)\n   fetch      Download objects and refs from another repository\n   pull       Fetch from and integrate with another repository or a local branch\n   push       Update remote refs along with associated objects\n\n'git help -a' and 'git help -g' list available subcommands and some\nconcept guides. See 'git help <command>' or 'git help <concept>'\nto read about a specific subcommand or concept.\nSee 'git help git' for an overview of the system.\n""
[0m13:10:15.920371 [debug] [MainThread]: STDERR: "b''"
[0m13:10:15.921040 [info ] [MainThread]:  - git [[32mOK found[0m]

[0m13:10:15.923132 [info ] [MainThread]: Connection:
[0m13:10:15.924410 [info ] [MainThread]:   host: dbc-73a59226-9cbc.cloud.databricks.com
[0m13:10:15.925853 [info ] [MainThread]:   http_path: /sql/1.0/warehouses/bcfd52b943980648
[0m13:10:15.926908 [info ] [MainThread]:   catalog: globalmart
[0m13:10:15.928533 [info ] [MainThread]:   schema: bronze
[0m13:10:15.929958 [info ] [MainThread]: Registered adapter: databricks=1.10.19
[0m13:10:16.043254 [debug] [MainThread]: Databricks adapter: DatabricksDBTConnection(session-id=None, name=debug) - Creating connection
[0m13:10:16.044186 [debug] [MainThread]: Acquiring new databricks connection 'debug'
[0m13:10:16.044907 [debug] [MainThread]: Using databricks connection "debug"
[0m13:10:16.045622 [debug] [MainThread]: On debug: select 1 as id
[0m13:10:16.046264 [debug] [MainThread]: Opening a new connection, currently in state init
[0m13:10:16.117388 [error] [MainThread]: databricks-sql-connector adapter: ThriftBackend.attempt_request: Exception: %s
[0m13:10:16.118746 [error] [MainThread]: Databricks adapter: Connection(session-id=Unknown) - Exception while trying to create connection: Error during request to server: : Provided access token does not have required scopes: sql. 
Error properties: attempt=1/30, bounded-retry-delay=None, elapsed-seconds=0.04707741737365723/900.0, error-message=: Provided access token does not have required scopes: sql, http-code=403, method=OpenSession, no-retry-reason=non-retryable error, original-exception=, query-id=None, session-id=None
[0m13:10:16.120652 [debug] [MainThread]: Databricks adapter: Exception while trying to execute query
select 1 as id
: Database Error
  Error during request to server: : Provided access token does not have required scopes: sql. 
[0m13:10:16.122244 [debug] [MainThread]: On debug: No close available on handle
[0m13:10:16.123054 [info ] [MainThread]:   Connection test: [[31mERROR[0m]

[0m13:10:16.124883 [info ] [MainThread]: [31m1 check failed:[0m
[0m13:10:16.125601 [info ] [MainThread]: dbt was unable to connect to the specified database.
The database returned the following error:

  >Database Error
  Database Error
    Error during request to server: : Provided access token does not have required scopes: sql. 

Check your database credentials and try again. For more information, visit:
https://docs.getdbt.com/docs/configure-your-profile


[0m13:10:16.127176 [debug] [MainThread]: Resource report: {"command_name": "debug", "command_success": false, "command_wall_clock_time": 1.7801925, "process_in_blocks": "0", "process_kernel_time": 0.280917, "process_mem_max_rss": "234932", "process_out_blocks": "0", "process_user_time": 2.899474}
[0m13:10:16.129208 [debug] [MainThread]: Command `dbt debug` failed at 13:10:16.129093 after 1.78 seconds
[0m13:10:16.130218 [debug] [MainThread]: Sending event: {'category': 'dbt', 'action': 'invocation', 'label': 'end', 'context': [<snowplow_tracker.self_describing_json.SelfDescribingJson object at 0xff1cd89a3ef0>, <snowplow_tracker.self_describing_json.SelfDescribingJson object at 0xff1cda366960>, <snowplow_tracker.self_describing_json.SelfDescribingJson object at 0xff1cc2b558e0>]}
[0m13:10:16.131415 [debug] [MainThread]: Flushing usage events
[0m13:10:16.192729 [debug] [MainThread]: An error was encountered while trying to flush usage events
[0m13:10:18.042292 [debug] [MainThread]: Sending event: {'category': 'dbt', 'action': 'invocation', 'label': 'start', 'context': [<snowplow_tracker.self_describing_json.SelfDescribingJson object at 0xff5e61822000>, <snowplow_tracker.self_describing_json.SelfDescribingJson object at 0xff5e63aa8380>, <snowplow_tracker.self_describing_json.SelfDescribingJson object at 0xff5e626283b0>]}


============================== 13:10:18.045543 | faeb1964-c17c-4f41-96cb-7f540d9f9383 ==============================
[0m13:10:18.045543 [info ] [MainThread]: Running with dbt=1.10.8
[0m13:10:18.046486 [debug] [MainThread]: running dbt with arguments {'printer_width': '80', 'indirect_selection': 'eager', 'write_json': 'True', 'log_cache_events': 'False', 'partial_parse': 'True', 'cache_selected_only': 'False', 'profiles_dir': '/home/spark-ab5a6026-4479-441f-98a0-cb/.dbt', 'fail_fast': 'False', 'debug': 'False', 'log_path': '/Workspace/Users/iamnovaryn@gmail.com/DataBricks_Project/globalmart_dbt/logs', 'version_check': 'True', 'warn_error': 'None', 'use_colors': 'True', 'use_experimental_parser': 'False', 'empty': 'None', 'quiet': 'False', 'no_print': 'None', 'warn_error_options': 'WarnErrorOptionsV2(error=[], warn=[], silence=[])', 'introspect': 'True', 'static_parser': 'True', 'log_format': 'default', 'target_path': 'None', 'invocation_command': 'dbt source freshness', 'send_anonymous_usage_stats': 'True'}
[0m13:10:18.769918 [debug] [MainThread]: Spark adapter: Setting pyhive.hive logging to ERROR
[0m13:10:18.770889 [debug] [MainThread]: Spark adapter: Setting thrift.transport logging to ERROR
[0m13:10:18.771651 [debug] [MainThread]: Spark adapter: Setting thrift.protocol logging to ERROR
[0m13:10:19.407843 [debug] [MainThread]: Sending event: {'category': 'dbt', 'action': 'project_id', 'label': 'faeb1964-c17c-4f41-96cb-7f540d9f9383', 'context': [<snowplow_tracker.self_describing_json.SelfDescribingJson object at 0xff5e4e511400>]}
[0m13:10:19.484028 [debug] [MainThread]: Sending event: {'category': 'dbt', 'action': 'adapter_info', 'label': 'faeb1964-c17c-4f41-96cb-7f540d9f9383', 'context': [<snowplow_tracker.self_describing_json.SelfDescribingJson object at 0xff5e6222ad50>]}
[0m13:10:19.485266 [info ] [MainThread]: Registered adapter: databricks=1.10.19
[0m13:10:19.603309 [debug] [MainThread]: checksum: 265d66e81f90af29a7a28579c9b54d938c94f4a57c57be5f853267ae509b5fcb, vars: {}, profile: , target: , version: 1.10.8
[0m13:10:19.605024 [info ] [MainThread]: Unable to do partial parsing because saved manifest not found. Starting full parse.
[0m13:10:19.606412 [debug] [MainThread]: Sending event: {'category': 'dbt', 'action': 'partial_parser', 'label': 'faeb1964-c17c-4f41-96cb-7f540d9f9383', 'context': [<snowplow_tracker.self_describing_json.SelfDescribingJson object at 0xff5e4e5bf770>]}
[0m13:10:20.980865 [warn ] [MainThread]: [[33mWARNING[0m]: Configuration paths exist in your dbt_project.yml file which do not apply to any resources.
There are 2 unused configuration paths:
- models.globalmart_dbt.staging
- models.globalmart_dbt.marts
[0m13:10:20.993087 [debug] [MainThread]: Sending event: {'category': 'dbt', 'action': 'load_project', 'label': 'faeb1964-c17c-4f41-96cb-7f540d9f9383', 'context': [<snowplow_tracker.self_describing_json.SelfDescribingJson object at 0xff5e4e5becc0>]}
[0m13:10:21.157759 [debug] [MainThread]: Wrote artifact WritableManifest to /Workspace/Users/iamnovaryn@gmail.com/DataBricks_Project/globalmart_dbt/target/manifest.json
[0m13:10:21.160502 [debug] [MainThread]: Wrote artifact SemanticManifest to /Workspace/Users/iamnovaryn@gmail.com/DataBricks_Project/globalmart_dbt/target/semantic_manifest.json
[0m13:10:21.169636 [debug] [MainThread]: Sending event: {'category': 'dbt', 'action': 'resource_counts', 'label': 'faeb1964-c17c-4f41-96cb-7f540d9f9383', 'context': [<snowplow_tracker.self_describing_json.SelfDescribingJson object at 0xff5e4df63020>]}
[0m13:10:21.170397 [info ] [MainThread]: Found 2 sources, 690 macros
[0m13:10:21.171210 [debug] [MainThread]: Sending event: {'category': 'dbt', 'action': 'runnable_timing', 'label': 'faeb1964-c17c-4f41-96cb-7f540d9f9383', 'context': [<snowplow_tracker.self_describing_json.SelfDescribingJson object at 0xff5e4df59e50>]}
[0m13:10:21.173304 [info ] [MainThread]: 
[0m13:10:21.174420 [info ] [MainThread]: Concurrency: 4 threads (target='dev')
[0m13:10:21.175250 [info ] [MainThread]: 
[0m13:10:21.176216 [debug] [MainThread]: Databricks adapter: DatabricksDBTConnection(session-id=None, name=master) - Creating connection
[0m13:10:21.176954 [debug] [MainThread]: Acquiring new databricks connection 'master'
[0m13:10:21.177739 [debug] [MainThread]: Sending event: {'category': 'dbt', 'action': 'runnable_timing', 'label': 'faeb1964-c17c-4f41-96cb-7f540d9f9383', 'context': [<snowplow_tracker.self_describing_json.SelfDescribingJson object at 0xff5e4df62840>]}
[0m13:10:21.185508 [debug] [Thread-1 (]: Began running node source.globalmart_dbt.bronze.bronze_orders
[0m13:10:21.187326 [debug] [Thread-2 (]: Began running node source.globalmart_dbt.bronze.orders_partitioned
[0m13:10:21.188826 [info ] [Thread-1 (]: 1 of 2 START freshness of bronze.bronze_orders ................................. [RUN]
[0m13:10:21.190483 [info ] [Thread-2 (]: 2 of 2 START freshness of bronze.orders_partitioned ............................ [RUN]
[0m13:10:21.191534 [debug] [Thread-1 (]: Databricks adapter: DatabricksDBTConnection(session-id=None, name=source.globalmart_dbt.bronze.bronze_orders) - Creating connection
[0m13:10:21.192427 [debug] [Thread-2 (]: Databricks adapter: DatabricksDBTConnection(session-id=None, name=source.globalmart_dbt.bronze.orders_partitioned) - Creating connection
[0m13:10:21.193199 [debug] [Thread-1 (]: Acquiring new databricks connection 'source.globalmart_dbt.bronze.bronze_orders'
[0m13:10:21.194044 [debug] [Thread-2 (]: Acquiring new databricks connection 'source.globalmart_dbt.bronze.orders_partitioned'
[0m13:10:21.194800 [debug] [Thread-1 (]: Began compiling node source.globalmart_dbt.bronze.bronze_orders
[0m13:10:21.195622 [debug] [Thread-2 (]: Began compiling node source.globalmart_dbt.bronze.orders_partitioned
[0m13:10:21.196753 [debug] [Thread-1 (]: Began executing node source.globalmart_dbt.bronze.bronze_orders
[0m13:10:21.197498 [debug] [Thread-2 (]: Began executing node source.globalmart_dbt.bronze.orders_partitioned
[0m13:10:21.211087 [debug] [Thread-1 (]: Using databricks connection "source.globalmart_dbt.bronze.bronze_orders"
[0m13:10:21.214364 [debug] [Thread-2 (]: Using databricks connection "source.globalmart_dbt.bronze.orders_partitioned"
[0m13:10:21.215146 [debug] [Thread-1 (]: On source.globalmart_dbt.bronze.bronze_orders: /* {"app": "dbt", "dbt_version": "1.10.8", "dbt_databricks_version": "1.10.19", "databricks_sql_connector_version": "4.0.5", "profile_name": "globalmart_dbt", "target_name": "dev", "node_id": "source.globalmart_dbt.bronze.bronze_orders"} */
select
      max(_ingested_at) as max_loaded_at,
      current_timestamp() as snapshotted_at
    from `globalmart`.`bronze`.`bronze_orders`
    
  
[0m13:10:21.215974 [debug] [Thread-2 (]: On source.globalmart_dbt.bronze.orders_partitioned: /* {"app": "dbt", "dbt_version": "1.10.8", "dbt_databricks_version": "1.10.19", "databricks_sql_connector_version": "4.0.5", "profile_name": "globalmart_dbt", "target_name": "dev", "node_id": "source.globalmart_dbt.bronze.orders_partitioned"} */
select
      max(_ingested_at) as max_loaded_at,
      current_timestamp() as snapshotted_at
    from `globalmart`.`bronze`.`orders_partitioned`
    
  
[0m13:10:21.216686 [debug] [Thread-1 (]: Opening a new connection, currently in state init
[0m13:10:21.217375 [debug] [Thread-2 (]: Opening a new connection, currently in state init
[0m13:10:21.319108 [error] [Thread-1 (]: databricks-sql-connector adapter: ThriftBackend.attempt_request: Exception: %s
[0m13:10:21.320301 [error] [Thread-1 (]: Databricks adapter: Connection(session-id=Unknown) - Exception while trying to create connection: Error during request to server: : Provided access token does not have required scopes: sql. 
Error properties: attempt=1/30, bounded-retry-delay=None, elapsed-seconds=0.061199188232421875/900.0, error-message=: Provided access token does not have required scopes: sql, http-code=403, method=OpenSession, no-retry-reason=non-retryable error, original-exception=, query-id=None, session-id=None
[0m13:10:21.321355 [debug] [Thread-1 (]: Databricks adapter: Exception while trying to execute query
/* {"app": "dbt", "dbt_version": "1.10.8", "dbt_databricks_version": "1.10.19", "databricks_sql_connector_version": "4.0.5", "profile_name": "globalmart_dbt", "target_name": "dev", "node_id": "source.globalmart_dbt.bronze.bronze_orders"} */
select
      max(_ingested_at) as max_loaded_at,
      current_timestamp() as snapshotted_at
    from `globalmart`.`bronze`.`bronze_orders`
    
  
: Database Error
  Error during request to server: : Provided access token does not have required scopes: sql. 
[0m13:10:21.322403 [debug] [Thread-1 (]: Databricks adapter: Exception while trying to execute query
macro collect_freshness
: Database Error
  Database Error
    Error during request to server: : Provided access token does not have required scopes: sql. 
[0m13:10:21.323342 [debug] [Thread-1 (]: On source.globalmart_dbt.bronze.bronze_orders: No close available on handle
[0m13:10:21.326088 [error] [Thread-2 (]: databricks-sql-connector adapter: ThriftBackend.attempt_request: Exception: %s
[0m13:10:21.327434 [error] [Thread-2 (]: Databricks adapter: Connection(session-id=Unknown) - Exception while trying to create connection: Error during request to server: : Provided access token does not have required scopes: sql. 
Error properties: attempt=1/30, bounded-retry-delay=None, elapsed-seconds=0.06681251525878906/900.0, error-message=: Provided access token does not have required scopes: sql, http-code=403, method=OpenSession, no-retry-reason=non-retryable error, original-exception=, query-id=None, session-id=None
[0m13:10:21.328615 [debug] [Thread-2 (]: Databricks adapter: Exception while trying to execute query
/* {"app": "dbt", "dbt_version": "1.10.8", "dbt_databricks_version": "1.10.19", "databricks_sql_connector_version": "4.0.5", "profile_name": "globalmart_dbt", "target_name": "dev", "node_id": "source.globalmart_dbt.bronze.orders_partitioned"} */
select
      max(_ingested_at) as max_loaded_at,
      current_timestamp() as snapshotted_at
    from `globalmart`.`bronze`.`orders_partitioned`
    
  
: Database Error
  Error during request to server: : Provided access token does not have required scopes: sql. 
[0m13:10:21.329522 [debug] [Thread-2 (]: Databricks adapter: Exception while trying to execute query
macro collect_freshness
: Database Error
  Database Error
    Error during request to server: : Provided access token does not have required scopes: sql. 
[0m13:10:21.330585 [debug] [Thread-2 (]: On source.globalmart_dbt.bronze.orders_partitioned: No close available on handle
[0m13:10:21.335052 [debug] [Thread-1 (]: Database Error in source bronze_orders (models/staging/src_bronze.yml)
  Database Error
    Database Error
      Error during request to server: : Provided access token does not have required scopes: sql. 
[0m13:10:21.337129 [debug] [Thread-2 (]: Database Error in source orders_partitioned (models/staging/src_bronze.yml)
  Database Error
    Database Error
      Error during request to server: : Provided access token does not have required scopes: sql. 
[0m13:10:21.337783 [error] [Thread-1 (]: 1 of 2 ERROR freshness of bronze.bronze_orders ................................. [[31mERROR[0m in 0.15s]
[0m13:10:21.338815 [error] [Thread-2 (]: 2 of 2 ERROR freshness of bronze.orders_partitioned ............................ [[31mERROR[0m in 0.15s]
[0m13:10:21.339692 [debug] [Thread-1 (]: Finished running node source.globalmart_dbt.bronze.bronze_orders
[0m13:10:21.340540 [debug] [Thread-2 (]: Finished running node source.globalmart_dbt.bronze.orders_partitioned
[0m13:10:21.342405 [debug] [MainThread]: Databricks adapter: DatabricksDBTConnection(session-id=None, name=master) - Creating connection
[0m13:10:21.343152 [debug] [MainThread]: Acquiring new databricks connection 'master'
[0m13:10:21.343890 [info ] [MainThread]: 
[0m13:10:21.344582 [info ] [MainThread]: Finished running 2 sources in 0 hours 0 minutes and 0.17 seconds (0.17s).
[0m13:10:21.384016 [debug] [MainThread]: Wrote artifact WritableManifest to /Workspace/Users/iamnovaryn@gmail.com/DataBricks_Project/globalmart_dbt/target/manifest.json
[0m13:10:21.386595 [debug] [MainThread]: Wrote artifact SemanticManifest to /Workspace/Users/iamnovaryn@gmail.com/DataBricks_Project/globalmart_dbt/target/semantic_manifest.json
[0m13:10:21.390103 [debug] [MainThread]: Wrote artifact FreshnessResult to /Workspace/Users/iamnovaryn@gmail.com/DataBricks_Project/globalmart_dbt/target/sources.json
[0m13:10:21.390782 [info ] [MainThread]: 
[0m13:10:21.391740 [error] [MainThread]:   Database Error in source bronze_orders (models/staging/src_bronze.yml)
  Database Error
    Database Error
      Error during request to server: : Provided access token does not have required scopes: sql. 
[0m13:10:21.392506 [info ] [MainThread]: 
[0m13:10:21.393604 [error] [MainThread]:   Database Error in source orders_partitioned (models/staging/src_bronze.yml)
  Database Error
    Database Error
      Error during request to server: : Provided access token does not have required scopes: sql. 
[0m13:10:21.394501 [info ] [MainThread]: Done.
[0m13:10:21.395867 [debug] [MainThread]: Resource report: {"command_name": "freshness", "command_success": false, "command_wall_clock_time": 3.4235957, "process_in_blocks": "408", "process_kernel_time": 0.380296, "process_mem_max_rss": "244516", "process_out_blocks": "296", "process_user_time": 4.455217}
[0m13:10:21.396802 [debug] [MainThread]: Command `dbt source freshness` failed at 13:10:21.396683 after 3.42 seconds
[0m13:10:21.397521 [debug] [MainThread]: Sending event: {'category': 'dbt', 'action': 'invocation', 'label': 'end', 'context': [<snowplow_tracker.self_describing_json.SelfDescribingJson object at 0xff5e63e234a0>, <snowplow_tracker.self_describing_json.SelfDescribingJson object at 0xff5e629417c0>, <snowplow_tracker.self_describing_json.SelfDescribingJson object at 0xff5e5f5f32c0>]}
[0m13:10:21.398228 [debug] [MainThread]: Flushing usage events
[0m13:10:21.458421 [debug] [MainThread]: An error was encountered while trying to flush usage events
[0m13:17:31.638286 [debug] [MainThread]: Sending event: {'category': 'dbt', 'action': 'invocation', 'label': 'start', 'context': [<snowplow_tracker.self_describing_json.SelfDescribingJson object at 0xff78e181afc0>, <snowplow_tracker.self_describing_json.SelfDescribingJson object at 0xff78e18186e0>, <snowplow_tracker.self_describing_json.SelfDescribingJson object at 0xff78e181b860>]}


============================== 13:17:31.641656 | d9639847-274a-424e-b405-2fa5ab4fd937 ==============================
[0m13:17:31.641656 [info ] [MainThread]: Running with dbt=1.10.8
[0m13:17:31.642682 [debug] [MainThread]: running dbt with arguments {'printer_width': '80', 'indirect_selection': 'eager', 'write_json': 'True', 'log_cache_events': 'False', 'partial_parse': 'True', 'cache_selected_only': 'False', 'profiles_dir': '/home/spark-ab5a6026-4479-441f-98a0-cb/.dbt', 'fail_fast': 'False', 'debug': 'False', 'log_path': '/Workspace/Users/iamnovaryn@gmail.com/DataBricks_Project/globalmart_dbt/logs', 'version_check': 'True', 'warn_error': 'None', 'use_colors': 'True', 'use_experimental_parser': 'False', 'empty': 'None', 'quiet': 'False', 'no_print': 'None', 'warn_error_options': 'WarnErrorOptionsV2(error=[], warn=[], silence=[])', 'introspect': 'True', 'static_parser': 'True', 'log_format': 'default', 'target_path': 'None', 'invocation_command': 'dbt debug --target dev', 'send_anonymous_usage_stats': 'True'}
[0m13:17:31.651492 [info ] [MainThread]: dbt version: 1.10.8
[0m13:17:31.652282 [info ] [MainThread]: python version: 3.12.3
[0m13:17:31.653306 [info ] [MainThread]: python path: /local_disk0/.ephemeral_nfs/envs/pythonEnv-ab5a6026-4479-441f-98a0-cbc1a65297fe/bin/python
[0m13:17:31.654057 [info ] [MainThread]: os info: Linux-6.1.172-216.329.amzn2023.aarch64-aarch64-with-glibc2.39
[0m13:17:32.420354 [debug] [MainThread]: Spark adapter: Setting pyhive.hive logging to ERROR
[0m13:17:32.424195 [debug] [MainThread]: Spark adapter: Setting thrift.transport logging to ERROR
[0m13:17:32.424966 [debug] [MainThread]: Spark adapter: Setting thrift.protocol logging to ERROR
[0m13:17:32.928861 [info ] [MainThread]: Using profiles dir at /home/spark-ab5a6026-4479-441f-98a0-cb/.dbt
[0m13:17:32.929909 [info ] [MainThread]: Using profiles.yml file at /home/spark-ab5a6026-4479-441f-98a0-cb/.dbt/profiles.yml
[0m13:17:32.930608 [info ] [MainThread]: Using dbt_project.yml file at /Workspace/Users/iamnovaryn@gmail.com/DataBricks_Project/globalmart_dbt/dbt_project.yml
[0m13:17:32.931314 [info ] [MainThread]: adapter type: databricks
[0m13:17:32.932040 [info ] [MainThread]: adapter version: 1.10.19
[0m13:17:33.061296 [info ] [MainThread]: Configuration:
[0m13:17:33.062889 [info ] [MainThread]:   profiles.yml file [[32mOK found and valid[0m]
[0m13:17:33.064324 [info ] [MainThread]:   dbt_project.yml file [[32mOK found and valid[0m]
[0m13:17:33.065656 [info ] [MainThread]: Required dependencies:
[0m13:17:33.066534 [debug] [MainThread]: Executing "git --help"
[0m13:17:33.091095 [debug] [MainThread]: STDOUT: "b"usage: git [-v | --version] [-h | --help] [-C <path>] [-c <name>=<value>]\n           [--exec-path[=<path>]] [--html-path] [--man-path] [--info-path]\n           [-p | --paginate | -P | --no-pager] [--no-replace-objects] [--no-lazy-fetch]\n           [--no-optional-locks] [--no-advice] [--bare] [--git-dir=<path>]\n           [--work-tree=<path>] [--namespace=<name>] [--config-env=<name>=<envvar>]\n           <command> [<args>]\n\nThese are common Git commands used in various situations:\n\nstart a working area (see also: git help tutorial)\n   clone      Clone a repository into a new directory\n   init       Create an empty Git repository or reinitialize an existing one\n\nwork on the current change (see also: git help everyday)\n   add        Add file contents to the index\n   mv         Move or rename a file, a directory, or a symlink\n   restore    Restore working tree files\n   rm         Remove files from the working tree and from the index\n\nexamine the history and state (see also: git help revisions)\n   bisect     Use binary search to find the commit that introduced a bug\n   diff       Show changes between commits, commit and working tree, etc\n   grep       Print lines matching a pattern\n   log        Show commit logs\n   show       Show various types of objects\n   status     Show the working tree status\n\ngrow, mark and tweak your common history\n   backfill   Download missing objects in a partial clone\n   branch     List, create, or delete branches\n   commit     Record changes to the repository\n   merge      Join two or more development histories together\n   rebase     Reapply commits on top of another base tip\n   reset      Reset current HEAD to the specified state\n   switch     Switch branches\n   tag        Create, list, delete or verify tags\n\ncollaborate (see also: git help workflows)\n   fetch      Download objects and refs from another repository\n   pull       Fetch from and integrate with another repository or a local branch\n   push       Update remote refs along with associated objects\n\n'git help -a' and 'git help -g' list available subcommands and some\nconcept guides. See 'git help <command>' or 'git help <concept>'\nto read about a specific subcommand or concept.\nSee 'git help git' for an overview of the system.\n""
[0m13:17:33.091942 [debug] [MainThread]: STDERR: "b''"
[0m13:17:33.092695 [info ] [MainThread]:  - git [[32mOK found[0m]

[0m13:17:33.093424 [info ] [MainThread]: Connection:
[0m13:17:33.094885 [info ] [MainThread]:   host: dbc-73a59226-9cbc.cloud.databricks.com
[0m13:17:33.095617 [info ] [MainThread]:   http_path: /sql/1.0/warehouses/bcfd52b943980648
[0m13:17:33.096684 [info ] [MainThread]:   catalog: globalmart
[0m13:17:33.097785 [info ] [MainThread]:   schema: bronze_dev
[0m13:17:33.099248 [info ] [MainThread]: Registered adapter: databricks=1.10.19
[0m13:17:33.206134 [debug] [MainThread]: Databricks adapter: DatabricksDBTConnection(session-id=None, name=debug) - Creating connection
[0m13:17:33.207027 [debug] [MainThread]: Acquiring new databricks connection 'debug'
[0m13:17:33.207946 [debug] [MainThread]: Using databricks connection "debug"
[0m13:17:33.208990 [debug] [MainThread]: On debug: select 1 as id
[0m13:17:33.210431 [debug] [MainThread]: Opening a new connection, currently in state init
[0m13:17:33.284291 [error] [MainThread]: databricks-sql-connector adapter: ThriftBackend.attempt_request: Exception: %s
[0m13:17:33.285489 [error] [MainThread]: Databricks adapter: Connection(session-id=Unknown) - Exception while trying to create connection: Error during request to server: : Credential was not sent or was of an unsupported type for this API.. 
Error properties: attempt=1/30, bounded-retry-delay=None, elapsed-seconds=0.049193382263183594/900.0, error-message=: Credential was not sent or was of an unsupported type for this API., http-code=401, method=OpenSession, no-retry-reason=non-retryable error, original-exception=, query-id=None, session-id=None
[0m13:17:33.287025 [debug] [MainThread]: Databricks adapter: Exception while trying to execute query
select 1 as id
: Database Error
  Error during request to server: : Credential was not sent or was of an unsupported type for this API.. 
[0m13:17:33.288397 [debug] [MainThread]: On debug: No close available on handle
[0m13:17:33.289066 [info ] [MainThread]:   Connection test: [[31mERROR[0m]

[0m13:17:33.289775 [info ] [MainThread]: [31m1 check failed:[0m
[0m13:17:33.290556 [info ] [MainThread]: dbt was unable to connect to the specified database.
The database returned the following error:

  >Database Error
  Database Error
    Error during request to server: : Credential was not sent or was of an unsupported type for this API.. 

Check your database credentials and try again. For more information, visit:
https://docs.getdbt.com/docs/configure-your-profile


[0m13:17:33.292008 [debug] [MainThread]: Resource report: {"command_name": "debug", "command_success": false, "command_wall_clock_time": 1.7908614, "process_in_blocks": "0", "process_kernel_time": 0.329305, "process_mem_max_rss": "234948", "process_out_blocks": "0", "process_user_time": 2.791823}
[0m13:17:33.292897 [debug] [MainThread]: Command `dbt debug` failed at 13:17:33.292781 after 1.79 seconds
[0m13:17:33.294155 [debug] [MainThread]: Sending event: {'category': 'dbt', 'action': 'invocation', 'label': 'end', 'context': [<snowplow_tracker.self_describing_json.SelfDescribingJson object at 0xff78e52c4710>, <snowplow_tracker.self_describing_json.SelfDescribingJson object at 0xff78ce9bbfb0>, <snowplow_tracker.self_describing_json.SelfDescribingJson object at 0xff78e0baa570>]}
[0m13:17:33.295221 [debug] [MainThread]: Flushing usage events
[0m13:17:33.362133 [debug] [MainThread]: An error was encountered while trying to flush usage events
[0m13:17:35.218655 [debug] [MainThread]: Sending event: {'category': 'dbt', 'action': 'invocation', 'label': 'start', 'context': [<snowplow_tracker.self_describing_json.SelfDescribingJson object at 0xffbf69ab21e0>, <snowplow_tracker.self_describing_json.SelfDescribingJson object at 0xffbf69664770>, <snowplow_tracker.self_describing_json.SelfDescribingJson object at 0xffbf69e52cc0>]}


============================== 13:17:35.221818 | f8920dce-abec-4286-a60c-9e39bfdc681d ==============================
[0m13:17:35.221818 [info ] [MainThread]: Running with dbt=1.10.8
[0m13:17:35.222674 [debug] [MainThread]: running dbt with arguments {'printer_width': '80', 'indirect_selection': 'eager', 'write_json': 'True', 'log_cache_events': 'False', 'partial_parse': 'True', 'cache_selected_only': 'False', 'profiles_dir': '/home/spark-ab5a6026-4479-441f-98a0-cb/.dbt', 'fail_fast': 'False', 'debug': 'False', 'log_path': '/Workspace/Users/iamnovaryn@gmail.com/DataBricks_Project/globalmart_dbt/logs', 'version_check': 'True', 'warn_error': 'None', 'use_colors': 'True', 'use_experimental_parser': 'False', 'empty': 'None', 'quiet': 'False', 'no_print': 'None', 'warn_error_options': 'WarnErrorOptionsV2(error=[], warn=[], silence=[])', 'introspect': 'True', 'static_parser': 'True', 'log_format': 'default', 'target_path': 'None', 'invocation_command': 'dbt debug --target prod', 'send_anonymous_usage_stats': 'True'}
[0m13:17:35.231242 [info ] [MainThread]: dbt version: 1.10.8
[0m13:17:35.232447 [info ] [MainThread]: python version: 3.12.3
[0m13:17:35.233228 [info ] [MainThread]: python path: /local_disk0/.ephemeral_nfs/envs/pythonEnv-ab5a6026-4479-441f-98a0-cbc1a65297fe/bin/python
[0m13:17:35.234529 [info ] [MainThread]: os info: Linux-6.1.172-216.329.amzn2023.aarch64-aarch64-with-glibc2.39
[0m13:17:35.955848 [debug] [MainThread]: Spark adapter: Setting pyhive.hive logging to ERROR
[0m13:17:35.956824 [debug] [MainThread]: Spark adapter: Setting thrift.transport logging to ERROR
[0m13:17:35.957518 [debug] [MainThread]: Spark adapter: Setting thrift.protocol logging to ERROR
[0m13:17:36.458529 [info ] [MainThread]: Using profiles dir at /home/spark-ab5a6026-4479-441f-98a0-cb/.dbt
[0m13:17:36.460157 [info ] [MainThread]: Using profiles.yml file at /home/spark-ab5a6026-4479-441f-98a0-cb/.dbt/profiles.yml
[0m13:17:36.460872 [info ] [MainThread]: Using dbt_project.yml file at /Workspace/Users/iamnovaryn@gmail.com/DataBricks_Project/globalmart_dbt/dbt_project.yml
[0m13:17:36.461846 [info ] [MainThread]: adapter type: databricks
[0m13:17:36.462693 [info ] [MainThread]: adapter version: 1.10.19
[0m13:17:36.584600 [info ] [MainThread]: Configuration:
[0m13:17:36.585500 [info ] [MainThread]:   profiles.yml file [[32mOK found and valid[0m]
[0m13:17:36.586241 [info ] [MainThread]:   dbt_project.yml file [[32mOK found and valid[0m]
[0m13:17:36.587056 [info ] [MainThread]: Required dependencies:
[0m13:17:36.587797 [debug] [MainThread]: Executing "git --help"
[0m13:17:36.593419 [debug] [MainThread]: STDOUT: "b"usage: git [-v | --version] [-h | --help] [-C <path>] [-c <name>=<value>]\n           [--exec-path[=<path>]] [--html-path] [--man-path] [--info-path]\n           [-p | --paginate | -P | --no-pager] [--no-replace-objects] [--no-lazy-fetch]\n           [--no-optional-locks] [--no-advice] [--bare] [--git-dir=<path>]\n           [--work-tree=<path>] [--namespace=<name>] [--config-env=<name>=<envvar>]\n           <command> [<args>]\n\nThese are common Git commands used in various situations:\n\nstart a working area (see also: git help tutorial)\n   clone      Clone a repository into a new directory\n   init       Create an empty Git repository or reinitialize an existing one\n\nwork on the current change (see also: git help everyday)\n   add        Add file contents to the index\n   mv         Move or rename a file, a directory, or a symlink\n   restore    Restore working tree files\n   rm         Remove files from the working tree and from the index\n\nexamine the history and state (see also: git help revisions)\n   bisect     Use binary search to find the commit that introduced a bug\n   diff       Show changes between commits, commit and working tree, etc\n   grep       Print lines matching a pattern\n   log        Show commit logs\n   show       Show various types of objects\n   status     Show the working tree status\n\ngrow, mark and tweak your common history\n   backfill   Download missing objects in a partial clone\n   branch     List, create, or delete branches\n   commit     Record changes to the repository\n   merge      Join two or more development histories together\n   rebase     Reapply commits on top of another base tip\n   reset      Reset current HEAD to the specified state\n   switch     Switch branches\n   tag        Create, list, delete or verify tags\n\ncollaborate (see also: git help workflows)\n   fetch      Download objects and refs from another repository\n   pull       Fetch from and integrate with another repository or a local branch\n   push       Update remote refs along with associated objects\n\n'git help -a' and 'git help -g' list available subcommands and some\nconcept guides. See 'git help <command>' or 'git help <concept>'\nto read about a specific subcommand or concept.\nSee 'git help git' for an overview of the system.\n""
[0m13:17:36.594300 [debug] [MainThread]: STDERR: "b''"
[0m13:17:36.594904 [info ] [MainThread]:  - git [[32mOK found[0m]

[0m13:17:36.595589 [info ] [MainThread]: Connection:
[0m13:17:36.596375 [info ] [MainThread]:   host: dbc-73a59226-9cbc.cloud.databricks.com
[0m13:17:36.597068 [info ] [MainThread]:   http_path: /sql/1.0/warehouses/bcfd52b943980648
[0m13:17:36.597702 [info ] [MainThread]:   catalog: globalmart
[0m13:17:36.598488 [info ] [MainThread]:   schema: bronze
[0m13:17:36.599549 [info ] [MainThread]: Registered adapter: databricks=1.10.19
[0m13:17:36.703351 [debug] [MainThread]: Databricks adapter: DatabricksDBTConnection(session-id=None, name=debug) - Creating connection
[0m13:17:36.704292 [debug] [MainThread]: Acquiring new databricks connection 'debug'
[0m13:17:36.704972 [debug] [MainThread]: Using databricks connection "debug"
[0m13:17:36.705629 [debug] [MainThread]: On debug: select 1 as id
[0m13:17:36.706287 [debug] [MainThread]: Opening a new connection, currently in state init
[0m13:17:36.767956 [error] [MainThread]: databricks-sql-connector adapter: ThriftBackend.attempt_request: Exception: %s
[0m13:17:36.769156 [error] [MainThread]: Databricks adapter: Connection(session-id=Unknown) - Exception while trying to create connection: Error during request to server: : Credential was not sent or was of an unsupported type for this API.. 
Error properties: attempt=1/30, bounded-retry-delay=None, elapsed-seconds=0.03807830810546875/900.0, error-message=: Credential was not sent or was of an unsupported type for this API., http-code=401, method=OpenSession, no-retry-reason=non-retryable error, original-exception=, query-id=None, session-id=None
[0m13:17:36.770764 [debug] [MainThread]: Databricks adapter: Exception while trying to execute query
select 1 as id
: Database Error
  Error during request to server: : Credential was not sent or was of an unsupported type for this API.. 
[0m13:17:36.772250 [debug] [MainThread]: On debug: No close available on handle
[0m13:17:36.773206 [info ] [MainThread]:   Connection test: [[31mERROR[0m]

[0m13:17:36.775304 [info ] [MainThread]: [31m1 check failed:[0m
[0m13:17:36.776276 [info ] [MainThread]: dbt was unable to connect to the specified database.
The database returned the following error:

  >Database Error
  Database Error
    Error during request to server: : Credential was not sent or was of an unsupported type for this API.. 

Check your database credentials and try again. For more information, visit:
https://docs.getdbt.com/docs/configure-your-profile


[0m13:17:36.777907 [debug] [MainThread]: Resource report: {"command_name": "debug", "command_success": false, "command_wall_clock_time": 1.6287277, "process_in_blocks": "0", "process_kernel_time": 0.33681, "process_mem_max_rss": "234940", "process_out_blocks": "0", "process_user_time": 2.76383}
[0m13:17:36.779244 [debug] [MainThread]: Command `dbt debug` failed at 13:17:36.778994 after 1.63 seconds
[0m13:17:36.780195 [debug] [MainThread]: Sending event: {'category': 'dbt', 'action': 'invocation', 'label': 'end', 'context': [<snowplow_tracker.self_describing_json.SelfDescribingJson object at 0xffbf68b45df0>, <snowplow_tracker.self_describing_json.SelfDescribingJson object at 0xffbf56de36b0>, <snowplow_tracker.self_describing_json.SelfDescribingJson object at 0xffbf58893bc0>]}
[0m13:17:36.781087 [debug] [MainThread]: Flushing usage events
[0m13:17:36.841823 [debug] [MainThread]: An error was encountered while trying to flush usage events
[0m13:17:38.745403 [debug] [MainThread]: Sending event: {'category': 'dbt', 'action': 'invocation', 'label': 'start', 'context': [<snowplow_tracker.self_describing_json.SelfDescribingJson object at 0xff61aef78860>, <snowplow_tracker.self_describing_json.SelfDescribingJson object at 0xff61aefe8620>, <snowplow_tracker.self_describing_json.SelfDescribingJson object at 0xff61aef7b230>]}


============================== 13:17:38.748412 | 4866fbef-c272-4752-a086-e4742a24e304 ==============================
[0m13:17:38.748412 [info ] [MainThread]: Running with dbt=1.10.8
[0m13:17:38.749861 [debug] [MainThread]: running dbt with arguments {'printer_width': '80', 'indirect_selection': 'eager', 'write_json': 'True', 'log_cache_events': 'False', 'partial_parse': 'True', 'cache_selected_only': 'False', 'profiles_dir': '/home/spark-ab5a6026-4479-441f-98a0-cb/.dbt', 'fail_fast': 'False', 'debug': 'False', 'log_path': '/Workspace/Users/iamnovaryn@gmail.com/DataBricks_Project/globalmart_dbt/logs', 'version_check': 'True', 'warn_error': 'None', 'use_colors': 'True', 'use_experimental_parser': 'False', 'empty': 'None', 'quiet': 'False', 'no_print': 'None', 'warn_error_options': 'WarnErrorOptionsV2(error=[], warn=[], silence=[])', 'introspect': 'True', 'static_parser': 'True', 'log_format': 'default', 'target_path': 'None', 'invocation_command': 'dbt source freshness', 'send_anonymous_usage_stats': 'True'}
[0m13:17:39.513040 [debug] [MainThread]: Spark adapter: Setting pyhive.hive logging to ERROR
[0m13:17:39.514047 [debug] [MainThread]: Spark adapter: Setting thrift.transport logging to ERROR
[0m13:17:39.514779 [debug] [MainThread]: Spark adapter: Setting thrift.protocol logging to ERROR
[0m13:17:40.192706 [debug] [MainThread]: Sending event: {'category': 'dbt', 'action': 'project_id', 'label': '4866fbef-c272-4752-a086-e4742a24e304', 'context': [<snowplow_tracker.self_describing_json.SelfDescribingJson object at 0xff61b0bc31d0>]}
[0m13:17:40.284446 [debug] [MainThread]: Sending event: {'category': 'dbt', 'action': 'adapter_info', 'label': '4866fbef-c272-4752-a086-e4742a24e304', 'context': [<snowplow_tracker.self_describing_json.SelfDescribingJson object at 0xff61aef16de0>]}
[0m13:17:40.285925 [info ] [MainThread]: Registered adapter: databricks=1.10.19
[0m13:17:40.417138 [debug] [MainThread]: checksum: 265d66e81f90af29a7a28579c9b54d938c94f4a57c57be5f853267ae509b5fcb, vars: {}, profile: , target: , version: 1.10.8
[0m13:17:40.644576 [debug] [MainThread]: Partial parsing enabled: 0 files deleted, 0 files added, 0 files changed.
[0m13:17:40.645396 [debug] [MainThread]: Partial parsing enabled, no changes found, skipping parsing
[0m13:17:40.646442 [warn ] [MainThread]: [[33mWARNING[0m]: Configuration paths exist in your dbt_project.yml file which do not apply to any resources.
There are 2 unused configuration paths:
- models.globalmart_dbt.staging
- models.globalmart_dbt.marts
[0m13:17:40.661711 [debug] [MainThread]: Sending event: {'category': 'dbt', 'action': 'load_project', 'label': '4866fbef-c272-4752-a086-e4742a24e304', 'context': [<snowplow_tracker.self_describing_json.SelfDescribingJson object at 0xff619b5bfc20>]}
[0m13:17:40.756855 [debug] [MainThread]: Wrote artifact WritableManifest to /Workspace/Users/iamnovaryn@gmail.com/DataBricks_Project/globalmart_dbt/target/manifest.json
[0m13:17:40.786165 [debug] [MainThread]: Wrote artifact SemanticManifest to /Workspace/Users/iamnovaryn@gmail.com/DataBricks_Project/globalmart_dbt/target/semantic_manifest.json
[0m13:17:40.846583 [debug] [MainThread]: Sending event: {'category': 'dbt', 'action': 'resource_counts', 'label': '4866fbef-c272-4752-a086-e4742a24e304', 'context': [<snowplow_tracker.self_describing_json.SelfDescribingJson object at 0xff619aba4dd0>]}
[0m13:17:40.847608 [info ] [MainThread]: Found 2 sources, 690 macros
[0m13:17:40.848797 [debug] [MainThread]: Sending event: {'category': 'dbt', 'action': 'runnable_timing', 'label': '4866fbef-c272-4752-a086-e4742a24e304', 'context': [<snowplow_tracker.self_describing_json.SelfDescribingJson object at 0xff619ca04bf0>]}
[0m13:17:40.851745 [info ] [MainThread]: 
[0m13:17:40.852735 [info ] [MainThread]: Concurrency: 4 threads (target='dev')
[0m13:17:40.853719 [info ] [MainThread]: 
[0m13:17:40.855086 [debug] [MainThread]: Databricks adapter: DatabricksDBTConnection(session-id=None, name=master) - Creating connection
[0m13:17:40.855773 [debug] [MainThread]: Acquiring new databricks connection 'master'
[0m13:17:40.856572 [debug] [MainThread]: Sending event: {'category': 'dbt', 'action': 'runnable_timing', 'label': '4866fbef-c272-4752-a086-e4742a24e304', 'context': [<snowplow_tracker.self_describing_json.SelfDescribingJson object at 0xff619b3ecb60>]}
[0m13:17:40.859286 [debug] [Thread-1 (]: Began running node source.globalmart_dbt.bronze.bronze_orders
[0m13:17:40.859887 [debug] [Thread-2 (]: Began running node source.globalmart_dbt.bronze.orders_partitioned
[0m13:17:40.860936 [info ] [Thread-1 (]: 1 of 2 START freshness of bronze.bronze_orders ................................. [RUN]
[0m13:17:40.862353 [info ] [Thread-2 (]: 2 of 2 START freshness of bronze.orders_partitioned ............................ [RUN]
[0m13:17:40.863261 [debug] [Thread-1 (]: Databricks adapter: DatabricksDBTConnection(session-id=None, name=source.globalmart_dbt.bronze.bronze_orders) - Creating connection
[0m13:17:40.866157 [debug] [Thread-2 (]: Databricks adapter: DatabricksDBTConnection(session-id=None, name=source.globalmart_dbt.bronze.orders_partitioned) - Creating connection
[0m13:17:40.866916 [debug] [Thread-1 (]: Acquiring new databricks connection 'source.globalmart_dbt.bronze.bronze_orders'
[0m13:17:40.867638 [debug] [Thread-2 (]: Acquiring new databricks connection 'source.globalmart_dbt.bronze.orders_partitioned'
[0m13:17:40.868435 [debug] [Thread-1 (]: Began compiling node source.globalmart_dbt.bronze.bronze_orders
[0m13:17:40.869149 [debug] [Thread-2 (]: Began compiling node source.globalmart_dbt.bronze.orders_partitioned
[0m13:17:40.869931 [debug] [Thread-1 (]: Began executing node source.globalmart_dbt.bronze.bronze_orders
[0m13:17:40.870683 [debug] [Thread-2 (]: Began executing node source.globalmart_dbt.bronze.orders_partitioned
[0m13:17:40.891439 [debug] [Thread-1 (]: Using databricks connection "source.globalmart_dbt.bronze.bronze_orders"
[0m13:17:40.894469 [debug] [Thread-2 (]: Using databricks connection "source.globalmart_dbt.bronze.orders_partitioned"
[0m13:17:40.895239 [debug] [Thread-1 (]: On source.globalmart_dbt.bronze.bronze_orders: /* {"app": "dbt", "dbt_version": "1.10.8", "dbt_databricks_version": "1.10.19", "databricks_sql_connector_version": "4.0.5", "profile_name": "globalmart_dbt", "target_name": "dev", "node_id": "source.globalmart_dbt.bronze.bronze_orders"} */
select
      max(_ingested_at) as max_loaded_at,
      current_timestamp() as snapshotted_at
    from `globalmart`.`bronze`.`bronze_orders`
    
  
[0m13:17:40.896010 [debug] [Thread-2 (]: On source.globalmart_dbt.bronze.orders_partitioned: /* {"app": "dbt", "dbt_version": "1.10.8", "dbt_databricks_version": "1.10.19", "databricks_sql_connector_version": "4.0.5", "profile_name": "globalmart_dbt", "target_name": "dev", "node_id": "source.globalmart_dbt.bronze.orders_partitioned"} */
select
      max(_ingested_at) as max_loaded_at,
      current_timestamp() as snapshotted_at
    from `globalmart`.`bronze`.`orders_partitioned`
    
  
[0m13:17:40.896710 [debug] [Thread-1 (]: Opening a new connection, currently in state init
[0m13:17:40.897974 [debug] [Thread-2 (]: Opening a new connection, currently in state init
[0m13:17:40.993614 [error] [Thread-2 (]: databricks-sql-connector adapter: ThriftBackend.attempt_request: Exception: %s
[0m13:17:40.995060 [error] [Thread-2 (]: Databricks adapter: Connection(session-id=Unknown) - Exception while trying to create connection: Error during request to server: : Credential was not sent or was of an unsupported type for this API.. 
Error properties: attempt=1/30, bounded-retry-delay=None, elapsed-seconds=0.0580751895904541/900.0, error-message=: Credential was not sent or was of an unsupported type for this API., http-code=401, method=OpenSession, no-retry-reason=non-retryable error, original-exception=, query-id=None, session-id=None
[0m13:17:40.995625 [error] [Thread-1 (]: databricks-sql-connector adapter: ThriftBackend.attempt_request: Exception: %s
[0m13:17:40.996567 [debug] [Thread-2 (]: Databricks adapter: Exception while trying to execute query
/* {"app": "dbt", "dbt_version": "1.10.8", "dbt_databricks_version": "1.10.19", "databricks_sql_connector_version": "4.0.5", "profile_name": "globalmart_dbt", "target_name": "dev", "node_id": "source.globalmart_dbt.bronze.orders_partitioned"} */
select
      max(_ingested_at) as max_loaded_at,
      current_timestamp() as snapshotted_at
    from `globalmart`.`bronze`.`orders_partitioned`
    
  
: Database Error
  Error during request to server: : Credential was not sent or was of an unsupported type for this API.. 
[0m13:17:40.998522 [debug] [Thread-2 (]: Databricks adapter: Exception while trying to execute query
macro collect_freshness
: Database Error
  Database Error
    Error during request to server: : Credential was not sent or was of an unsupported type for this API.. 
[0m13:17:40.999441 [debug] [Thread-2 (]: On source.globalmart_dbt.bronze.orders_partitioned: No close available on handle
[0m13:17:40.997479 [error] [Thread-1 (]: Databricks adapter: Connection(session-id=Unknown) - Exception while trying to create connection: Error during request to server: : Credential was not sent or was of an unsupported type for this API.. 
Error properties: attempt=1/30, bounded-retry-delay=None, elapsed-seconds=0.056410789489746094/900.0, error-message=: Credential was not sent or was of an unsupported type for this API., http-code=401, method=OpenSession, no-retry-reason=non-retryable error, original-exception=, query-id=None, session-id=None
[0m13:17:41.002589 [debug] [Thread-1 (]: Databricks adapter: Exception while trying to execute query
/* {"app": "dbt", "dbt_version": "1.10.8", "dbt_databricks_version": "1.10.19", "databricks_sql_connector_version": "4.0.5", "profile_name": "globalmart_dbt", "target_name": "dev", "node_id": "source.globalmart_dbt.bronze.bronze_orders"} */
select
      max(_ingested_at) as max_loaded_at,
      current_timestamp() as snapshotted_at
    from `globalmart`.`bronze`.`bronze_orders`
    
  
: Database Error
  Error during request to server: : Credential was not sent or was of an unsupported type for this API.. 
[0m13:17:41.003913 [debug] [Thread-1 (]: Databricks adapter: Exception while trying to execute query
macro collect_freshness
: Database Error
  Database Error
    Error during request to server: : Credential was not sent or was of an unsupported type for this API.. 
[0m13:17:41.005158 [debug] [Thread-1 (]: On source.globalmart_dbt.bronze.bronze_orders: No close available on handle
[0m13:17:41.017660 [debug] [Thread-1 (]: Database Error in source bronze_orders (models/staging/src_bronze.yml)
  Database Error
    Database Error
      Error during request to server: : Credential was not sent or was of an unsupported type for this API.. 
[0m13:17:41.018755 [debug] [Thread-2 (]: Database Error in source orders_partitioned (models/staging/src_bronze.yml)
  Database Error
    Database Error
      Error during request to server: : Credential was not sent or was of an unsupported type for this API.. 
[0m13:17:41.019585 [error] [Thread-1 (]: 1 of 2 ERROR freshness of bronze.bronze_orders ................................. [[31mERROR[0m in 0.16s]
[0m13:17:41.021122 [error] [Thread-2 (]: 2 of 2 ERROR freshness of bronze.orders_partitioned ............................ [[31mERROR[0m in 0.16s]
[0m13:17:41.022931 [debug] [Thread-1 (]: Finished running node source.globalmart_dbt.bronze.bronze_orders
[0m13:17:41.024447 [debug] [Thread-2 (]: Finished running node source.globalmart_dbt.bronze.orders_partitioned
[0m13:17:41.026228 [debug] [MainThread]: Databricks adapter: DatabricksDBTConnection(session-id=None, name=master) - Creating connection
[0m13:17:41.026962 [debug] [MainThread]: Acquiring new databricks connection 'master'
[0m13:17:41.027855 [info ] [MainThread]: 
[0m13:17:41.028620 [info ] [MainThread]: Finished running 2 sources in 0 hours 0 minutes and 0.17 seconds (0.17s).
[0m13:17:41.066881 [debug] [MainThread]: Wrote artifact WritableManifest to /Workspace/Users/iamnovaryn@gmail.com/DataBricks_Project/globalmart_dbt/target/manifest.json
[0m13:17:41.069931 [debug] [MainThread]: Wrote artifact SemanticManifest to /Workspace/Users/iamnovaryn@gmail.com/DataBricks_Project/globalmart_dbt/target/semantic_manifest.json
[0m13:17:41.100544 [debug] [MainThread]: Wrote artifact FreshnessResult to /Workspace/Users/iamnovaryn@gmail.com/DataBricks_Project/globalmart_dbt/target/sources.json
[0m13:17:41.101237 [info ] [MainThread]: 
[0m13:17:41.102010 [error] [MainThread]:   Database Error in source bronze_orders (models/staging/src_bronze.yml)
  Database Error
    Database Error
      Error during request to server: : Credential was not sent or was of an unsupported type for this API.. 
[0m13:17:41.102706 [info ] [MainThread]: 
[0m13:17:41.104809 [error] [MainThread]:   Database Error in source orders_partitioned (models/staging/src_bronze.yml)
  Database Error
    Database Error
      Error during request to server: : Credential was not sent or was of an unsupported type for this API.. 
[0m13:17:41.106254 [info ] [MainThread]: Done.
[0m13:17:41.109391 [debug] [MainThread]: Resource report: {"command_name": "freshness", "command_success": false, "command_wall_clock_time": 2.4318836, "process_in_blocks": "0", "process_kernel_time": 0.346196, "process_mem_max_rss": "243132", "process_out_blocks": "0", "process_user_time": 3.274028}
[0m13:17:41.110238 [debug] [MainThread]: Command `dbt source freshness` failed at 13:17:41.110134 after 2.43 seconds
[0m13:17:41.110921 [debug] [MainThread]: Sending event: {'category': 'dbt', 'action': 'invocation', 'label': 'end', 'context': [<snowplow_tracker.self_describing_json.SelfDescribingJson object at 0xff619ad38b30>, <snowplow_tracker.self_describing_json.SelfDescribingJson object at 0xff619afe3a70>, <snowplow_tracker.self_describing_json.SelfDescribingJson object at 0xff61ae245070>]}
[0m13:17:41.111633 [debug] [MainThread]: Flushing usage events
[0m13:17:41.171108 [debug] [MainThread]: An error was encountered while trying to flush usage events
[0m13:19:34.339681 [debug] [MainThread]: Sending event: {'category': 'dbt', 'action': 'invocation', 'label': 'start', 'context': [<snowplow_tracker.self_describing_json.SelfDescribingJson object at 0xff3587b85220>, <snowplow_tracker.self_describing_json.SelfDescribingJson object at 0xff3587677890>, <snowplow_tracker.self_describing_json.SelfDescribingJson object at 0xff35878ef230>]}


============================== 13:19:34.343020 | bea4e75f-a852-48a6-8ee0-b1f842037f8d ==============================
[0m13:19:34.343020 [info ] [MainThread]: Running with dbt=1.10.8
[0m13:19:34.343953 [debug] [MainThread]: running dbt with arguments {'printer_width': '80', 'indirect_selection': 'eager', 'write_json': 'True', 'log_cache_events': 'False', 'partial_parse': 'True', 'cache_selected_only': 'False', 'profiles_dir': '/home/spark-ab5a6026-4479-441f-98a0-cb/.dbt', 'fail_fast': 'False', 'debug': 'False', 'log_path': '/Workspace/Users/iamnovaryn@gmail.com/DataBricks_Project/globalmart_dbt/logs', 'version_check': 'True', 'warn_error': 'None', 'use_colors': 'True', 'use_experimental_parser': 'False', 'empty': 'None', 'quiet': 'False', 'no_print': 'None', 'warn_error_options': 'WarnErrorOptionsV2(error=[], warn=[], silence=[])', 'introspect': 'True', 'static_parser': 'True', 'log_format': 'default', 'target_path': 'None', 'invocation_command': 'dbt debug --target dev', 'send_anonymous_usage_stats': 'True'}
[0m13:19:34.352647 [info ] [MainThread]: dbt version: 1.10.8
[0m13:19:34.353323 [info ] [MainThread]: python version: 3.12.3
[0m13:19:34.353989 [info ] [MainThread]: python path: /local_disk0/.ephemeral_nfs/envs/pythonEnv-ab5a6026-4479-441f-98a0-cbc1a65297fe/bin/python
[0m13:19:34.354618 [info ] [MainThread]: os info: Linux-6.1.172-216.329.amzn2023.aarch64-aarch64-with-glibc2.39
[0m13:19:35.139174 [debug] [MainThread]: Spark adapter: Setting pyhive.hive logging to ERROR
[0m13:19:35.140238 [debug] [MainThread]: Spark adapter: Setting thrift.transport logging to ERROR
[0m13:19:35.140907 [debug] [MainThread]: Spark adapter: Setting thrift.protocol logging to ERROR
[0m13:21:32.006282 [error] [MainThread]: Encountered an error:

[0m13:21:32.030431 [error] [MainThread]: Traceback (most recent call last):
  File "/local_disk0/.ephemeral_nfs/envs/pythonEnv-ab5a6026-4479-441f-98a0-cbc1a65297fe/lib/python3.12/site-packages/dbt/cli/requires.py", line 178, in wrapper
    result, success = func(*args, **kwargs)
                      ^^^^^^^^^^^^^^^^^^^^^
  File "/local_disk0/.ephemeral_nfs/envs/pythonEnv-ab5a6026-4479-441f-98a0-cbc1a65297fe/lib/python3.12/site-packages/dbt/cli/requires.py", line 128, in wrapper
    return func(*args, **kwargs)
           ^^^^^^^^^^^^^^^^^^^^^
  File "/local_disk0/.ephemeral_nfs/envs/pythonEnv-ab5a6026-4479-441f-98a0-cbc1a65297fe/lib/python3.12/site-packages/dbt/cli/main.py", line 420, in debug
    results = task.run()
              ^^^^^^^^^^
  File "/local_disk0/.ephemeral_nfs/envs/pythonEnv-ab5a6026-4479-441f-98a0-cbc1a65297fe/lib/python3.12/site-packages/dbt/task/debug.py", line 114, in run
    load_profile_status: SubtaskStatus = self._load_profile()
                                         ^^^^^^^^^^^^^^^^^^^^
  File "/local_disk0/.ephemeral_nfs/envs/pythonEnv-ab5a6026-4479-441f-98a0-cbc1a65297fe/lib/python3.12/site-packages/dbt/task/debug.py", line 205, in _load_profile
    profile: Profile = Profile.render(
                       ^^^^^^^^^^^^^^^
  File "/local_disk0/.ephemeral_nfs/envs/pythonEnv-ab5a6026-4479-441f-98a0-cbc1a65297fe/lib/python3.12/site-packages/dbt/config/profile.py", line 402, in render
    return cls.from_raw_profiles(
           ^^^^^^^^^^^^^^^^^^^^^^
  File "/local_disk0/.ephemeral_nfs/envs/pythonEnv-ab5a6026-4479-441f-98a0-cbc1a65297fe/lib/python3.12/site-packages/dbt/config/profile.py", line 368, in from_raw_profiles
    return cls.from_raw_profile_info(
           ^^^^^^^^^^^^^^^^^^^^^^^^^^
  File "/local_disk0/.ephemeral_nfs/envs/pythonEnv-ab5a6026-4479-441f-98a0-cbc1a65297fe/lib/python3.12/site-packages/dbt/config/profile.py", line 324, in from_raw_profile_info
    credentials: Credentials = cls._credentials_from_profile(
                               ^^^^^^^^^^^^^^^^^^^^^^^^^^^^^^
  File "/local_disk0/.ephemeral_nfs/envs/pythonEnv-ab5a6026-4479-441f-98a0-cbc1a65297fe/lib/python3.12/site-packages/dbt/config/profile.py", line 151, in _credentials_from_profile
    credentials = cls.from_dict(data)
                  ^^^^^^^^^^^^^^^^^^^
  File "<string>", line 4, in __mashumaro_from_dict__
  File "<string>", line 102, in __mashumaro_from_dict__
  File "<string>", line 23, in __init__
  File "/local_disk0/.ephemeral_nfs/envs/pythonEnv-ab5a6026-4479-441f-98a0-cbc1a65297fe/lib/python3.12/site-packages/dbt/adapters/databricks/credentials.py", line 130, in __post_init__
    self._credentials_manager = DatabricksCredentialManager.create_from(self)
                                ^^^^^^^^^^^^^^^^^^^^^^^^^^^^^^^^^^^^^^^^^^^^^
  File "/local_disk0/.ephemeral_nfs/envs/pythonEnv-ab5a6026-4479-441f-98a0-cbc1a65297fe/lib/python3.12/site-packages/dbt/adapters/databricks/credentials.py", line 280, in create_from
    return DatabricksCredentialManager(
           ^^^^^^^^^^^^^^^^^^^^^^^^^^^^
  File "<string>", line 12, in __init__
  File "/local_disk0/.ephemeral_nfs/envs/pythonEnv-ab5a6026-4479-441f-98a0-cbc1a65297fe/lib/python3.12/site-packages/dbt/adapters/databricks/credentials.py", line 341, in __post_init__
    self._config = self.authenticate_with_external_browser()
                   ^^^^^^^^^^^^^^^^^^^^^^^^^^^^^^^^^^^^^^^^^
  File "/local_disk0/.ephemeral_nfs/envs/pythonEnv-ab5a6026-4479-441f-98a0-cbc1a65297fe/lib/python3.12/site-packages/dbt/adapters/databricks/credentials.py", line 307, in authenticate_with_external_browser
    return Config(
           ^^^^^^^
  File "/local_disk0/.ephemeral_nfs/envs/pythonEnv-ab5a6026-4479-441f-98a0-cbc1a65297fe/lib/python3.12/site-packages/databricks/sdk/config.py", line 197, in __init__
    self.init_auth()
  File "/local_disk0/.ephemeral_nfs/envs/pythonEnv-ab5a6026-4479-441f-98a0-cbc1a65297fe/lib/python3.12/site-packages/databricks/sdk/config.py", line 533, in init_auth
    self._header_factory = self._credentials_strategy(self)
                           ^^^^^^^^^^^^^^^^^^^^^^^^^^^^^^^^
  File "/local_disk0/.ephemeral_nfs/envs/pythonEnv-ab5a6026-4479-441f-98a0-cbc1a65297fe/lib/python3.12/site-packages/databricks/sdk/credentials_provider.py", line 1052, in __call__
    header_factory = provider(cfg)
                     ^^^^^^^^^^^^^
  File "/local_disk0/.ephemeral_nfs/envs/pythonEnv-ab5a6026-4479-441f-98a0-cbc1a65297fe/lib/python3.12/site-packages/databricks/sdk/credentials_provider.py", line 95, in wrapper
    return func(cfg)
           ^^^^^^^^^
  File "/local_disk0/.ephemeral_nfs/envs/pythonEnv-ab5a6026-4479-441f-98a0-cbc1a65297fe/lib/python3.12/site-packages/databricks/sdk/credentials_provider.py", line 251, in external_browser
    credentials = consent.launch_external_browser()
                  ^^^^^^^^^^^^^^^^^^^^^^^^^^^^^^^^^
  File "/local_disk0/.ephemeral_nfs/envs/pythonEnv-ab5a6026-4479-441f-98a0-cbc1a65297fe/lib/python3.12/site-packages/databricks/sdk/oauth.py", line 548, in launch_external_browser
    httpd.handle_request()
  File "/usr/lib/python3.12/socketserver.py", line 297, in handle_request
    if selector.select(timeout):
       ^^^^^^^^^^^^^^^^^^^^^^^^
  File "/usr/lib/python3.12/selectors.py", line 415, in select
    fd_event_list = self._selector.poll(timeout)
                    ^^^^^^^^^^^^^^^^^^^^^^^^^^^^
KeyboardInterrupt

[0m13:21:32.033116 [debug] [MainThread]: Resource report: {"command_name": "debug", "command_success": false, "command_wall_clock_time": 117.84429, "process_in_blocks": "56", "process_kernel_time": 0.238058, "process_mem_max_rss": "234948", "process_out_blocks": "0", "process_user_time": 2.670394}
[0m13:21:32.033992 [debug] [MainThread]: Command `dbt debug` failed at 13:21:32.033877 after 117.85 seconds
[0m13:21:32.034680 [debug] [MainThread]: Sending event: {'category': 'dbt', 'action': 'invocation', 'label': 'end', 'context': [<snowplow_tracker.self_describing_json.SelfDescribingJson object at 0xff3586ea85f0>, <snowplow_tracker.self_describing_json.SelfDescribingJson object at 0xff3573abfe60>, <snowplow_tracker.self_describing_json.SelfDescribingJson object at 0xff3573dce630>]}
[0m13:21:32.035454 [debug] [MainThread]: Flushing usage events
[0m13:21:32.100685 [debug] [MainThread]: An error was encountered while trying to flush usage events
[0m13:21:38.529377 [debug] [MainThread]: Sending event: {'category': 'dbt', 'action': 'invocation', 'label': 'start', 'context': [<snowplow_tracker.self_describing_json.SelfDescribingJson object at 0xff9346193230>, <snowplow_tracker.self_describing_json.SelfDescribingJson object at 0xff9345496270>, <snowplow_tracker.self_describing_json.SelfDescribingJson object at 0xff9346ff6b70>]}


============================== 13:21:38.532780 | a76a22f9-bf60-4c29-89aa-fae76c7b93be ==============================
[0m13:21:38.532780 [info ] [MainThread]: Running with dbt=1.10.8
[0m13:21:38.533823 [debug] [MainThread]: running dbt with arguments {'printer_width': '80', 'indirect_selection': 'eager', 'write_json': 'True', 'log_cache_events': 'False', 'partial_parse': 'True', 'cache_selected_only': 'False', 'profiles_dir': '/home/spark-ab5a6026-4479-441f-98a0-cb/.dbt', 'fail_fast': 'False', 'debug': 'False', 'log_path': '/Workspace/Users/iamnovaryn@gmail.com/DataBricks_Project/globalmart_dbt/logs', 'version_check': 'True', 'warn_error': 'None', 'use_colors': 'True', 'use_experimental_parser': 'False', 'empty': 'None', 'quiet': 'False', 'no_print': 'None', 'warn_error_options': 'WarnErrorOptionsV2(error=[], warn=[], silence=[])', 'introspect': 'True', 'static_parser': 'True', 'log_format': 'default', 'target_path': 'None', 'invocation_command': 'dbt debug --target dev', 'send_anonymous_usage_stats': 'True'}
[0m13:21:38.542613 [info ] [MainThread]: dbt version: 1.10.8
[0m13:21:38.543420 [info ] [MainThread]: python version: 3.12.3
[0m13:21:38.544126 [info ] [MainThread]: python path: /local_disk0/.ephemeral_nfs/envs/pythonEnv-ab5a6026-4479-441f-98a0-cbc1a65297fe/bin/python
[0m13:21:38.544833 [info ] [MainThread]: os info: Linux-6.1.172-216.329.amzn2023.aarch64-aarch64-with-glibc2.39
[0m13:21:39.289539 [debug] [MainThread]: Spark adapter: Setting pyhive.hive logging to ERROR
[0m13:21:39.290541 [debug] [MainThread]: Spark adapter: Setting thrift.transport logging to ERROR
[0m13:21:39.291296 [debug] [MainThread]: Spark adapter: Setting thrift.protocol logging to ERROR
[0m13:24:17.685588 [error] [MainThread]: Encountered an error:

[0m13:24:17.690029 [error] [MainThread]: Traceback (most recent call last):
  File "/local_disk0/.ephemeral_nfs/envs/pythonEnv-ab5a6026-4479-441f-98a0-cbc1a65297fe/lib/python3.12/site-packages/dbt/cli/requires.py", line 178, in wrapper
    result, success = func(*args, **kwargs)
                      ^^^^^^^^^^^^^^^^^^^^^
  File "/local_disk0/.ephemeral_nfs/envs/pythonEnv-ab5a6026-4479-441f-98a0-cbc1a65297fe/lib/python3.12/site-packages/dbt/cli/requires.py", line 128, in wrapper
    return func(*args, **kwargs)
           ^^^^^^^^^^^^^^^^^^^^^
  File "/local_disk0/.ephemeral_nfs/envs/pythonEnv-ab5a6026-4479-441f-98a0-cbc1a65297fe/lib/python3.12/site-packages/dbt/cli/main.py", line 420, in debug
    results = task.run()
              ^^^^^^^^^^
  File "/local_disk0/.ephemeral_nfs/envs/pythonEnv-ab5a6026-4479-441f-98a0-cbc1a65297fe/lib/python3.12/site-packages/dbt/task/debug.py", line 114, in run
    load_profile_status: SubtaskStatus = self._load_profile()
                                         ^^^^^^^^^^^^^^^^^^^^
  File "/local_disk0/.ephemeral_nfs/envs/pythonEnv-ab5a6026-4479-441f-98a0-cbc1a65297fe/lib/python3.12/site-packages/dbt/task/debug.py", line 205, in _load_profile
    profile: Profile = Profile.render(
                       ^^^^^^^^^^^^^^^
  File "/local_disk0/.ephemeral_nfs/envs/pythonEnv-ab5a6026-4479-441f-98a0-cbc1a65297fe/lib/python3.12/site-packages/dbt/config/profile.py", line 402, in render
    return cls.from_raw_profiles(
           ^^^^^^^^^^^^^^^^^^^^^^
  File "/local_disk0/.ephemeral_nfs/envs/pythonEnv-ab5a6026-4479-441f-98a0-cbc1a65297fe/lib/python3.12/site-packages/dbt/config/profile.py", line 368, in from_raw_profiles
    return cls.from_raw_profile_info(
           ^^^^^^^^^^^^^^^^^^^^^^^^^^
  File "/local_disk0/.ephemeral_nfs/envs/pythonEnv-ab5a6026-4479-441f-98a0-cbc1a65297fe/lib/python3.12/site-packages/dbt/config/profile.py", line 324, in from_raw_profile_info
    credentials: Credentials = cls._credentials_from_profile(
                               ^^^^^^^^^^^^^^^^^^^^^^^^^^^^^^
  File "/local_disk0/.ephemeral_nfs/envs/pythonEnv-ab5a6026-4479-441f-98a0-cbc1a65297fe/lib/python3.12/site-packages/dbt/config/profile.py", line 151, in _credentials_from_profile
    credentials = cls.from_dict(data)
                  ^^^^^^^^^^^^^^^^^^^
  File "<string>", line 4, in __mashumaro_from_dict__
  File "<string>", line 102, in __mashumaro_from_dict__
  File "<string>", line 23, in __init__
  File "/local_disk0/.ephemeral_nfs/envs/pythonEnv-ab5a6026-4479-441f-98a0-cbc1a65297fe/lib/python3.12/site-packages/dbt/adapters/databricks/credentials.py", line 130, in __post_init__
    self._credentials_manager = DatabricksCredentialManager.create_from(self)
                                ^^^^^^^^^^^^^^^^^^^^^^^^^^^^^^^^^^^^^^^^^^^^^
  File "/local_disk0/.ephemeral_nfs/envs/pythonEnv-ab5a6026-4479-441f-98a0-cbc1a65297fe/lib/python3.12/site-packages/dbt/adapters/databricks/credentials.py", line 280, in create_from
    return DatabricksCredentialManager(
           ^^^^^^^^^^^^^^^^^^^^^^^^^^^^
  File "<string>", line 12, in __init__
  File "/local_disk0/.ephemeral_nfs/envs/pythonEnv-ab5a6026-4479-441f-98a0-cbc1a65297fe/lib/python3.12/site-packages/dbt/adapters/databricks/credentials.py", line 341, in __post_init__
    self._config = self.authenticate_with_external_browser()
                   ^^^^^^^^^^^^^^^^^^^^^^^^^^^^^^^^^^^^^^^^^
  File "/local_disk0/.ephemeral_nfs/envs/pythonEnv-ab5a6026-4479-441f-98a0-cbc1a65297fe/lib/python3.12/site-packages/dbt/adapters/databricks/credentials.py", line 307, in authenticate_with_external_browser
    return Config(
           ^^^^^^^
  File "/local_disk0/.ephemeral_nfs/envs/pythonEnv-ab5a6026-4479-441f-98a0-cbc1a65297fe/lib/python3.12/site-packages/databricks/sdk/config.py", line 197, in __init__
    self.init_auth()
  File "/local_disk0/.ephemeral_nfs/envs/pythonEnv-ab5a6026-4479-441f-98a0-cbc1a65297fe/lib/python3.12/site-packages/databricks/sdk/config.py", line 533, in init_auth
    self._header_factory = self._credentials_strategy(self)
                           ^^^^^^^^^^^^^^^^^^^^^^^^^^^^^^^^
  File "/local_disk0/.ephemeral_nfs/envs/pythonEnv-ab5a6026-4479-441f-98a0-cbc1a65297fe/lib/python3.12/site-packages/databricks/sdk/credentials_provider.py", line 1052, in __call__
    header_factory = provider(cfg)
                     ^^^^^^^^^^^^^
  File "/local_disk0/.ephemeral_nfs/envs/pythonEnv-ab5a6026-4479-441f-98a0-cbc1a65297fe/lib/python3.12/site-packages/databricks/sdk/credentials_provider.py", line 95, in wrapper
    return func(cfg)
           ^^^^^^^^^
  File "/local_disk0/.ephemeral_nfs/envs/pythonEnv-ab5a6026-4479-441f-98a0-cbc1a65297fe/lib/python3.12/site-packages/databricks/sdk/credentials_provider.py", line 251, in external_browser
    credentials = consent.launch_external_browser()
                  ^^^^^^^^^^^^^^^^^^^^^^^^^^^^^^^^^
  File "/local_disk0/.ephemeral_nfs/envs/pythonEnv-ab5a6026-4479-441f-98a0-cbc1a65297fe/lib/python3.12/site-packages/databricks/sdk/oauth.py", line 548, in launch_external_browser
    httpd.handle_request()
  File "/usr/lib/python3.12/socketserver.py", line 297, in handle_request
    if selector.select(timeout):
       ^^^^^^^^^^^^^^^^^^^^^^^^
  File "/usr/lib/python3.12/selectors.py", line 415, in select
    fd_event_list = self._selector.poll(timeout)
                    ^^^^^^^^^^^^^^^^^^^^^^^^^^^^
KeyboardInterrupt

[0m13:24:17.691970 [debug] [MainThread]: Resource report: {"command_name": "debug", "command_success": false, "command_wall_clock_time": 159.32309, "process_in_blocks": "0", "process_kernel_time": 0.190403, "process_mem_max_rss": "234956", "process_out_blocks": "0", "process_user_time": 2.675673}
[0m13:24:17.692972 [debug] [MainThread]: Command `dbt debug` failed at 13:24:17.692837 after 159.32 seconds
[0m13:24:17.693790 [debug] [MainThread]: Sending event: {'category': 'dbt', 'action': 'invocation', 'label': 'end', 'context': [<snowplow_tracker.self_describing_json.SelfDescribingJson object at 0xff9346193230>, <snowplow_tracker.self_describing_json.SelfDescribingJson object at 0xff93338b71d0>, <snowplow_tracker.self_describing_json.SelfDescribingJson object at 0xff93452fdc40>]}
[0m13:24:17.695362 [debug] [MainThread]: Flushing usage events
[0m13:24:17.757046 [debug] [MainThread]: An error was encountered while trying to flush usage events
[0m16:38:57.288154 [debug] [MainThread]: Sending event: {'category': 'dbt', 'action': 'invocation', 'label': 'start', 'context': [<snowplow_tracker.self_describing_json.SelfDescribingJson object at 0xff3ec8ed7680>, <snowplow_tracker.self_describing_json.SelfDescribingJson object at 0xff3ec9d90b00>, <snowplow_tracker.self_describing_json.SelfDescribingJson object at 0xff3ec999adb0>]}


============================== 16:38:57.292197 | ca1a89a2-d2cb-4e90-845b-fa85f86a21e9 ==============================
[0m16:38:57.292197 [info ] [MainThread]: Running with dbt=1.10.8
[0m16:38:57.294110 [debug] [MainThread]: running dbt with arguments {'printer_width': '80', 'indirect_selection': 'eager', 'write_json': 'True', 'log_cache_events': 'False', 'partial_parse': 'True', 'cache_selected_only': 'False', 'profiles_dir': '/home/spark-d82f9537-186c-448d-add6-49/.dbt', 'fail_fast': 'False', 'debug': 'False', 'log_path': '/Workspace/Users/iamnovaryn@gmail.com/DataBricks_Project/globalmart_dbt/logs', 'version_check': 'True', 'warn_error': 'None', 'use_colors': 'True', 'use_experimental_parser': 'False', 'empty': 'None', 'quiet': 'False', 'no_print': 'None', 'warn_error_options': 'WarnErrorOptionsV2(error=[], warn=[], silence=[])', 'introspect': 'True', 'static_parser': 'True', 'log_format': 'default', 'target_path': 'None', 'invocation_command': 'dbt debug --target dev', 'send_anonymous_usage_stats': 'True'}
[0m16:38:57.317820 [info ] [MainThread]: dbt version: 1.10.8
[0m16:38:57.318928 [info ] [MainThread]: python version: 3.12.3
[0m16:38:57.320520 [info ] [MainThread]: python path: /local_disk0/.ephemeral_nfs/envs/pythonEnv-d82f9537-186c-448d-add6-4998ca82c59e/bin/python
[0m16:38:57.321591 [info ] [MainThread]: os info: Linux-6.1.176-221.360.amzn2023.aarch64-aarch64-with-glibc2.39
[0m16:38:58.177025 [debug] [MainThread]: Spark adapter: Setting pyhive.hive logging to ERROR
[0m16:38:58.178188 [debug] [MainThread]: Spark adapter: Setting thrift.transport logging to ERROR
[0m16:38:58.179495 [debug] [MainThread]: Spark adapter: Setting thrift.protocol logging to ERROR
[0m16:38:58.807775 [info ] [MainThread]: Using profiles dir at /home/spark-d82f9537-186c-448d-add6-49/.dbt
[0m16:38:58.829204 [info ] [MainThread]: Using profiles.yml file at /home/spark-d82f9537-186c-448d-add6-49/.dbt/profiles.yml
[0m16:38:58.833829 [info ] [MainThread]: Using dbt_project.yml file at /Workspace/Users/iamnovaryn@gmail.com/DataBricks_Project/globalmart_dbt/dbt_project.yml
[0m16:38:58.836099 [info ] [MainThread]: adapter type: databricks
[0m16:38:58.838256 [info ] [MainThread]: adapter version: 1.10.19
[0m16:38:58.999278 [info ] [MainThread]: Configuration:
[0m16:38:59.001348 [info ] [MainThread]:   profiles.yml file [[32mOK found and valid[0m]
[0m16:38:59.002159 [info ] [MainThread]:   dbt_project.yml file [[32mOK found and valid[0m]
[0m16:38:59.002898 [info ] [MainThread]: Required dependencies:
[0m16:38:59.003661 [debug] [MainThread]: Executing "git --help"
[0m16:38:59.037549 [debug] [MainThread]: STDOUT: "b"usage: git [-v | --version] [-h | --help] [-C <path>] [-c <name>=<value>]\n           [--exec-path[=<path>]] [--html-path] [--man-path] [--info-path]\n           [-p | --paginate | -P | --no-pager] [--no-replace-objects] [--no-lazy-fetch]\n           [--no-optional-locks] [--no-advice] [--bare] [--git-dir=<path>]\n           [--work-tree=<path>] [--namespace=<name>] [--config-env=<name>=<envvar>]\n           <command> [<args>]\n\nThese are common Git commands used in various situations:\n\nstart a working area (see also: git help tutorial)\n   clone      Clone a repository into a new directory\n   init       Create an empty Git repository or reinitialize an existing one\n\nwork on the current change (see also: git help everyday)\n   add        Add file contents to the index\n   mv         Move or rename a file, a directory, or a symlink\n   restore    Restore working tree files\n   rm         Remove files from the working tree and from the index\n\nexamine the history and state (see also: git help revisions)\n   bisect     Use binary search to find the commit that introduced a bug\n   diff       Show changes between commits, commit and working tree, etc\n   grep       Print lines matching a pattern\n   log        Show commit logs\n   show       Show various types of objects\n   status     Show the working tree status\n\ngrow, mark and tweak your common history\n   backfill   Download missing objects in a partial clone\n   branch     List, create, or delete branches\n   commit     Record changes to the repository\n   merge      Join two or more development histories together\n   rebase     Reapply commits on top of another base tip\n   reset      Reset current HEAD to the specified state\n   switch     Switch branches\n   tag        Create, list, delete or verify tags\n\ncollaborate (see also: git help workflows)\n   fetch      Download objects and refs from another repository\n   pull       Fetch from and integrate with another repository or a local branch\n   push       Update remote refs along with associated objects\n\n'git help -a' and 'git help -g' list available subcommands and some\nconcept guides. See 'git help <command>' or 'git help <concept>'\nto read about a specific subcommand or concept.\nSee 'git help git' for an overview of the system.\n""
[0m16:38:59.038582 [debug] [MainThread]: STDERR: "b''"
[0m16:38:59.039225 [info ] [MainThread]:  - git [[32mOK found[0m]

[0m16:38:59.040008 [info ] [MainThread]: Connection:
[0m16:38:59.040730 [info ] [MainThread]:   host: dbc-73a59226-9cbc.cloud.databricks.com
[0m16:38:59.041378 [info ] [MainThread]:   http_path: /sql/1.0/warehouses/bcfd52b943980648
[0m16:38:59.042120 [info ] [MainThread]:   catalog: globalmart
[0m16:38:59.043779 [info ] [MainThread]:   schema: bronze_dev
[0m16:38:59.049260 [info ] [MainThread]: Registered adapter: databricks=1.10.19
[0m16:38:59.186463 [debug] [MainThread]: Databricks adapter: DatabricksDBTConnection(session-id=None, name=debug) - Creating connection
[0m16:38:59.187583 [debug] [MainThread]: Acquiring new databricks connection 'debug'
[0m16:38:59.188335 [debug] [MainThread]: Using databricks connection "debug"
[0m16:38:59.188902 [debug] [MainThread]: On debug: select 1 as id
[0m16:38:59.189520 [debug] [MainThread]: Opening a new connection, currently in state init
[0m16:38:59.504393 [debug] [MainThread]: Databricks adapter: Connection(session-id=01f18aa2-d547-198e-b06e-5bdfaf68954f) - Created
[0m16:39:08.606560 [debug] [MainThread]: SQL status: OK in 9.420 seconds
[0m16:39:08.608523 [debug] [MainThread]: Databricks adapter: Cursor(session-id=01f18aa2-d547-198e-b06e-5bdfaf68954f, command-id=01f18aa2-d56c-1e55-82c6-b81109faf828) - Closing
[0m16:39:08.715307 [debug] [MainThread]: On debug: Close
[0m16:39:08.716324 [debug] [MainThread]: Databricks adapter: Connection(session-id=01f18aa2-d547-198e-b06e-5bdfaf68954f) - Closing
[0m16:39:08.776900 [info ] [MainThread]:   Connection test: [[32mOK connection ok[0m]

[0m16:39:08.777983 [info ] [MainThread]: [32mAll checks passed![0m
[0m16:39:08.780082 [debug] [MainThread]: Resource report: {"command_name": "debug", "command_success": true, "command_wall_clock_time": 11.790215, "process_in_blocks": "39048", "process_kernel_time": 0.426429, "process_mem_max_rss": "233124", "process_out_blocks": "1696", "process_user_time": 3.067648}
[0m16:39:08.781063 [debug] [MainThread]: Command `dbt debug` succeeded at 16:39:08.780923 after 11.79 seconds
[0m16:39:08.781829 [debug] [MainThread]: Sending event: {'category': 'dbt', 'action': 'invocation', 'label': 'end', 'context': [<snowplow_tracker.self_describing_json.SelfDescribingJson object at 0xff3ec99327e0>, <snowplow_tracker.self_describing_json.SelfDescribingJson object at 0xff3eb5aa5490>, <snowplow_tracker.self_describing_json.SelfDescribingJson object at 0xff3ec92402f0>]}
[0m16:39:08.782592 [debug] [MainThread]: Flushing usage events
[0m16:39:08.855186 [debug] [MainThread]: An error was encountered while trying to flush usage events
[0m16:39:11.013068 [debug] [MainThread]: Sending event: {'category': 'dbt', 'action': 'invocation', 'label': 'start', 'context': [<snowplow_tracker.self_describing_json.SelfDescribingJson object at 0xff49d75dbce0>, <snowplow_tracker.self_describing_json.SelfDescribingJson object at 0xff49d76039b0>, <snowplow_tracker.self_describing_json.SelfDescribingJson object at 0xff49d76037d0>]}


============================== 16:39:11.016799 | 3942e53d-2a62-4425-803d-b2745ef7abe9 ==============================
[0m16:39:11.016799 [info ] [MainThread]: Running with dbt=1.10.8
[0m16:39:11.018002 [debug] [MainThread]: running dbt with arguments {'printer_width': '80', 'indirect_selection': 'eager', 'write_json': 'True', 'log_cache_events': 'False', 'partial_parse': 'True', 'cache_selected_only': 'False', 'profiles_dir': '/home/spark-d82f9537-186c-448d-add6-49/.dbt', 'fail_fast': 'False', 'debug': 'False', 'log_path': '/Workspace/Users/iamnovaryn@gmail.com/DataBricks_Project/globalmart_dbt/logs', 'version_check': 'True', 'warn_error': 'None', 'use_colors': 'True', 'use_experimental_parser': 'False', 'empty': 'None', 'quiet': 'False', 'no_print': 'None', 'warn_error_options': 'WarnErrorOptionsV2(error=[], warn=[], silence=[])', 'introspect': 'True', 'static_parser': 'True', 'log_format': 'default', 'target_path': 'None', 'invocation_command': 'dbt debug --target prod', 'send_anonymous_usage_stats': 'True'}
[0m16:39:11.029423 [info ] [MainThread]: dbt version: 1.10.8
[0m16:39:11.030458 [info ] [MainThread]: python version: 3.12.3
[0m16:39:11.031294 [info ] [MainThread]: python path: /local_disk0/.ephemeral_nfs/envs/pythonEnv-d82f9537-186c-448d-add6-4998ca82c59e/bin/python
[0m16:39:11.032027 [info ] [MainThread]: os info: Linux-6.1.176-221.360.amzn2023.aarch64-aarch64-with-glibc2.39
[0m16:39:11.823155 [debug] [MainThread]: Spark adapter: Setting pyhive.hive logging to ERROR
[0m16:39:11.824234 [debug] [MainThread]: Spark adapter: Setting thrift.transport logging to ERROR
[0m16:39:11.824996 [debug] [MainThread]: Spark adapter: Setting thrift.protocol logging to ERROR
[0m16:39:12.461167 [info ] [MainThread]: Using profiles dir at /home/spark-d82f9537-186c-448d-add6-49/.dbt
[0m16:39:12.469395 [info ] [MainThread]: Using profiles.yml file at /home/spark-d82f9537-186c-448d-add6-49/.dbt/profiles.yml
[0m16:39:12.470469 [info ] [MainThread]: Using dbt_project.yml file at /Workspace/Users/iamnovaryn@gmail.com/DataBricks_Project/globalmart_dbt/dbt_project.yml
[0m16:39:12.471444 [info ] [MainThread]: adapter type: databricks
[0m16:39:12.472311 [info ] [MainThread]: adapter version: 1.10.19
[0m16:39:12.643750 [info ] [MainThread]: Configuration:
[0m16:39:12.644723 [info ] [MainThread]:   profiles.yml file [[32mOK found and valid[0m]
[0m16:39:12.645580 [info ] [MainThread]:   dbt_project.yml file [[32mOK found and valid[0m]
[0m16:39:12.646298 [info ] [MainThread]: Required dependencies:
[0m16:39:12.647000 [debug] [MainThread]: Executing "git --help"
[0m16:39:12.654057 [debug] [MainThread]: STDOUT: "b"usage: git [-v | --version] [-h | --help] [-C <path>] [-c <name>=<value>]\n           [--exec-path[=<path>]] [--html-path] [--man-path] [--info-path]\n           [-p | --paginate | -P | --no-pager] [--no-replace-objects] [--no-lazy-fetch]\n           [--no-optional-locks] [--no-advice] [--bare] [--git-dir=<path>]\n           [--work-tree=<path>] [--namespace=<name>] [--config-env=<name>=<envvar>]\n           <command> [<args>]\n\nThese are common Git commands used in various situations:\n\nstart a working area (see also: git help tutorial)\n   clone      Clone a repository into a new directory\n   init       Create an empty Git repository or reinitialize an existing one\n\nwork on the current change (see also: git help everyday)\n   add        Add file contents to the index\n   mv         Move or rename a file, a directory, or a symlink\n   restore    Restore working tree files\n   rm         Remove files from the working tree and from the index\n\nexamine the history and state (see also: git help revisions)\n   bisect     Use binary search to find the commit that introduced a bug\n   diff       Show changes between commits, commit and working tree, etc\n   grep       Print lines matching a pattern\n   log        Show commit logs\n   show       Show various types of objects\n   status     Show the working tree status\n\ngrow, mark and tweak your common history\n   backfill   Download missing objects in a partial clone\n   branch     List, create, or delete branches\n   commit     Record changes to the repository\n   merge      Join two or more development histories together\n   rebase     Reapply commits on top of another base tip\n   reset      Reset current HEAD to the specified state\n   switch     Switch branches\n   tag        Create, list, delete or verify tags\n\ncollaborate (see also: git help workflows)\n   fetch      Download objects and refs from another repository\n   pull       Fetch from and integrate with another repository or a local branch\n   push       Update remote refs along with associated objects\n\n'git help -a' and 'git help -g' list available subcommands and some\nconcept guides. See 'git help <command>' or 'git help <concept>'\nto read about a specific subcommand or concept.\nSee 'git help git' for an overview of the system.\n""
[0m16:39:12.654921 [debug] [MainThread]: STDERR: "b''"
[0m16:39:12.655693 [info ] [MainThread]:  - git [[32mOK found[0m]

[0m16:39:12.656334 [info ] [MainThread]: Connection:
[0m16:39:12.657180 [info ] [MainThread]:   host: dbc-73a59226-9cbc.cloud.databricks.com
[0m16:39:12.657953 [info ] [MainThread]:   http_path: /sql/1.0/warehouses/bcfd52b943980648
[0m16:39:12.658636 [info ] [MainThread]:   catalog: globalmart
[0m16:39:12.659433 [info ] [MainThread]:   schema: bronze
[0m16:39:12.660284 [info ] [MainThread]: Registered adapter: databricks=1.10.19
[0m16:39:12.770656 [debug] [MainThread]: Databricks adapter: DatabricksDBTConnection(session-id=None, name=debug) - Creating connection
[0m16:39:12.772314 [debug] [MainThread]: Acquiring new databricks connection 'debug'
[0m16:39:12.773082 [debug] [MainThread]: Using databricks connection "debug"
[0m16:39:12.773757 [debug] [MainThread]: On debug: select 1 as id
[0m16:39:12.774393 [debug] [MainThread]: Opening a new connection, currently in state init
[0m16:39:12.908413 [debug] [MainThread]: Databricks adapter: Connection(session-id=01f18aa2-dd5f-1b03-af80-8f6ef6e71675) - Created
[0m16:39:13.813890 [debug] [MainThread]: SQL status: OK in 1.040 seconds
[0m16:39:13.815890 [debug] [MainThread]: Databricks adapter: Cursor(session-id=01f18aa2-dd5f-1b03-af80-8f6ef6e71675, command-id=01f18aa2-dd69-1aac-97f3-c2048886120f) - Closing
[0m16:39:13.816690 [debug] [MainThread]: On debug: Close
[0m16:39:13.818508 [debug] [MainThread]: Databricks adapter: Connection(session-id=01f18aa2-dd5f-1b03-af80-8f6ef6e71675) - Closing
[0m16:39:13.872000 [info ] [MainThread]:   Connection test: [[32mOK connection ok[0m]

[0m16:39:13.874393 [info ] [MainThread]: [32mAll checks passed![0m
[0m16:39:13.876635 [debug] [MainThread]: Resource report: {"command_name": "debug", "command_success": true, "command_wall_clock_time": 2.933921, "process_in_blocks": "0", "process_kernel_time": 0.454153, "process_mem_max_rss": "233412", "process_out_blocks": "0", "process_user_time": 2.896743}
[0m16:39:13.878088 [debug] [MainThread]: Command `dbt debug` succeeded at 16:39:13.877827 after 2.94 seconds
[0m16:39:13.879088 [debug] [MainThread]: Sending event: {'category': 'dbt', 'action': 'invocation', 'label': 'end', 'context': [<snowplow_tracker.self_describing_json.SelfDescribingJson object at 0xff49d646b470>, <snowplow_tracker.self_describing_json.SelfDescribingJson object at 0xff49c3b50260>, <snowplow_tracker.self_describing_json.SelfDescribingJson object at 0xff49c59d2cf0>]}
[0m16:39:13.880406 [debug] [MainThread]: Flushing usage events
[0m16:39:13.954100 [debug] [MainThread]: An error was encountered while trying to flush usage events
[0m16:39:15.976493 [debug] [MainThread]: Sending event: {'category': 'dbt', 'action': 'invocation', 'label': 'start', 'context': [<snowplow_tracker.self_describing_json.SelfDescribingJson object at 0xffe3a78f82f0>, <snowplow_tracker.self_describing_json.SelfDescribingJson object at 0xffe3a80136b0>, <snowplow_tracker.self_describing_json.SelfDescribingJson object at 0xffe3a78fb830>]}


============================== 16:39:15.979888 | 9988f256-e8a3-4964-b672-cb22e5fe3d60 ==============================
[0m16:39:15.979888 [info ] [MainThread]: Running with dbt=1.10.8
[0m16:39:15.980996 [debug] [MainThread]: running dbt with arguments {'printer_width': '80', 'indirect_selection': 'eager', 'write_json': 'True', 'log_cache_events': 'False', 'partial_parse': 'True', 'cache_selected_only': 'False', 'profiles_dir': '/home/spark-d82f9537-186c-448d-add6-49/.dbt', 'fail_fast': 'False', 'debug': 'False', 'log_path': '/Workspace/Users/iamnovaryn@gmail.com/DataBricks_Project/globalmart_dbt/logs', 'version_check': 'True', 'warn_error': 'None', 'use_colors': 'True', 'use_experimental_parser': 'False', 'empty': 'None', 'quiet': 'False', 'no_print': 'None', 'warn_error_options': 'WarnErrorOptionsV2(error=[], warn=[], silence=[])', 'introspect': 'True', 'static_parser': 'True', 'log_format': 'default', 'target_path': 'None', 'invocation_command': 'dbt source freshness', 'send_anonymous_usage_stats': 'True'}
[0m16:39:16.753487 [debug] [MainThread]: Spark adapter: Setting pyhive.hive logging to ERROR
[0m16:39:16.754535 [debug] [MainThread]: Spark adapter: Setting thrift.transport logging to ERROR
[0m16:39:16.755286 [debug] [MainThread]: Spark adapter: Setting thrift.protocol logging to ERROR
[0m16:39:17.490498 [debug] [MainThread]: Sending event: {'category': 'dbt', 'action': 'project_id', 'label': '9988f256-e8a3-4964-b672-cb22e5fe3d60', 'context': [<snowplow_tracker.self_describing_json.SelfDescribingJson object at 0xffe3a95701d0>]}
[0m16:39:17.570908 [debug] [MainThread]: Sending event: {'category': 'dbt', 'action': 'adapter_info', 'label': '9988f256-e8a3-4964-b672-cb22e5fe3d60', 'context': [<snowplow_tracker.self_describing_json.SelfDescribingJson object at 0xffe395262f00>]}
[0m16:39:17.572201 [info ] [MainThread]: Registered adapter: databricks=1.10.19
[0m16:39:17.696910 [debug] [MainThread]: checksum: 265d66e81f90af29a7a28579c9b54d938c94f4a57c57be5f853267ae509b5fcb, vars: {}, profile: , target: , version: 1.10.8
[0m16:39:18.058782 [debug] [MainThread]: Partial parsing enabled: 0 files deleted, 0 files added, 0 files changed.
[0m16:39:18.060721 [debug] [MainThread]: Partial parsing enabled, no changes found, skipping parsing
[0m16:39:18.062006 [warn ] [MainThread]: [[33mWARNING[0m]: Configuration paths exist in your dbt_project.yml file which do not apply to any resources.
There are 2 unused configuration paths:
- models.globalmart_dbt.staging
- models.globalmart_dbt.marts
[0m16:39:18.081699 [debug] [MainThread]: Sending event: {'category': 'dbt', 'action': 'load_project', 'label': '9988f256-e8a3-4964-b672-cb22e5fe3d60', 'context': [<snowplow_tracker.self_describing_json.SelfDescribingJson object at 0xffe393b17860>]}
[0m16:39:18.252385 [debug] [MainThread]: Wrote artifact WritableManifest to /Workspace/Users/iamnovaryn@gmail.com/DataBricks_Project/globalmart_dbt/target/manifest.json
[0m16:39:18.275832 [debug] [MainThread]: Wrote artifact SemanticManifest to /Workspace/Users/iamnovaryn@gmail.com/DataBricks_Project/globalmart_dbt/target/semantic_manifest.json
[0m16:39:18.326122 [debug] [MainThread]: Sending event: {'category': 'dbt', 'action': 'resource_counts', 'label': '9988f256-e8a3-4964-b672-cb22e5fe3d60', 'context': [<snowplow_tracker.self_describing_json.SelfDescribingJson object at 0xffe3935a6060>]}
[0m16:39:18.327895 [info ] [MainThread]: Found 2 sources, 690 macros
[0m16:39:18.328839 [debug] [MainThread]: Sending event: {'category': 'dbt', 'action': 'runnable_timing', 'label': '9988f256-e8a3-4964-b672-cb22e5fe3d60', 'context': [<snowplow_tracker.self_describing_json.SelfDescribingJson object at 0xffe3939c7ce0>]}
[0m16:39:18.331882 [info ] [MainThread]: 
[0m16:39:18.332729 [info ] [MainThread]: Concurrency: 4 threads (target='dev')
[0m16:39:18.333862 [info ] [MainThread]: 
[0m16:39:18.335205 [debug] [MainThread]: Databricks adapter: DatabricksDBTConnection(session-id=None, name=master) - Creating connection
[0m16:39:18.335892 [debug] [MainThread]: Acquiring new databricks connection 'master'
[0m16:39:18.336674 [debug] [MainThread]: Sending event: {'category': 'dbt', 'action': 'runnable_timing', 'label': '9988f256-e8a3-4964-b672-cb22e5fe3d60', 'context': [<snowplow_tracker.self_describing_json.SelfDescribingJson object at 0xffe393b17dd0>]}
[0m16:39:18.341909 [debug] [Thread-1 (]: Began running node source.globalmart_dbt.bronze.bronze_orders
[0m16:39:18.342535 [debug] [Thread-2 (]: Began running node source.globalmart_dbt.bronze.orders_partitioned
[0m16:39:18.343721 [info ] [Thread-1 (]: 1 of 2 START freshness of bronze.bronze_orders ................................. [RUN]
[0m16:39:18.345596 [info ] [Thread-2 (]: 2 of 2 START freshness of bronze.orders_partitioned ............................ [RUN]
[0m16:39:18.346591 [debug] [Thread-1 (]: Databricks adapter: DatabricksDBTConnection(session-id=None, name=source.globalmart_dbt.bronze.bronze_orders) - Creating connection
[0m16:39:18.347583 [debug] [Thread-2 (]: Databricks adapter: DatabricksDBTConnection(session-id=None, name=source.globalmart_dbt.bronze.orders_partitioned) - Creating connection
[0m16:39:18.348359 [debug] [Thread-1 (]: Acquiring new databricks connection 'source.globalmart_dbt.bronze.bronze_orders'
[0m16:39:18.349165 [debug] [Thread-2 (]: Acquiring new databricks connection 'source.globalmart_dbt.bronze.orders_partitioned'
[0m16:39:18.349972 [debug] [Thread-1 (]: Began compiling node source.globalmart_dbt.bronze.bronze_orders
[0m16:39:18.350816 [debug] [Thread-2 (]: Began compiling node source.globalmart_dbt.bronze.orders_partitioned
[0m16:39:18.353346 [debug] [Thread-2 (]: Began executing node source.globalmart_dbt.bronze.orders_partitioned
[0m16:39:18.351571 [debug] [Thread-1 (]: Began executing node source.globalmart_dbt.bronze.bronze_orders
[0m16:39:18.381568 [debug] [Thread-2 (]: Using databricks connection "source.globalmart_dbt.bronze.orders_partitioned"
[0m16:39:18.385372 [debug] [Thread-1 (]: Using databricks connection "source.globalmart_dbt.bronze.bronze_orders"
[0m16:39:18.386524 [debug] [Thread-2 (]: On source.globalmart_dbt.bronze.orders_partitioned: /* {"app": "dbt", "dbt_version": "1.10.8", "dbt_databricks_version": "1.10.19", "databricks_sql_connector_version": "4.0.5", "profile_name": "globalmart_dbt", "target_name": "dev", "node_id": "source.globalmart_dbt.bronze.orders_partitioned"} */
select
      max(_ingested_at) as max_loaded_at,
      current_timestamp() as snapshotted_at
    from `globalmart`.`bronze`.`orders_partitioned`
    
  
[0m16:39:18.387501 [debug] [Thread-1 (]: On source.globalmart_dbt.bronze.bronze_orders: /* {"app": "dbt", "dbt_version": "1.10.8", "dbt_databricks_version": "1.10.19", "databricks_sql_connector_version": "4.0.5", "profile_name": "globalmart_dbt", "target_name": "dev", "node_id": "source.globalmart_dbt.bronze.bronze_orders"} */
select
      max(_ingested_at) as max_loaded_at,
      current_timestamp() as snapshotted_at
    from `globalmart`.`bronze`.`bronze_orders`
    
  
[0m16:39:18.388593 [debug] [Thread-2 (]: Opening a new connection, currently in state init
[0m16:39:18.390998 [debug] [Thread-1 (]: Opening a new connection, currently in state init
[0m16:39:18.567722 [debug] [Thread-1 (]: Databricks adapter: Connection(session-id=01f18aa2-e0be-1f20-ac57-ed374530f7cf) - Created
[0m16:39:18.569307 [debug] [Thread-2 (]: Databricks adapter: Connection(session-id=01f18aa2-e0bd-138d-8e53-764bafc9f466) - Created
[0m16:39:27.025183 [debug] [Thread-2 (]: SQL status: OK in 8.640 seconds
[0m16:39:27.032030 [debug] [Thread-1 (]: SQL status: OK in 8.640 seconds
[0m16:39:27.045750 [debug] [Thread-2 (]: Databricks adapter: Cursor(session-id=01f18aa2-e0bd-138d-8e53-764bafc9f466, command-id=01f18aa2-e0c9-163e-8482-08a7a818b05a) - Closing
[0m16:39:27.059126 [debug] [Thread-1 (]: Databricks adapter: Cursor(session-id=01f18aa2-e0be-1f20-ac57-ed374530f7cf, command-id=01f18aa2-e0c9-1a8d-9ae1-92807a35007e) - Closing
[0m16:39:27.187007 [debug] [Thread-1 (]: On source.globalmart_dbt.bronze.bronze_orders: Close
[0m16:39:27.188142 [debug] [Thread-1 (]: Databricks adapter: Connection(session-id=01f18aa2-e0be-1f20-ac57-ed374530f7cf) - Closing
[0m16:39:27.238463 [debug] [Thread-2 (]: On source.globalmart_dbt.bronze.orders_partitioned: Close
[0m16:39:27.239605 [debug] [Thread-2 (]: Databricks adapter: Connection(session-id=01f18aa2-e0bd-138d-8e53-764bafc9f466) - Closing
[0m16:39:27.297914 [error] [Thread-1 (]: 1 of 2 ERROR STALE freshness of bronze.bronze_orders ........................... [[31mERROR STALE[0m in 8.95s]
[0m16:39:27.301633 [debug] [Thread-1 (]: Finished running node source.globalmart_dbt.bronze.bronze_orders
[0m16:39:27.299038 [error] [Thread-2 (]: 2 of 2 ERROR STALE freshness of bronze.orders_partitioned ...................... [[31mERROR STALE[0m in 8.95s]
[0m16:39:27.302888 [debug] [Thread-7 (]: Marking all children of 'source.globalmart_dbt.bronze.bronze_orders' to be skipped because of status 'error'. 
[0m16:39:27.303938 [debug] [Thread-2 (]: Finished running node source.globalmart_dbt.bronze.orders_partitioned
[0m16:39:27.307049 [debug] [Thread-7 (]: Marking all children of 'source.globalmart_dbt.bronze.orders_partitioned' to be skipped because of status 'error'. 
[0m16:39:27.309597 [debug] [MainThread]: Databricks adapter: DatabricksDBTConnection(session-id=None, name=master) - Creating connection
[0m16:39:27.310443 [debug] [MainThread]: Acquiring new databricks connection 'master'
[0m16:39:27.311309 [info ] [MainThread]: 
[0m16:39:27.312153 [info ] [MainThread]: Finished running 2 sources in 0 hours 0 minutes and 8.98 seconds (8.98s).
[0m16:39:27.389273 [debug] [MainThread]: Wrote artifact WritableManifest to /Workspace/Users/iamnovaryn@gmail.com/DataBricks_Project/globalmart_dbt/target/manifest.json
[0m16:39:27.394766 [debug] [MainThread]: Wrote artifact SemanticManifest to /Workspace/Users/iamnovaryn@gmail.com/DataBricks_Project/globalmart_dbt/target/semantic_manifest.json
[0m16:39:27.426737 [debug] [MainThread]: Wrote artifact FreshnessResult to /Workspace/Users/iamnovaryn@gmail.com/DataBricks_Project/globalmart_dbt/target/sources.json
[0m16:39:27.431265 [info ] [MainThread]: 
[0m16:39:27.432502 [error] [MainThread]: [31mFailure in source bronze_orders (models/staging/src_bronze.yml)[0m
[0m16:39:27.433538 [error] [MainThread]:   Status: error
[0m16:39:27.435277 [info ] [MainThread]: 
[0m16:39:27.436081 [error] [MainThread]: [31mFailure in source orders_partitioned (models/staging/src_bronze.yml)[0m
[0m16:39:27.437024 [error] [MainThread]:   Status: error
[0m16:39:27.437995 [info ] [MainThread]: Done.
[0m16:39:27.439568 [debug] [MainThread]: Resource report: {"command_name": "freshness", "command_success": false, "command_wall_clock_time": 11.533209, "process_in_blocks": "1544", "process_kernel_time": 0.401896, "process_mem_max_rss": "243608", "process_out_blocks": "296", "process_user_time": 3.452676}
[0m16:39:27.440483 [debug] [MainThread]: Command `dbt source freshness` failed at 16:39:27.440336 after 11.53 seconds
[0m16:39:27.441447 [debug] [MainThread]: Sending event: {'category': 'dbt', 'action': 'invocation', 'label': 'end', 'context': [<snowplow_tracker.self_describing_json.SelfDescribingJson object at 0xffe3a80136b0>, <snowplow_tracker.self_describing_json.SelfDescribingJson object at 0xffe3a7924170>, <snowplow_tracker.self_describing_json.SelfDescribingJson object at 0xffe3938ffaa0>]}
[0m16:39:27.442848 [debug] [MainThread]: Flushing usage events
[0m16:39:27.506537 [debug] [MainThread]: An error was encountered while trying to flush usage events
[0m16:39:44.372536 [debug] [MainThread]: Sending event: {'category': 'dbt', 'action': 'invocation', 'label': 'start', 'context': [<snowplow_tracker.self_describing_json.SelfDescribingJson object at 0xff6d14f79280>, <snowplow_tracker.self_describing_json.SelfDescribingJson object at 0xff6d17bfdb50>, <snowplow_tracker.self_describing_json.SelfDescribingJson object at 0xff6d17bfeb10>]}


============================== 16:39:44.376634 | 5888aad3-fdaa-4ff6-a3fe-8a2a1a9fb45f ==============================
[0m16:39:44.376634 [info ] [MainThread]: Running with dbt=1.10.8
[0m16:39:44.377839 [debug] [MainThread]: running dbt with arguments {'printer_width': '80', 'indirect_selection': 'eager', 'write_json': 'True', 'log_cache_events': 'False', 'partial_parse': 'True', 'cache_selected_only': 'False', 'profiles_dir': '/home/spark-d82f9537-186c-448d-add6-49/.dbt', 'fail_fast': 'False', 'debug': 'False', 'log_path': '/Workspace/Users/iamnovaryn@gmail.com/DataBricks_Project/globalmart_dbt/logs', 'version_check': 'True', 'warn_error': 'None', 'use_colors': 'True', 'use_experimental_parser': 'False', 'empty': 'False', 'quiet': 'False', 'no_print': 'None', 'warn_error_options': 'WarnErrorOptionsV2(error=[], warn=[], silence=[])', 'introspect': 'True', 'static_parser': 'True', 'log_format': 'default', 'target_path': 'None', 'invocation_command': 'dbt run', 'send_anonymous_usage_stats': 'True'}
[0m16:39:45.134214 [debug] [MainThread]: Spark adapter: Setting pyhive.hive logging to ERROR
[0m16:39:45.135572 [debug] [MainThread]: Spark adapter: Setting thrift.transport logging to ERROR
[0m16:39:45.136401 [debug] [MainThread]: Spark adapter: Setting thrift.protocol logging to ERROR
[0m16:39:45.854593 [debug] [MainThread]: Sending event: {'category': 'dbt', 'action': 'project_id', 'label': '5888aad3-fdaa-4ff6-a3fe-8a2a1a9fb45f', 'context': [<snowplow_tracker.self_describing_json.SelfDescribingJson object at 0xff6d01d8de80>]}
[0m16:39:45.973107 [debug] [MainThread]: Sending event: {'category': 'dbt', 'action': 'adapter_info', 'label': '5888aad3-fdaa-4ff6-a3fe-8a2a1a9fb45f', 'context': [<snowplow_tracker.self_describing_json.SelfDescribingJson object at 0xff6d14e92540>]}
[0m16:39:45.974420 [info ] [MainThread]: Registered adapter: databricks=1.10.19
[0m16:39:46.092107 [debug] [MainThread]: checksum: 265d66e81f90af29a7a28579c9b54d938c94f4a57c57be5f853267ae509b5fcb, vars: {}, profile: , target: , version: 1.10.8
[0m16:39:46.319625 [debug] [MainThread]: Partial parsing enabled: 0 files deleted, 5 files added, 0 files changed.
[0m16:39:46.321106 [debug] [MainThread]: Partial parsing: added file: globalmart_dbt://models/schema.yml
[0m16:39:46.321971 [debug] [MainThread]: Partial parsing: added file: globalmart_dbt://models/staging/stg_orders.sql
[0m16:39:46.323001 [debug] [MainThread]: Partial parsing: added file: globalmart_dbt://models/staging/stg_customers.sql
[0m16:39:46.323727 [debug] [MainThread]: Partial parsing: added file: globalmart_dbt://models/marts/fct_monthly_orders.sql
[0m16:39:46.324572 [debug] [MainThread]: Partial parsing: added file: globalmart_dbt://models/marts/dim_customer_summary.sql
[0m16:39:46.791066 [debug] [MainThread]: Sending event: {'category': 'dbt', 'action': 'load_project', 'label': '5888aad3-fdaa-4ff6-a3fe-8a2a1a9fb45f', 'context': [<snowplow_tracker.self_describing_json.SelfDescribingJson object at 0xff6d01657cb0>]}
[0m16:39:46.983353 [debug] [MainThread]: Wrote artifact WritableManifest to /Workspace/Users/iamnovaryn@gmail.com/DataBricks_Project/globalmart_dbt/target/manifest.json
[0m16:39:47.003725 [debug] [MainThread]: Wrote artifact SemanticManifest to /Workspace/Users/iamnovaryn@gmail.com/DataBricks_Project/globalmart_dbt/target/semantic_manifest.json
[0m16:39:47.042959 [debug] [MainThread]: Sending event: {'category': 'dbt', 'action': 'resource_counts', 'label': '5888aad3-fdaa-4ff6-a3fe-8a2a1a9fb45f', 'context': [<snowplow_tracker.self_describing_json.SelfDescribingJson object at 0xff6d019fbf20>]}
[0m16:39:47.109832 [info ] [MainThread]: Found 4 models, 2 sources, 690 macros
[0m16:39:47.110817 [debug] [MainThread]: Sending event: {'category': 'dbt', 'action': 'runnable_timing', 'label': '5888aad3-fdaa-4ff6-a3fe-8a2a1a9fb45f', 'context': [<snowplow_tracker.self_describing_json.SelfDescribingJson object at 0xff6d01657cb0>]}
[0m16:39:47.113368 [info ] [MainThread]: 
[0m16:39:47.117447 [info ] [MainThread]: Concurrency: 4 threads (target='dev')
[0m16:39:47.120050 [info ] [MainThread]: 
[0m16:39:47.121113 [debug] [MainThread]: Databricks adapter: DatabricksDBTConnection(session-id=None, name=master) - Creating connection
[0m16:39:47.121965 [debug] [MainThread]: Acquiring new databricks connection 'master'
[0m16:39:47.129700 [debug] [ThreadPool]: Databricks adapter: DatabricksDBTConnection(session-id=None, name=list_globalmart) - Creating connection
[0m16:39:47.131791 [debug] [ThreadPool]: Acquiring new databricks connection 'list_globalmart'
[0m16:39:47.144457 [debug] [ThreadPool]: Using databricks connection "list_globalmart"
[0m16:39:47.145339 [debug] [ThreadPool]: On list_globalmart: /* {"app": "dbt", "dbt_version": "1.10.8", "dbt_databricks_version": "1.10.19", "databricks_sql_connector_version": "4.0.5", "profile_name": "globalmart_dbt", "target_name": "dev", "connection_name": "list_globalmart"} */

    

  SHOW SCHEMAS IN `globalmart`


  
[0m16:39:47.145952 [debug] [ThreadPool]: Opening a new connection, currently in state init
[0m16:39:47.261753 [debug] [ThreadPool]: Databricks adapter: Connection(session-id=01f18aa2-f1da-19c0-a0bd-eb0c2b51e4f7) - Created
[0m16:39:47.609050 [debug] [ThreadPool]: SQL status: OK in 0.460 seconds
[0m16:39:47.618658 [debug] [ThreadPool]: Databricks adapter: Cursor(session-id=01f18aa2-f1da-19c0-a0bd-eb0c2b51e4f7, command-id=01f18aa2-f1e3-1c35-ae30-522fe1e92899) - Closing
[0m16:39:47.620141 [debug] [ThreadPool]: On list_globalmart: Close
[0m16:39:47.622524 [debug] [ThreadPool]: Databricks adapter: Connection(session-id=01f18aa2-f1da-19c0-a0bd-eb0c2b51e4f7) - Closing
[0m16:39:47.692788 [debug] [ThreadPool]: Databricks adapter: DatabricksDBTConnection(session-id=None, name=create_globalmart_bronze_dev) - Creating connection
[0m16:39:47.697793 [debug] [ThreadPool]: Acquiring new databricks connection 'create_globalmart_bronze_dev'
[0m16:39:47.698972 [debug] [ThreadPool]: Creating schema "database: "globalmart"
schema: "bronze_dev"
"
[0m16:39:47.717798 [debug] [ThreadPool]: Using databricks connection "create_globalmart_bronze_dev"
[0m16:39:47.733499 [debug] [ThreadPool]: On create_globalmart_bronze_dev: /* {"app": "dbt", "dbt_version": "1.10.8", "dbt_databricks_version": "1.10.19", "databricks_sql_connector_version": "4.0.5", "profile_name": "globalmart_dbt", "target_name": "dev", "connection_name": "create_globalmart_bronze_dev"} */
create schema if not exists `globalmart`.`bronze_dev`
  
[0m16:39:47.734466 [debug] [ThreadPool]: Opening a new connection, currently in state init
[0m16:39:47.868756 [debug] [ThreadPool]: Databricks adapter: Connection(session-id=01f18aa2-f23a-15ee-b278-e7771e86647e) - Created
[0m16:39:48.474557 [debug] [ThreadPool]: SQL status: OK in 0.740 seconds
[0m16:39:48.476481 [debug] [ThreadPool]: Databricks adapter: Cursor(session-id=01f18aa2-f23a-15ee-b278-e7771e86647e, command-id=01f18aa2-f240-182d-ab69-2981a4b235ae) - Closing
[0m16:39:48.477403 [debug] [ThreadPool]: On create_globalmart_bronze_dev: Close
[0m16:39:48.478183 [debug] [ThreadPool]: Databricks adapter: Connection(session-id=01f18aa2-f23a-15ee-b278-e7771e86647e) - Closing
[0m16:39:48.554973 [debug] [ThreadPool]: Databricks adapter: DatabricksDBTConnection(session-id=None, name=list_globalmart_bronze_dev) - Creating connection
[0m16:39:48.556972 [debug] [ThreadPool]: Acquiring new databricks connection 'list_globalmart_bronze_dev'
[0m16:39:48.564248 [debug] [ThreadPool]: Using databricks connection "list_globalmart_bronze_dev"
[0m16:39:48.565081 [debug] [ThreadPool]: On list_globalmart_bronze_dev: /* {"app": "dbt", "dbt_version": "1.10.8", "dbt_databricks_version": "1.10.19", "databricks_sql_connector_version": "4.0.5", "profile_name": "globalmart_dbt", "target_name": "dev", "connection_name": "list_globalmart_bronze_dev"} */

    
SELECT
  table_name,
  if(table_type IN ('EXTERNAL', 'MANAGED', 'MANAGED_SHALLOW_CLONE', 'EXTERNAL_SHALLOW_CLONE'), 'table', lower(table_type)) AS table_type,
  lower(data_source_format) AS file_format,
  table_owner,
  if(
    table_type IN (
      'EXTERNAL',
      'MANAGED',
      'MANAGED_SHALLOW_CLONE',
      'EXTERNAL_SHALLOW_CLONE'
    ),
    lower(table_type),
    NULL
  ) AS databricks_table_type
FROM `system`.`information_schema`.`tables`
WHERE table_catalog = 'globalmart' 
  AND table_schema = 'bronze_dev'

  
[0m16:39:48.565724 [debug] [ThreadPool]: Opening a new connection, currently in state init
[0m16:39:48.661725 [debug] [ThreadPool]: Databricks adapter: Connection(session-id=01f18aa2-f2b3-1ebe-bb2d-cd3f99d990c7) - Created
[0m16:39:49.433512 [debug] [ThreadPool]: SQL status: OK in 0.870 seconds
[0m16:39:49.436960 [debug] [ThreadPool]: Databricks adapter: Cursor(session-id=01f18aa2-f2b3-1ebe-bb2d-cd3f99d990c7, command-id=01f18aa2-f2b9-14a3-858e-fd8e23b37e01) - Closing
[0m16:39:49.438034 [debug] [ThreadPool]: On list_globalmart_bronze_dev: Close
[0m16:39:49.438790 [debug] [ThreadPool]: Databricks adapter: Connection(session-id=01f18aa2-f2b3-1ebe-bb2d-cd3f99d990c7) - Closing
[0m16:39:49.498228 [debug] [MainThread]: Sending event: {'category': 'dbt', 'action': 'runnable_timing', 'label': '5888aad3-fdaa-4ff6-a3fe-8a2a1a9fb45f', 'context': [<snowplow_tracker.self_describing_json.SelfDescribingJson object at 0xff6d12cb5fd0>]}
[0m16:39:49.502134 [debug] [Thread-1 (]: Began running node model.globalmart_dbt.stg_customers
[0m16:39:49.502833 [debug] [Thread-2 (]: Began running node model.globalmart_dbt.stg_orders
[0m16:39:49.506024 [info ] [Thread-1 (]: 1 of 4 START sql view model bronze_dev.stg_customers ........................... [RUN]
[0m16:39:49.508020 [info ] [Thread-2 (]: 2 of 4 START sql view model bronze_dev.stg_orders .............................. [RUN]
[0m16:39:49.509007 [debug] [Thread-1 (]: Databricks adapter: DatabricksDBTConnection(session-id=None, name=model.globalmart_dbt.stg_customers) - Creating connection
[0m16:39:49.510132 [debug] [Thread-2 (]: Databricks adapter: DatabricksDBTConnection(session-id=None, name=model.globalmart_dbt.stg_orders) - Creating connection
[0m16:39:49.510975 [debug] [Thread-1 (]: Acquiring new databricks connection 'model.globalmart_dbt.stg_customers'
[0m16:39:49.511737 [debug] [Thread-2 (]: Acquiring new databricks connection 'model.globalmart_dbt.stg_orders'
[0m16:39:49.512406 [debug] [Thread-1 (]: Began compiling node model.globalmart_dbt.stg_customers
[0m16:39:49.513068 [debug] [Thread-2 (]: Began compiling node model.globalmart_dbt.stg_orders
[0m16:39:49.521429 [debug] [Thread-1 (]: Writing injected SQL for node "model.globalmart_dbt.stg_customers"
[0m16:39:49.524959 [debug] [Thread-2 (]: Writing injected SQL for node "model.globalmart_dbt.stg_orders"
[0m16:39:49.543987 [debug] [Thread-1 (]: Began executing node model.globalmart_dbt.stg_customers
[0m16:39:49.544798 [debug] [Thread-2 (]: Began executing node model.globalmart_dbt.stg_orders
[0m16:39:49.560470 [debug] [Thread-1 (]: MATERIALIZING VIEW
[0m16:39:49.563607 [debug] [Thread-2 (]: MATERIALIZING VIEW
[0m16:39:49.566964 [warn ] [Thread-1 (]: [[33mWARNING[0m]: Use revamped materializations based on separating create and insert.  This allows more performant column comments, as well as new column features.
You may opt into the new behavior sooner by setting `flags.use_materialization_v2` to `True` in `dbt_project.yml`.
Visit https://docs.getdbt.com/reference/global-configs/behavior-changes for more information.
[0m16:39:49.569060 [debug] [Thread-1 (]: Sending event: {'category': 'dbt', 'action': 'BehaviorChangeEvent', 'label': '5888aad3-fdaa-4ff6-a3fe-8a2a1a9fb45f', 'context': [<snowplow_tracker.self_describing_json.SelfDescribingJson object at 0xff6d01d0da30>]}
[0m16:39:49.568108 [warn ] [Thread-2 (]: [[33mWARNING[0m]: Use revamped materializations based on separating create and insert.  This allows more performant column comments, as well as new column features.
You may opt into the new behavior sooner by setting `flags.use_materialization_v2` to `True` in `dbt_project.yml`.
Visit https://docs.getdbt.com/reference/global-configs/behavior-changes for more information.
[0m16:39:49.586687 [debug] [Thread-1 (]: Creating view `globalmart`.`bronze_dev`.`stg_customers`
[0m16:39:49.587612 [debug] [Thread-2 (]: Sending event: {'category': 'dbt', 'action': 'BehaviorChangeEvent', 'label': '5888aad3-fdaa-4ff6-a3fe-8a2a1a9fb45f', 'context': [<snowplow_tracker.self_describing_json.SelfDescribingJson object at 0xff6d01d0cbc0>]}
[0m16:39:49.599128 [debug] [Thread-1 (]: Writing runtime sql for node "model.globalmart_dbt.stg_customers"
[0m16:39:49.601010 [debug] [Thread-2 (]: Creating view `globalmart`.`bronze_dev`.`stg_orders`
[0m16:39:49.603371 [debug] [Thread-2 (]: Writing runtime sql for node "model.globalmart_dbt.stg_orders"
[0m16:39:49.622512 [debug] [Thread-1 (]: Using databricks connection "model.globalmart_dbt.stg_customers"
[0m16:39:49.623287 [debug] [Thread-2 (]: Using databricks connection "model.globalmart_dbt.stg_orders"
[0m16:39:49.623894 [debug] [Thread-1 (]: On model.globalmart_dbt.stg_customers: /* {"app": "dbt", "dbt_version": "1.10.8", "dbt_databricks_version": "1.10.19", "databricks_sql_connector_version": "4.0.5", "profile_name": "globalmart_dbt", "target_name": "dev", "node_id": "model.globalmart_dbt.stg_customers"} */

  
  
  create or replace view `globalmart`.`bronze_dev`.`stg_customers`
  
  as (
    with raw_customers as (
    select * from `globalmart`.`bronze`.`bronze_orders`
)
select distinct
    customer_id,
    order_priority,
    fulfillment_channel
from raw_customers
where customer_id is not null
  )

[0m16:39:49.624720 [debug] [Thread-2 (]: On model.globalmart_dbt.stg_orders: /* {"app": "dbt", "dbt_version": "1.10.8", "dbt_databricks_version": "1.10.19", "databricks_sql_connector_version": "4.0.5", "profile_name": "globalmart_dbt", "target_name": "dev", "node_id": "model.globalmart_dbt.stg_orders"} */

  
  
  create or replace view `globalmart`.`bronze_dev`.`stg_orders`
  
  as (
    with raw_orders as (
    select * from `globalmart`.`bronze`.`bronze_orders`
)
select
    order_id,
    customer_id,
    order_status,
    cast(order_purchase_timestamp as timestamp) as order_purchase_timestamp,
    cast(order_approved_at as timestamp) as order_approved_at,
    cast(order_delivered_carrier_date as timestamp) as order_delivered_carrier_date,
    cast(order_delivered_customer_date as timestamp) as order_delivered_customer_date,
    cast(order_estimated_delivery_date as timestamp) as order_estimated_delivery_date,
    order_priority,
    fulfillment_channel,
    _ingested_at
from raw_orders
where order_id is not null
  )

[0m16:39:49.625441 [debug] [Thread-1 (]: Opening a new connection, currently in state init
[0m16:39:49.626106 [debug] [Thread-2 (]: Opening a new connection, currently in state init
[0m16:39:49.772217 [debug] [Thread-2 (]: Databricks adapter: Connection(session-id=01f18aa2-f35b-1e7a-9621-26590b569c1b) - Created
[0m16:39:49.773566 [debug] [Thread-1 (]: Databricks adapter: Connection(session-id=01f18aa2-f35b-12f2-a70f-9c44291c4277) - Created
[0m16:39:50.742894 [debug] [Thread-2 (]: SQL status: OK in 1.120 seconds
[0m16:39:50.744896 [debug] [Thread-2 (]: Databricks adapter: Cursor(session-id=01f18aa2-f35b-1e7a-9621-26590b569c1b, command-id=01f18aa2-f362-1d16-87b3-d5738260b04d) - Closing
[0m16:39:50.761377 [debug] [Thread-2 (]: Applying tags to relation None
[0m16:39:50.763973 [debug] [Thread-2 (]: On model.globalmart_dbt.stg_orders: Close
[0m16:39:50.764844 [debug] [Thread-2 (]: Databricks adapter: Connection(session-id=01f18aa2-f35b-1e7a-9621-26590b569c1b) - Closing
[0m16:39:50.796341 [debug] [Thread-1 (]: SQL status: OK in 1.170 seconds
[0m16:39:50.798228 [debug] [Thread-1 (]: Databricks adapter: Cursor(session-id=01f18aa2-f35b-12f2-a70f-9c44291c4277, command-id=01f18aa2-f362-1fed-8797-5d9d275f6e94) - Closing
[0m16:39:50.800037 [debug] [Thread-1 (]: Applying tags to relation None
[0m16:39:50.838487 [debug] [Thread-1 (]: On model.globalmart_dbt.stg_customers: Close
[0m16:39:50.839722 [debug] [Thread-1 (]: Databricks adapter: Connection(session-id=01f18aa2-f35b-12f2-a70f-9c44291c4277) - Closing
[0m16:39:50.911331 [debug] [Thread-1 (]: Sending event: {'category': 'dbt', 'action': 'run_model', 'label': '5888aad3-fdaa-4ff6-a3fe-8a2a1a9fb45f', 'context': [<snowplow_tracker.self_describing_json.SelfDescribingJson object at 0xff6d01d2fef0>]}
[0m16:39:50.912055 [debug] [Thread-2 (]: Sending event: {'category': 'dbt', 'action': 'run_model', 'label': '5888aad3-fdaa-4ff6-a3fe-8a2a1a9fb45f', 'context': [<snowplow_tracker.self_describing_json.SelfDescribingJson object at 0xff6d162bb2f0>]}
[0m16:39:50.913208 [info ] [Thread-1 (]: 1 of 4 OK created sql view model bronze_dev.stg_customers ...................... [[32mOK[0m in 1.40s]
[0m16:39:50.915318 [info ] [Thread-2 (]: 2 of 4 OK created sql view model bronze_dev.stg_orders ......................... [[32mOK[0m in 1.40s]
[0m16:39:50.916414 [debug] [Thread-1 (]: Finished running node model.globalmart_dbt.stg_customers
[0m16:39:50.917805 [debug] [Thread-2 (]: Finished running node model.globalmart_dbt.stg_orders
[0m16:39:50.920041 [debug] [Thread-4 (]: Began running node model.globalmart_dbt.dim_customer_summary
[0m16:39:50.920846 [debug] [Thread-3 (]: Began running node model.globalmart_dbt.fct_monthly_orders
[0m16:39:50.922163 [info ] [Thread-4 (]: 3 of 4 START sql table model bronze_dev.dim_customer_summary ................... [RUN]
[0m16:39:50.925514 [info ] [Thread-3 (]: 4 of 4 START sql table model bronze_dev.fct_monthly_orders ..................... [RUN]
[0m16:39:50.926607 [debug] [Thread-4 (]: Databricks adapter: DatabricksDBTConnection(session-id=None, name=model.globalmart_dbt.dim_customer_summary) - Creating connection
[0m16:39:50.927638 [debug] [Thread-3 (]: Databricks adapter: DatabricksDBTConnection(session-id=None, name=model.globalmart_dbt.fct_monthly_orders) - Creating connection
[0m16:39:50.928456 [debug] [Thread-4 (]: Acquiring new databricks connection 'model.globalmart_dbt.dim_customer_summary'
[0m16:39:50.929177 [debug] [Thread-3 (]: Acquiring new databricks connection 'model.globalmart_dbt.fct_monthly_orders'
[0m16:39:50.929887 [debug] [Thread-4 (]: Began compiling node model.globalmart_dbt.dim_customer_summary
[0m16:39:50.930618 [debug] [Thread-3 (]: Began compiling node model.globalmart_dbt.fct_monthly_orders
[0m16:39:50.934342 [debug] [Thread-4 (]: Writing injected SQL for node "model.globalmart_dbt.dim_customer_summary"
[0m16:39:50.938116 [debug] [Thread-3 (]: Writing injected SQL for node "model.globalmart_dbt.fct_monthly_orders"
[0m16:39:50.940613 [debug] [Thread-4 (]: Began executing node model.globalmart_dbt.dim_customer_summary
[0m16:39:50.941377 [debug] [Thread-3 (]: Began executing node model.globalmart_dbt.fct_monthly_orders
[0m16:39:50.959824 [debug] [Thread-4 (]: MATERIALIZING TABLE
[0m16:39:50.962786 [debug] [Thread-3 (]: MATERIALIZING TABLE
[0m16:39:51.014935 [debug] [Thread-4 (]: Writing runtime sql for node "model.globalmart_dbt.dim_customer_summary"
[0m16:39:51.018612 [debug] [Thread-3 (]: Writing runtime sql for node "model.globalmart_dbt.fct_monthly_orders"
[0m16:39:51.021085 [debug] [Thread-4 (]: Using databricks connection "model.globalmart_dbt.dim_customer_summary"
[0m16:39:51.021802 [debug] [Thread-3 (]: Using databricks connection "model.globalmart_dbt.fct_monthly_orders"
[0m16:39:51.022488 [debug] [Thread-4 (]: On model.globalmart_dbt.dim_customer_summary: /* {"app": "dbt", "dbt_version": "1.10.8", "dbt_databricks_version": "1.10.19", "databricks_sql_connector_version": "4.0.5", "profile_name": "globalmart_dbt", "target_name": "dev", "node_id": "model.globalmart_dbt.dim_customer_summary"} */

  
    
        create or replace table `globalmart`.`bronze_dev`.`dim_customer_summary`
      
      
  using delta
      
      
      
      
      
      
      
      as
      with orders as (
    select * from `globalmart`.`bronze_dev`.`stg_orders`
)
select
    customer_id,
    count(distinct order_id) as total_orders_placed,
    min(order_purchase_timestamp) as first_order_timestamp,
    max(order_purchase_timestamp) as most_recent_order_timestamp
from orders
group by 1
  
[0m16:39:51.023342 [debug] [Thread-3 (]: On model.globalmart_dbt.fct_monthly_orders: /* {"app": "dbt", "dbt_version": "1.10.8", "dbt_databricks_version": "1.10.19", "databricks_sql_connector_version": "4.0.5", "profile_name": "globalmart_dbt", "target_name": "dev", "node_id": "model.globalmart_dbt.fct_monthly_orders"} */

  
    
        create or replace table `globalmart`.`bronze_dev`.`fct_monthly_orders`
      
      
  using delta
      
      
      
      
      
      
      
      as
      with orders as (
    select * from `globalmart`.`bronze_dev`.`stg_orders`
)
select
    date_trunc('month', order_purchase_timestamp) as order_month,
    count(distinct order_id) as total_orders,
    count(distinct customer_id) as unique_customers,
    count(case when order_status = 'delivered' then 1 end) as delivered_orders
from orders
group by 1
  
[0m16:39:51.024129 [debug] [Thread-4 (]: Opening a new connection, currently in state init
[0m16:39:51.025099 [debug] [Thread-3 (]: Opening a new connection, currently in state init
[0m16:39:51.156651 [debug] [Thread-4 (]: Databricks adapter: Connection(session-id=01f18aa2-f430-1252-8f31-38ca25ce8294) - Created
[0m16:39:51.170819 [debug] [Thread-3 (]: Databricks adapter: Connection(session-id=01f18aa2-f431-104e-93c3-2492803cde71) - Created
[0m16:39:58.680465 [debug] [Thread-4 (]: SQL status: OK in 7.660 seconds
[0m16:39:58.681123 [debug] [Thread-3 (]: SQL status: OK in 7.660 seconds
[0m16:39:58.683092 [debug] [Thread-4 (]: Databricks adapter: Cursor(session-id=01f18aa2-f430-1252-8f31-38ca25ce8294, command-id=01f18aa2-f435-1d7b-b820-541b0501ee86) - Closing
[0m16:39:58.684505 [debug] [Thread-3 (]: Databricks adapter: Cursor(session-id=01f18aa2-f431-104e-93c3-2492803cde71, command-id=01f18aa2-f438-1b1e-8efa-796cd9990ef1) - Closing
[0m16:39:58.767741 [debug] [Thread-4 (]: Applying tags to relation None
[0m16:39:58.785809 [debug] [Thread-4 (]: On model.globalmart_dbt.dim_customer_summary: Close
[0m16:39:58.787479 [debug] [Thread-3 (]: Applying tags to relation None
[0m16:39:58.788281 [debug] [Thread-4 (]: Databricks adapter: Connection(session-id=01f18aa2-f430-1252-8f31-38ca25ce8294) - Closing
[0m16:39:58.853198 [debug] [Thread-3 (]: On model.globalmart_dbt.fct_monthly_orders: Close
[0m16:39:58.854265 [debug] [Thread-3 (]: Databricks adapter: Connection(session-id=01f18aa2-f431-104e-93c3-2492803cde71) - Closing
[0m16:39:58.907689 [debug] [Thread-4 (]: Sending event: {'category': 'dbt', 'action': 'run_model', 'label': '5888aad3-fdaa-4ff6-a3fe-8a2a1a9fb45f', 'context': [<snowplow_tracker.self_describing_json.SelfDescribingJson object at 0xff6d01888920>]}
[0m16:39:58.908367 [debug] [Thread-3 (]: Sending event: {'category': 'dbt', 'action': 'run_model', 'label': '5888aad3-fdaa-4ff6-a3fe-8a2a1a9fb45f', 'context': [<snowplow_tracker.self_describing_json.SelfDescribingJson object at 0xff6d00f05a00>]}
[0m16:39:58.909471 [info ] [Thread-4 (]: 3 of 4 OK created sql table model bronze_dev.dim_customer_summary .............. [[32mOK[0m in 7.98s]
[0m16:39:58.910702 [info ] [Thread-3 (]: 4 of 4 OK created sql table model bronze_dev.fct_monthly_orders ................ [[32mOK[0m in 7.98s]
[0m16:39:58.912973 [debug] [Thread-4 (]: Finished running node model.globalmart_dbt.dim_customer_summary
[0m16:39:58.914013 [debug] [Thread-3 (]: Finished running node model.globalmart_dbt.fct_monthly_orders
[0m16:39:58.916377 [debug] [MainThread]: Databricks adapter: DatabricksDBTConnection(session-id=None, name=master) - Creating connection
[0m16:39:58.917257 [debug] [MainThread]: Acquiring new databricks connection 'master'
[0m16:39:58.918243 [info ] [MainThread]: 
[0m16:39:58.919131 [info ] [MainThread]: Finished running 2 table models, 2 view models in 0 hours 0 minutes and 11.80 seconds (11.80s).
[0m16:39:58.920722 [debug] [MainThread]: Command end result
[0m16:39:58.970395 [debug] [MainThread]: Wrote artifact WritableManifest to /Workspace/Users/iamnovaryn@gmail.com/DataBricks_Project/globalmart_dbt/target/manifest.json
[0m16:39:58.973902 [debug] [MainThread]: Wrote artifact SemanticManifest to /Workspace/Users/iamnovaryn@gmail.com/DataBricks_Project/globalmart_dbt/target/semantic_manifest.json
[0m16:39:58.995795 [debug] [MainThread]: Wrote artifact RunExecutionResult to /Workspace/Users/iamnovaryn@gmail.com/DataBricks_Project/globalmart_dbt/target/run_results.json
[0m16:39:58.996619 [info ] [MainThread]: 
[0m16:39:58.997597 [info ] [MainThread]: [32mCompleted successfully[0m
[0m16:39:58.998721 [info ] [MainThread]: 
[0m16:39:58.999849 [info ] [MainThread]: Done. PASS=4 WARN=0 ERROR=0 SKIP=0 NO-OP=0 TOTAL=4
[0m16:39:59.001753 [debug] [MainThread]: Resource report: {"command_name": "run", "command_success": true, "command_wall_clock_time": 14.781086, "process_in_blocks": "0", "process_kernel_time": 0.372708, "process_mem_max_rss": "257104", "process_out_blocks": "8", "process_user_time": 4.598647}
[0m16:39:59.002696 [debug] [MainThread]: Command `dbt run` succeeded at 16:39:59.002539 after 14.78 seconds
[0m16:39:59.003524 [debug] [MainThread]: Sending event: {'category': 'dbt', 'action': 'invocation', 'label': 'end', 'context': [<snowplow_tracker.self_describing_json.SelfDescribingJson object at 0xff6d162e07a0>, <snowplow_tracker.self_describing_json.SelfDescribingJson object at 0xff6d01633860>, <snowplow_tracker.self_describing_json.SelfDescribingJson object at 0xff6d01590e30>]}
[0m16:39:59.004262 [debug] [MainThread]: Flushing usage events
[0m16:39:59.082401 [debug] [MainThread]: An error was encountered while trying to flush usage events
[0m16:40:01.231903 [debug] [MainThread]: Sending event: {'category': 'dbt', 'action': 'invocation', 'label': 'start', 'context': [<snowplow_tracker.self_describing_json.SelfDescribingJson object at 0xff54e60165a0>, <snowplow_tracker.self_describing_json.SelfDescribingJson object at 0xff54e5b847a0>, <snowplow_tracker.self_describing_json.SelfDescribingJson object at 0xff54e58b6b40>]}


============================== 16:40:01.235413 | c5dfcee7-8ff8-424f-9fee-aef560954c40 ==============================
[0m16:40:01.235413 [info ] [MainThread]: Running with dbt=1.10.8
[0m16:40:01.236454 [debug] [MainThread]: running dbt with arguments {'printer_width': '80', 'indirect_selection': 'eager', 'write_json': 'True', 'log_cache_events': 'False', 'partial_parse': 'True', 'cache_selected_only': 'False', 'profiles_dir': '/home/spark-d82f9537-186c-448d-add6-49/.dbt', 'fail_fast': 'False', 'debug': 'False', 'log_path': '/Workspace/Users/iamnovaryn@gmail.com/DataBricks_Project/globalmart_dbt/logs', 'version_check': 'True', 'warn_error': 'None', 'use_colors': 'True', 'use_experimental_parser': 'False', 'empty': 'None', 'quiet': 'False', 'no_print': 'None', 'warn_error_options': 'WarnErrorOptionsV2(error=[], warn=[], silence=[])', 'introspect': 'True', 'static_parser': 'True', 'log_format': 'default', 'target_path': 'None', 'invocation_command': 'dbt docs generate', 'send_anonymous_usage_stats': 'True'}
[0m16:40:02.019298 [debug] [MainThread]: Spark adapter: Setting pyhive.hive logging to ERROR
[0m16:40:02.020448 [debug] [MainThread]: Spark adapter: Setting thrift.transport logging to ERROR
[0m16:40:02.021303 [debug] [MainThread]: Spark adapter: Setting thrift.protocol logging to ERROR
[0m16:40:02.773957 [debug] [MainThread]: Sending event: {'category': 'dbt', 'action': 'project_id', 'label': 'c5dfcee7-8ff8-424f-9fee-aef560954c40', 'context': [<snowplow_tracker.self_describing_json.SelfDescribingJson object at 0xff54e2985520>]}
[0m16:40:02.854578 [debug] [MainThread]: Sending event: {'category': 'dbt', 'action': 'adapter_info', 'label': 'c5dfcee7-8ff8-424f-9fee-aef560954c40', 'context': [<snowplow_tracker.self_describing_json.SelfDescribingJson object at 0xff54e5881a30>]}
[0m16:40:02.855840 [info ] [MainThread]: Registered adapter: databricks=1.10.19
[0m16:40:02.976753 [debug] [MainThread]: checksum: 265d66e81f90af29a7a28579c9b54d938c94f4a57c57be5f853267ae509b5fcb, vars: {}, profile: , target: , version: 1.10.8
[0m16:40:03.119272 [debug] [MainThread]: Partial parsing enabled: 0 files deleted, 0 files added, 0 files changed.
[0m16:40:03.120252 [debug] [MainThread]: Partial parsing enabled, no changes found, skipping parsing
[0m16:40:03.162855 [debug] [MainThread]: Sending event: {'category': 'dbt', 'action': 'load_project', 'label': 'c5dfcee7-8ff8-424f-9fee-aef560954c40', 'context': [<snowplow_tracker.self_describing_json.SelfDescribingJson object at 0xff54d199bcb0>]}
[0m16:40:03.173774 [debug] [MainThread]: Sending event: {'category': 'dbt', 'action': 'resource_counts', 'label': 'c5dfcee7-8ff8-424f-9fee-aef560954c40', 'context': [<snowplow_tracker.self_describing_json.SelfDescribingJson object at 0xff54d15f31a0>]}
[0m16:40:03.174807 [info ] [MainThread]: Found 4 models, 2 sources, 690 macros
[0m16:40:03.175692 [debug] [MainThread]: Sending event: {'category': 'dbt', 'action': 'runnable_timing', 'label': 'c5dfcee7-8ff8-424f-9fee-aef560954c40', 'context': [<snowplow_tracker.self_describing_json.SelfDescribingJson object at 0xff54d1639c40>]}
[0m16:40:03.178145 [info ] [MainThread]: 
[0m16:40:03.180880 [info ] [MainThread]: Concurrency: 4 threads (target='dev')
[0m16:40:03.183237 [info ] [MainThread]: 
[0m16:40:03.184306 [debug] [MainThread]: Databricks adapter: DatabricksDBTConnection(session-id=None, name=master) - Creating connection
[0m16:40:03.185136 [debug] [MainThread]: Acquiring new databricks connection 'master'
[0m16:40:03.193933 [debug] [ThreadPool]: Databricks adapter: DatabricksDBTConnection(session-id=None, name=list_globalmart_bronze_dev) - Creating connection
[0m16:40:03.195694 [debug] [ThreadPool]: Acquiring new databricks connection 'list_globalmart_bronze_dev'
[0m16:40:03.214116 [debug] [ThreadPool]: Using databricks connection "list_globalmart_bronze_dev"
[0m16:40:03.215274 [debug] [ThreadPool]: On list_globalmart_bronze_dev: /* {"app": "dbt", "dbt_version": "1.10.8", "dbt_databricks_version": "1.10.19", "databricks_sql_connector_version": "4.0.5", "profile_name": "globalmart_dbt", "target_name": "dev", "connection_name": "list_globalmart_bronze_dev"} */

    
SELECT
  table_name,
  if(table_type IN ('EXTERNAL', 'MANAGED', 'MANAGED_SHALLOW_CLONE', 'EXTERNAL_SHALLOW_CLONE'), 'table', lower(table_type)) AS table_type,
  lower(data_source_format) AS file_format,
  table_owner,
  if(
    table_type IN (
      'EXTERNAL',
      'MANAGED',
      'MANAGED_SHALLOW_CLONE',
      'EXTERNAL_SHALLOW_CLONE'
    ),
    lower(table_type),
    NULL
  ) AS databricks_table_type
FROM `system`.`information_schema`.`tables`
WHERE table_catalog = 'globalmart' 
  AND table_schema = 'bronze_dev'

  
[0m16:40:03.216154 [debug] [ThreadPool]: Opening a new connection, currently in state init
[0m16:40:03.313051 [debug] [ThreadPool]: Databricks adapter: Connection(session-id=01f18aa2-fb6e-1c6c-8521-ed34e25ce19f) - Created
[0m16:40:03.888450 [debug] [ThreadPool]: SQL status: OK in 0.670 seconds
[0m16:40:03.894157 [debug] [ThreadPool]: Databricks adapter: Cursor(session-id=01f18aa2-fb6e-1c6c-8521-ed34e25ce19f, command-id=01f18aa2-fb74-1efa-8b6b-d6f3872e284d) - Closing
[0m16:40:03.895423 [debug] [ThreadPool]: On list_globalmart_bronze_dev: Close
[0m16:40:03.896123 [debug] [ThreadPool]: Databricks adapter: Connection(session-id=01f18aa2-fb6e-1c6c-8521-ed34e25ce19f) - Closing
[0m16:40:03.960038 [debug] [MainThread]: Sending event: {'category': 'dbt', 'action': 'runnable_timing', 'label': 'c5dfcee7-8ff8-424f-9fee-aef560954c40', 'context': [<snowplow_tracker.self_describing_json.SelfDescribingJson object at 0xff54d1a1df10>]}
[0m16:40:03.965801 [debug] [Thread-1 (]: Began running node model.globalmart_dbt.stg_customers
[0m16:40:03.966431 [debug] [Thread-2 (]: Began running node model.globalmart_dbt.stg_orders
[0m16:40:03.967865 [debug] [Thread-1 (]: Databricks adapter: DatabricksDBTConnection(session-id=None, name=model.globalmart_dbt.stg_customers) - Creating connection
[0m16:40:03.969753 [debug] [Thread-2 (]: Databricks adapter: DatabricksDBTConnection(session-id=None, name=model.globalmart_dbt.stg_orders) - Creating connection
[0m16:40:03.971155 [debug] [Thread-1 (]: Acquiring new databricks connection 'model.globalmart_dbt.stg_customers'
[0m16:40:03.971959 [debug] [Thread-2 (]: Acquiring new databricks connection 'model.globalmart_dbt.stg_orders'
[0m16:40:03.972763 [debug] [Thread-1 (]: Began compiling node model.globalmart_dbt.stg_customers
[0m16:40:03.973512 [debug] [Thread-2 (]: Began compiling node model.globalmart_dbt.stg_orders
[0m16:40:03.981305 [debug] [Thread-1 (]: Writing injected SQL for node "model.globalmart_dbt.stg_customers"
[0m16:40:03.984530 [debug] [Thread-2 (]: Writing injected SQL for node "model.globalmart_dbt.stg_orders"
[0m16:40:03.986647 [debug] [Thread-1 (]: Began executing node model.globalmart_dbt.stg_customers
[0m16:40:03.987257 [debug] [Thread-2 (]: Began executing node model.globalmart_dbt.stg_orders
[0m16:40:03.988302 [debug] [Thread-1 (]: Finished running node model.globalmart_dbt.stg_customers
[0m16:40:03.989408 [debug] [Thread-2 (]: Finished running node model.globalmart_dbt.stg_orders
[0m16:40:03.990873 [debug] [Thread-4 (]: Began running node model.globalmart_dbt.dim_customer_summary
[0m16:40:03.991501 [debug] [Thread-3 (]: Began running node model.globalmart_dbt.fct_monthly_orders
[0m16:40:03.992630 [debug] [Thread-4 (]: Databricks adapter: DatabricksDBTConnection(session-id=None, name=model.globalmart_dbt.dim_customer_summary) - Creating connection
[0m16:40:03.994418 [debug] [Thread-3 (]: Databricks adapter: DatabricksDBTConnection(session-id=None, name=model.globalmart_dbt.fct_monthly_orders) - Creating connection
[0m16:40:03.995254 [debug] [Thread-4 (]: Acquiring new databricks connection 'model.globalmart_dbt.dim_customer_summary'
[0m16:40:03.996014 [debug] [Thread-3 (]: Acquiring new databricks connection 'model.globalmart_dbt.fct_monthly_orders'
[0m16:40:03.996729 [debug] [Thread-4 (]: Began compiling node model.globalmart_dbt.dim_customer_summary
[0m16:40:03.997482 [debug] [Thread-3 (]: Began compiling node model.globalmart_dbt.fct_monthly_orders
[0m16:40:04.000982 [debug] [Thread-4 (]: Writing injected SQL for node "model.globalmart_dbt.dim_customer_summary"
[0m16:40:04.010056 [debug] [Thread-3 (]: Writing injected SQL for node "model.globalmart_dbt.fct_monthly_orders"
[0m16:40:04.011942 [debug] [Thread-4 (]: Began executing node model.globalmart_dbt.dim_customer_summary
[0m16:40:04.013051 [debug] [Thread-3 (]: Began executing node model.globalmart_dbt.fct_monthly_orders
[0m16:40:04.013986 [debug] [Thread-4 (]: Finished running node model.globalmart_dbt.dim_customer_summary
[0m16:40:04.015084 [debug] [Thread-3 (]: Finished running node model.globalmart_dbt.fct_monthly_orders
[0m16:40:04.017430 [debug] [MainThread]: Command end result
[0m16:40:04.099660 [debug] [MainThread]: Wrote artifact WritableManifest to /Workspace/Users/iamnovaryn@gmail.com/DataBricks_Project/globalmart_dbt/target/manifest.json
[0m16:40:04.102758 [debug] [MainThread]: Wrote artifact SemanticManifest to /Workspace/Users/iamnovaryn@gmail.com/DataBricks_Project/globalmart_dbt/target/semantic_manifest.json
[0m16:40:04.115569 [debug] [MainThread]: Wrote artifact RunExecutionResult to /Workspace/Users/iamnovaryn@gmail.com/DataBricks_Project/globalmart_dbt/target/run_results.json
[0m16:40:04.138769 [debug] [MainThread]: Databricks adapter: DatabricksDBTConnection(session-id=None, name=generate_catalog) - Creating connection
[0m16:40:04.139752 [debug] [MainThread]: Acquiring new databricks connection 'generate_catalog'
[0m16:40:04.140455 [info ] [MainThread]: Building catalog
[0m16:40:04.143536 [debug] [ThreadPool]: Databricks adapter: DatabricksDBTConnection(session-id=None, name=('globalmart', 'bronze_dev')) - Creating connection
[0m16:40:04.144332 [debug] [ThreadPool]: Databricks adapter: DatabricksDBTConnection(session-id=None, name=('globalmart', 'bronze')) - Creating connection
[0m16:40:04.145339 [debug] [ThreadPool]: Acquiring new databricks connection '('globalmart', 'bronze_dev')'
[0m16:40:04.147021 [debug] [ThreadPool]: Acquiring new databricks connection '('globalmart', 'bronze')'
[0m16:40:04.152923 [debug] [ThreadPool]: Using databricks connection "('globalmart', 'bronze_dev')"
[0m16:40:04.155872 [debug] [ThreadPool]: Using databricks connection "('globalmart', 'bronze')"
[0m16:40:04.156702 [debug] [ThreadPool]: On ('globalmart', 'bronze_dev'): /* {"app": "dbt", "dbt_version": "1.10.8", "dbt_databricks_version": "1.10.19", "databricks_sql_connector_version": "4.0.5", "profile_name": "globalmart_dbt", "target_name": "dev", "connection_name": "('globalmart', 'bronze_dev')"} */

    
SELECT current_catalog()

  
[0m16:40:04.157470 [debug] [ThreadPool]: On ('globalmart', 'bronze'): /* {"app": "dbt", "dbt_version": "1.10.8", "dbt_databricks_version": "1.10.19", "databricks_sql_connector_version": "4.0.5", "profile_name": "globalmart_dbt", "target_name": "dev", "connection_name": "('globalmart', 'bronze')"} */

    
SELECT current_catalog()

  
[0m16:40:04.158195 [debug] [ThreadPool]: Opening a new connection, currently in state init
[0m16:40:04.158942 [debug] [ThreadPool]: Opening a new connection, currently in state init
[0m16:40:04.309704 [debug] [ThreadPool]: Databricks adapter: Connection(session-id=01f18aa2-fc06-159e-869d-9fa2a7e4e7a1) - Created
[0m16:40:04.310914 [debug] [ThreadPool]: Databricks adapter: Connection(session-id=01f18aa2-fc06-1754-bfd0-155054538587) - Created
[0m16:40:04.634994 [debug] [ThreadPool]: SQL status: OK in 0.480 seconds
[0m16:40:04.635687 [debug] [ThreadPool]: SQL status: OK in 0.480 seconds
[0m16:40:04.638122 [debug] [ThreadPool]: Databricks adapter: Cursor(session-id=01f18aa2-fc06-1754-bfd0-155054538587, command-id=01f18aa2-fc0d-1726-8793-2b893f805097) - Closing
[0m16:40:04.639956 [debug] [ThreadPool]: Databricks adapter: Cursor(session-id=01f18aa2-fc06-159e-869d-9fa2a7e4e7a1, command-id=01f18aa2-fc0d-182c-be35-f60a47b9b3f8) - Closing
[0m16:40:04.646468 [debug] [ThreadPool]: Using databricks connection "('globalmart', 'bronze_dev')"
[0m16:40:04.649509 [debug] [ThreadPool]: Using databricks connection "('globalmart', 'bronze')"
[0m16:40:04.650326 [debug] [ThreadPool]: On ('globalmart', 'bronze_dev'): /* {"app": "dbt", "dbt_version": "1.10.8", "dbt_databricks_version": "1.10.19", "databricks_sql_connector_version": "4.0.5", "profile_name": "globalmart_dbt", "target_name": "dev", "connection_name": "('globalmart', 'bronze_dev')"} */

    
SHOW TABLE EXTENDED IN `globalmart`.`bronze_dev` LIKE 'stg_orders|dim_customer_summary|fct_monthly_orders|stg_customers'

  
[0m16:40:04.651114 [debug] [ThreadPool]: On ('globalmart', 'bronze'): /* {"app": "dbt", "dbt_version": "1.10.8", "dbt_databricks_version": "1.10.19", "databricks_sql_connector_version": "4.0.5", "profile_name": "globalmart_dbt", "target_name": "dev", "connection_name": "('globalmart', 'bronze')"} */

    
SHOW TABLE EXTENDED IN `globalmart`.`bronze` LIKE 'bronze_orders|orders_partitioned'

  
[0m16:40:05.399221 [debug] [ThreadPool]: SQL status: OK in 0.750 seconds
[0m16:40:05.403265 [debug] [ThreadPool]: Databricks adapter: Cursor(session-id=01f18aa2-fc06-1754-bfd0-155054538587, command-id=01f18aa2-fc40-1ebe-9784-1ab7a4eb73b7) - Closing
[0m16:40:05.409835 [debug] [ThreadPool]: On ('globalmart', 'bronze_dev'): Close
[0m16:40:05.410804 [debug] [ThreadPool]: Databricks adapter: Connection(session-id=01f18aa2-fc06-1754-bfd0-155054538587) - Closing
[0m16:40:05.431479 [debug] [ThreadPool]: SQL status: OK in 0.780 seconds
[0m16:40:05.434368 [debug] [ThreadPool]: Databricks adapter: Cursor(session-id=01f18aa2-fc06-159e-869d-9fa2a7e4e7a1, command-id=01f18aa2-fc41-10b7-ae2b-88cb8c1046b1) - Closing
[0m16:40:05.489034 [debug] [ThreadPool]: On ('globalmart', 'bronze'): Close
[0m16:40:05.490117 [debug] [ThreadPool]: Databricks adapter: Connection(session-id=01f18aa2-fc06-159e-869d-9fa2a7e4e7a1) - Closing
[0m16:40:05.593965 [debug] [MainThread]: Wrote artifact CatalogArtifact to /Workspace/Users/iamnovaryn@gmail.com/DataBricks_Project/globalmart_dbt/target/catalog.json
[0m16:40:05.630271 [debug] [MainThread]: Wrote artifact WritableManifest to /Workspace/Users/iamnovaryn@gmail.com/DataBricks_Project/globalmart_dbt/target/manifest.json
[0m16:40:05.633156 [debug] [MainThread]: Wrote artifact SemanticManifest to /Workspace/Users/iamnovaryn@gmail.com/DataBricks_Project/globalmart_dbt/target/semantic_manifest.json
[0m16:40:05.633812 [info ] [MainThread]: Catalog written to /Workspace/Users/iamnovaryn@gmail.com/DataBricks_Project/globalmart_dbt/target/catalog.json
[0m16:40:05.635942 [debug] [MainThread]: Resource report: {"command_name": "generate", "command_success": true, "command_wall_clock_time": 4.475305, "process_in_blocks": "0", "process_kernel_time": 0.369425, "process_mem_max_rss": "247152", "process_out_blocks": "16", "process_user_time": 3.664303}
[0m16:40:05.636954 [debug] [MainThread]: Command `dbt docs generate` succeeded at 16:40:05.636823 after 4.48 seconds
[0m16:40:05.637687 [debug] [MainThread]: Sending event: {'category': 'dbt', 'action': 'invocation', 'label': 'end', 'context': [<snowplow_tracker.self_describing_json.SelfDescribingJson object at 0xff54e4c57470>, <snowplow_tracker.self_describing_json.SelfDescribingJson object at 0xff54d199b770>, <snowplow_tracker.self_describing_json.SelfDescribingJson object at 0xff54e4a94110>]}
[0m16:40:05.638354 [debug] [MainThread]: Flushing usage events
[0m16:40:05.702999 [debug] [MainThread]: An error was encountered while trying to flush usage events
[0m16:40:28.850729 [debug] [MainThread]: Sending event: {'category': 'dbt', 'action': 'invocation', 'label': 'start', 'context': [<snowplow_tracker.self_describing_json.SelfDescribingJson object at 0xff3f97d85340>, <snowplow_tracker.self_describing_json.SelfDescribingJson object at 0xff3f97d85430>, <snowplow_tracker.self_describing_json.SelfDescribingJson object at 0xff3f98d50fb0>]}


============================== 16:40:28.855180 | e865ca90-c188-43b2-a96e-1e7f7d09fc5b ==============================
[0m16:40:28.855180 [info ] [MainThread]: Running with dbt=1.10.8
[0m16:40:28.857113 [debug] [MainThread]: running dbt with arguments {'printer_width': '80', 'indirect_selection': 'eager', 'write_json': 'True', 'log_cache_events': 'False', 'partial_parse': 'True', 'cache_selected_only': 'False', 'profiles_dir': '/home/spark-d82f9537-186c-448d-add6-49/.dbt', 'fail_fast': 'False', 'debug': 'False', 'log_path': '/Workspace/Users/iamnovaryn@gmail.com/DataBricks_Project/globalmart_dbt/logs', 'version_check': 'True', 'warn_error': 'None', 'use_colors': 'True', 'use_experimental_parser': 'False', 'empty': 'False', 'quiet': 'False', 'no_print': 'None', 'warn_error_options': 'WarnErrorOptionsV2(error=[], warn=[], silence=[])', 'introspect': 'True', 'static_parser': 'True', 'log_format': 'default', 'target_path': 'None', 'invocation_command': 'dbt run --select fct_orders_incremental --full-refresh', 'send_anonymous_usage_stats': 'True'}
[0m16:40:29.655155 [debug] [MainThread]: Spark adapter: Setting pyhive.hive logging to ERROR
[0m16:40:29.656168 [debug] [MainThread]: Spark adapter: Setting thrift.transport logging to ERROR
[0m16:40:29.656877 [debug] [MainThread]: Spark adapter: Setting thrift.protocol logging to ERROR
[0m16:40:30.341134 [debug] [MainThread]: Sending event: {'category': 'dbt', 'action': 'project_id', 'label': 'e865ca90-c188-43b2-a96e-1e7f7d09fc5b', 'context': [<snowplow_tracker.self_describing_json.SelfDescribingJson object at 0xff3f84a66120>]}
[0m16:40:30.445482 [debug] [MainThread]: Sending event: {'category': 'dbt', 'action': 'adapter_info', 'label': 'e865ca90-c188-43b2-a96e-1e7f7d09fc5b', 'context': [<snowplow_tracker.self_describing_json.SelfDescribingJson object at 0xff3f86052e10>]}
[0m16:40:30.446775 [info ] [MainThread]: Registered adapter: databricks=1.10.19
[0m16:40:30.597559 [debug] [MainThread]: checksum: 265d66e81f90af29a7a28579c9b54d938c94f4a57c57be5f853267ae509b5fcb, vars: {}, profile: , target: , version: 1.10.8
[0m16:40:30.803687 [debug] [MainThread]: Partial parsing enabled: 0 files deleted, 1 files added, 0 files changed.
[0m16:40:30.805022 [debug] [MainThread]: Partial parsing: added file: globalmart_dbt://models/marts/fct_orders_incremental.sql
[0m16:40:31.131527 [debug] [MainThread]: Sending event: {'category': 'dbt', 'action': 'load_project', 'label': 'e865ca90-c188-43b2-a96e-1e7f7d09fc5b', 'context': [<snowplow_tracker.self_describing_json.SelfDescribingJson object at 0xff3f843ae1b0>]}
[0m16:40:31.233386 [debug] [MainThread]: Wrote artifact WritableManifest to /Workspace/Users/iamnovaryn@gmail.com/DataBricks_Project/globalmart_dbt/target/manifest.json
[0m16:40:31.252387 [debug] [MainThread]: Wrote artifact SemanticManifest to /Workspace/Users/iamnovaryn@gmail.com/DataBricks_Project/globalmart_dbt/target/semantic_manifest.json
[0m16:40:31.292131 [debug] [MainThread]: Sending event: {'category': 'dbt', 'action': 'resource_counts', 'label': 'e865ca90-c188-43b2-a96e-1e7f7d09fc5b', 'context': [<snowplow_tracker.self_describing_json.SelfDescribingJson object at 0xff3f84399b20>]}
[0m16:40:31.293343 [info ] [MainThread]: Found 5 models, 2 sources, 690 macros
[0m16:40:31.294290 [debug] [MainThread]: Sending event: {'category': 'dbt', 'action': 'runnable_timing', 'label': 'e865ca90-c188-43b2-a96e-1e7f7d09fc5b', 'context': [<snowplow_tracker.self_describing_json.SelfDescribingJson object at 0xff3f84296a20>]}
[0m16:40:31.296760 [info ] [MainThread]: 
[0m16:40:31.299221 [info ] [MainThread]: Concurrency: 4 threads (target='dev')
[0m16:40:31.300784 [info ] [MainThread]: 
[0m16:40:31.301893 [debug] [MainThread]: Databricks adapter: DatabricksDBTConnection(session-id=None, name=master) - Creating connection
[0m16:40:31.302694 [debug] [MainThread]: Acquiring new databricks connection 'master'
[0m16:40:31.304080 [debug] [ThreadPool]: Databricks adapter: DatabricksDBTConnection(session-id=None, name=list_globalmart) - Creating connection
[0m16:40:31.305881 [debug] [ThreadPool]: Acquiring new databricks connection 'list_globalmart'
[0m16:40:31.319036 [debug] [ThreadPool]: Using databricks connection "list_globalmart"
[0m16:40:31.320073 [debug] [ThreadPool]: On list_globalmart: /* {"app": "dbt", "dbt_version": "1.10.8", "dbt_databricks_version": "1.10.19", "databricks_sql_connector_version": "4.0.5", "profile_name": "globalmart_dbt", "target_name": "dev", "connection_name": "list_globalmart"} */

    

  SHOW SCHEMAS IN `globalmart`


  
[0m16:40:31.320963 [debug] [ThreadPool]: Opening a new connection, currently in state init
[0m16:40:31.422880 [debug] [ThreadPool]: Databricks adapter: Connection(session-id=01f18aa3-0c2f-15a5-a638-e781f3f6f56f) - Created
[0m16:40:31.689502 [debug] [ThreadPool]: SQL status: OK in 0.370 seconds
[0m16:40:31.694913 [debug] [ThreadPool]: Databricks adapter: Cursor(session-id=01f18aa3-0c2f-15a5-a638-e781f3f6f56f, command-id=01f18aa3-0c36-1153-998b-3b5d04ddec42) - Closing
[0m16:40:31.695912 [debug] [ThreadPool]: On list_globalmart: Close
[0m16:40:31.696642 [debug] [ThreadPool]: Databricks adapter: Connection(session-id=01f18aa3-0c2f-15a5-a638-e781f3f6f56f) - Closing
[0m16:40:31.767905 [debug] [ThreadPool]: Databricks adapter: DatabricksDBTConnection(session-id=None, name=list_globalmart_bronze_dev) - Creating connection
[0m16:40:31.769931 [debug] [ThreadPool]: Acquiring new databricks connection 'list_globalmart_bronze_dev'
[0m16:40:31.865258 [debug] [ThreadPool]: Using databricks connection "list_globalmart_bronze_dev"
[0m16:40:31.866267 [debug] [ThreadPool]: On list_globalmart_bronze_dev: /* {"app": "dbt", "dbt_version": "1.10.8", "dbt_databricks_version": "1.10.19", "databricks_sql_connector_version": "4.0.5", "profile_name": "globalmart_dbt", "target_name": "dev", "connection_name": "list_globalmart_bronze_dev"} */

    
SELECT
  table_name,
  if(table_type IN ('EXTERNAL', 'MANAGED', 'MANAGED_SHALLOW_CLONE', 'EXTERNAL_SHALLOW_CLONE'), 'table', lower(table_type)) AS table_type,
  lower(data_source_format) AS file_format,
  table_owner,
  if(
    table_type IN (
      'EXTERNAL',
      'MANAGED',
      'MANAGED_SHALLOW_CLONE',
      'EXTERNAL_SHALLOW_CLONE'
    ),
    lower(table_type),
    NULL
  ) AS databricks_table_type
FROM `system`.`information_schema`.`tables`
WHERE table_catalog = 'globalmart' 
  AND table_schema = 'bronze_dev'

  
[0m16:40:31.867033 [debug] [ThreadPool]: Opening a new connection, currently in state init
[0m16:40:31.962567 [debug] [ThreadPool]: Databricks adapter: Connection(session-id=01f18aa3-0c82-1d5d-9ccf-616b6c5ab9b2) - Created
[0m16:40:32.378421 [debug] [ThreadPool]: SQL status: OK in 0.510 seconds
[0m16:40:32.382278 [debug] [ThreadPool]: Databricks adapter: Cursor(session-id=01f18aa3-0c82-1d5d-9ccf-616b6c5ab9b2, command-id=01f18aa3-0c88-1c7f-96c1-561864bba33b) - Closing
[0m16:40:32.383469 [debug] [ThreadPool]: On list_globalmart_bronze_dev: Close
[0m16:40:32.384212 [debug] [ThreadPool]: Databricks adapter: Connection(session-id=01f18aa3-0c82-1d5d-9ccf-616b6c5ab9b2) - Closing
[0m16:40:32.449235 [debug] [MainThread]: Sending event: {'category': 'dbt', 'action': 'runnable_timing', 'label': 'e865ca90-c188-43b2-a96e-1e7f7d09fc5b', 'context': [<snowplow_tracker.self_describing_json.SelfDescribingJson object at 0xff3f95be8f80>]}
[0m16:40:32.452346 [debug] [Thread-1 (]: Began running node model.globalmart_dbt.fct_orders_incremental
[0m16:40:32.454345 [info ] [Thread-1 (]: 1 of 1 START sql incremental model bronze_dev.fct_orders_incremental ........... [RUN]
[0m16:40:32.455466 [debug] [Thread-1 (]: Databricks adapter: DatabricksDBTConnection(session-id=None, name=model.globalmart_dbt.fct_orders_incremental) - Creating connection
[0m16:40:32.456262 [debug] [Thread-1 (]: Acquiring new databricks connection 'model.globalmart_dbt.fct_orders_incremental'
[0m16:40:32.457027 [debug] [Thread-1 (]: Began compiling node model.globalmart_dbt.fct_orders_incremental
[0m16:40:32.469252 [debug] [Thread-1 (]: Writing injected SQL for node "model.globalmart_dbt.fct_orders_incremental"
[0m16:40:32.550571 [debug] [Thread-1 (]: Began executing node model.globalmart_dbt.fct_orders_incremental
[0m16:40:32.585222 [debug] [Thread-1 (]: MATERIALIZING INCREMENTAL
[0m16:40:32.597565 [warn ] [Thread-1 (]: [[33mWARNING[0m]: Use revamped materializations based on separating create and insert.  This allows more performant column comments, as well as new column features.
You may opt into the new behavior sooner by setting `flags.use_materialization_v2` to `True` in `dbt_project.yml`.
Visit https://docs.getdbt.com/reference/global-configs/behavior-changes for more information.
[0m16:40:32.598786 [debug] [Thread-1 (]: Sending event: {'category': 'dbt', 'action': 'BehaviorChangeEvent', 'label': 'e865ca90-c188-43b2-a96e-1e7f7d09fc5b', 'context': [<snowplow_tracker.self_describing_json.SelfDescribingJson object at 0xff3f845fe7b0>]}
[0m16:40:32.654000 [debug] [Thread-1 (]: Writing runtime sql for node "model.globalmart_dbt.fct_orders_incremental"
[0m16:40:32.711235 [debug] [Thread-1 (]: Using databricks connection "model.globalmart_dbt.fct_orders_incremental"
[0m16:40:32.712243 [debug] [Thread-1 (]: On model.globalmart_dbt.fct_orders_incremental: /* {"app": "dbt", "dbt_version": "1.10.8", "dbt_databricks_version": "1.10.19", "databricks_sql_connector_version": "4.0.5", "profile_name": "globalmart_dbt", "target_name": "dev", "node_id": "model.globalmart_dbt.fct_orders_incremental"} */

  
    
        create or replace table `globalmart`.`bronze_dev`.`fct_orders_incremental`
      
      
  using delta
      
      
      
      
      
      
      
      as
      with source_orders as (
    select * from `globalmart`.`bronze_dev`.`stg_orders`
)

select
    order_id,
    customer_id,
    order_status,
    order_purchase_timestamp,
    order_priority,
    fulfillment_channel,
    _ingested_at
from source_orders
  
[0m16:40:32.713051 [debug] [Thread-1 (]: Opening a new connection, currently in state init
[0m16:40:32.804417 [debug] [Thread-1 (]: Databricks adapter: Connection(session-id=01f18aa3-0d03-12bb-a81a-3bb28cf35d1f) - Created
[0m16:40:36.794614 [debug] [Thread-1 (]: SQL status: OK in 4.080 seconds
[0m16:40:36.796687 [debug] [Thread-1 (]: Databricks adapter: Cursor(session-id=01f18aa3-0d03-12bb-a81a-3bb28cf35d1f, command-id=01f18aa3-0d08-1fcb-8299-428dfe232147) - Closing
[0m16:40:36.805949 [debug] [Thread-1 (]: Applying tags to relation None
[0m16:40:36.826974 [debug] [Thread-1 (]: On model.globalmart_dbt.fct_orders_incremental: Close
[0m16:40:36.828009 [debug] [Thread-1 (]: Databricks adapter: Connection(session-id=01f18aa3-0d03-12bb-a81a-3bb28cf35d1f) - Closing
[0m16:40:36.893013 [debug] [Thread-1 (]: Sending event: {'category': 'dbt', 'action': 'run_model', 'label': 'e865ca90-c188-43b2-a96e-1e7f7d09fc5b', 'context': [<snowplow_tracker.self_describing_json.SelfDescribingJson object at 0xff3f9a5af3e0>]}
[0m16:40:36.894330 [info ] [Thread-1 (]: 1 of 1 OK created sql incremental model bronze_dev.fct_orders_incremental ...... [[32mOK[0m in 4.44s]
[0m16:40:36.895317 [debug] [Thread-1 (]: Finished running node model.globalmart_dbt.fct_orders_incremental
[0m16:40:36.897189 [debug] [MainThread]: Databricks adapter: DatabricksDBTConnection(session-id=None, name=master) - Creating connection
[0m16:40:36.897978 [debug] [MainThread]: Acquiring new databricks connection 'master'
[0m16:40:36.898777 [info ] [MainThread]: 
[0m16:40:36.899556 [info ] [MainThread]: Finished running 1 incremental model in 0 hours 0 minutes and 5.60 seconds (5.60s).
[0m16:40:36.900683 [debug] [MainThread]: Command end result
[0m16:40:36.942011 [debug] [MainThread]: Wrote artifact WritableManifest to /Workspace/Users/iamnovaryn@gmail.com/DataBricks_Project/globalmart_dbt/target/manifest.json
[0m16:40:36.945157 [debug] [MainThread]: Wrote artifact SemanticManifest to /Workspace/Users/iamnovaryn@gmail.com/DataBricks_Project/globalmart_dbt/target/semantic_manifest.json
[0m16:40:36.966545 [debug] [MainThread]: Wrote artifact RunExecutionResult to /Workspace/Users/iamnovaryn@gmail.com/DataBricks_Project/globalmart_dbt/target/run_results.json
[0m16:40:36.967410 [info ] [MainThread]: 
[0m16:40:36.968364 [info ] [MainThread]: [32mCompleted successfully[0m
[0m16:40:36.969711 [info ] [MainThread]: 
[0m16:40:36.970508 [info ] [MainThread]: Done. PASS=1 WARN=0 ERROR=0 SKIP=0 NO-OP=0 TOTAL=1
[0m16:40:36.971988 [debug] [MainThread]: Resource report: {"command_name": "run", "command_success": true, "command_wall_clock_time": 8.265982, "process_in_blocks": "0", "process_kernel_time": 0.352495, "process_mem_max_rss": "249096", "process_out_blocks": "0", "process_user_time": 4.103657}
[0m16:40:36.973026 [debug] [MainThread]: Command `dbt run` succeeded at 16:40:36.972846 after 8.27 seconds
[0m16:40:36.974088 [debug] [MainThread]: Sending event: {'category': 'dbt', 'action': 'invocation', 'label': 'end', 'context': [<snowplow_tracker.self_describing_json.SelfDescribingJson object at 0xff3f9899cc50>, <snowplow_tracker.self_describing_json.SelfDescribingJson object at 0xff3f990ed6a0>, <snowplow_tracker.self_describing_json.SelfDescribingJson object at 0xff3f990ec6e0>]}
[0m16:40:36.975488 [debug] [MainThread]: Flushing usage events
[0m16:40:37.045165 [debug] [MainThread]: An error was encountered while trying to flush usage events
[0m16:40:39.105285 [debug] [MainThread]: Sending event: {'category': 'dbt', 'action': 'invocation', 'label': 'start', 'context': [<snowplow_tracker.self_describing_json.SelfDescribingJson object at 0xff625acc2ff0>, <snowplow_tracker.self_describing_json.SelfDescribingJson object at 0xff625a9eb530>, <snowplow_tracker.self_describing_json.SelfDescribingJson object at 0xff625a242e40>]}


============================== 16:40:39.108857 | dd88e88c-74df-43fb-bffc-8bef433a648b ==============================
[0m16:40:39.108857 [info ] [MainThread]: Running with dbt=1.10.8
[0m16:40:39.109835 [debug] [MainThread]: running dbt with arguments {'printer_width': '80', 'indirect_selection': 'eager', 'write_json': 'True', 'log_cache_events': 'False', 'partial_parse': 'True', 'cache_selected_only': 'False', 'profiles_dir': '/home/spark-d82f9537-186c-448d-add6-49/.dbt', 'fail_fast': 'False', 'debug': 'False', 'log_path': '/Workspace/Users/iamnovaryn@gmail.com/DataBricks_Project/globalmart_dbt/logs', 'version_check': 'True', 'warn_error': 'None', 'use_colors': 'True', 'use_experimental_parser': 'False', 'empty': 'False', 'quiet': 'False', 'no_print': 'None', 'warn_error_options': 'WarnErrorOptionsV2(error=[], warn=[], silence=[])', 'introspect': 'True', 'static_parser': 'True', 'log_format': 'default', 'target_path': 'None', 'invocation_command': 'dbt run --select fct_orders_incremental', 'send_anonymous_usage_stats': 'True'}
[0m16:40:39.856339 [debug] [MainThread]: Spark adapter: Setting pyhive.hive logging to ERROR
[0m16:40:39.858314 [debug] [MainThread]: Spark adapter: Setting thrift.transport logging to ERROR
[0m16:40:39.859153 [debug] [MainThread]: Spark adapter: Setting thrift.protocol logging to ERROR
[0m16:40:40.551244 [debug] [MainThread]: Sending event: {'category': 'dbt', 'action': 'project_id', 'label': 'dd88e88c-74df-43fb-bffc-8bef433a648b', 'context': [<snowplow_tracker.self_describing_json.SelfDescribingJson object at 0xff624876d700>]}
[0m16:40:40.629177 [debug] [MainThread]: Sending event: {'category': 'dbt', 'action': 'adapter_info', 'label': 'dd88e88c-74df-43fb-bffc-8bef433a648b', 'context': [<snowplow_tracker.self_describing_json.SelfDescribingJson object at 0xff62466b54c0>]}
[0m16:40:40.630445 [info ] [MainThread]: Registered adapter: databricks=1.10.19
[0m16:40:40.750795 [debug] [MainThread]: checksum: 265d66e81f90af29a7a28579c9b54d938c94f4a57c57be5f853267ae509b5fcb, vars: {}, profile: , target: , version: 1.10.8
[0m16:40:40.873415 [debug] [MainThread]: Partial parsing enabled: 0 files deleted, 0 files added, 0 files changed.
[0m16:40:40.874402 [debug] [MainThread]: Partial parsing enabled, no changes found, skipping parsing
[0m16:40:40.912267 [debug] [MainThread]: Sending event: {'category': 'dbt', 'action': 'load_project', 'label': 'dd88e88c-74df-43fb-bffc-8bef433a648b', 'context': [<snowplow_tracker.self_describing_json.SelfDescribingJson object at 0xff624644fe60>]}
[0m16:40:40.996869 [debug] [MainThread]: Wrote artifact WritableManifest to /Workspace/Users/iamnovaryn@gmail.com/DataBricks_Project/globalmart_dbt/target/manifest.json
[0m16:40:41.000599 [debug] [MainThread]: Wrote artifact SemanticManifest to /Workspace/Users/iamnovaryn@gmail.com/DataBricks_Project/globalmart_dbt/target/semantic_manifest.json
[0m16:40:41.010288 [debug] [MainThread]: Sending event: {'category': 'dbt', 'action': 'resource_counts', 'label': 'dd88e88c-74df-43fb-bffc-8bef433a648b', 'context': [<snowplow_tracker.self_describing_json.SelfDescribingJson object at 0xff6245d98b00>]}
[0m16:40:41.011128 [info ] [MainThread]: Found 5 models, 2 sources, 690 macros
[0m16:40:41.012050 [debug] [MainThread]: Sending event: {'category': 'dbt', 'action': 'runnable_timing', 'label': 'dd88e88c-74df-43fb-bffc-8bef433a648b', 'context': [<snowplow_tracker.self_describing_json.SelfDescribingJson object at 0xff6245dad5b0>]}
[0m16:40:41.014100 [info ] [MainThread]: 
[0m16:40:41.014998 [info ] [MainThread]: Concurrency: 4 threads (target='dev')
[0m16:40:41.017623 [info ] [MainThread]: 
[0m16:40:41.018716 [debug] [MainThread]: Databricks adapter: DatabricksDBTConnection(session-id=None, name=master) - Creating connection
[0m16:40:41.020783 [debug] [MainThread]: Acquiring new databricks connection 'master'
[0m16:40:41.022632 [debug] [ThreadPool]: Databricks adapter: DatabricksDBTConnection(session-id=None, name=list_globalmart) - Creating connection
[0m16:40:41.024670 [debug] [ThreadPool]: Acquiring new databricks connection 'list_globalmart'
[0m16:40:41.041380 [debug] [ThreadPool]: Using databricks connection "list_globalmart"
[0m16:40:41.042318 [debug] [ThreadPool]: On list_globalmart: /* {"app": "dbt", "dbt_version": "1.10.8", "dbt_databricks_version": "1.10.19", "databricks_sql_connector_version": "4.0.5", "profile_name": "globalmart_dbt", "target_name": "dev", "connection_name": "list_globalmart"} */

    

  SHOW SCHEMAS IN `globalmart`


  
[0m16:40:41.043012 [debug] [ThreadPool]: Opening a new connection, currently in state init
[0m16:40:41.143614 [debug] [ThreadPool]: Databricks adapter: Connection(session-id=01f18aa3-11fb-156a-9209-79a8a6f256ef) - Created
[0m16:40:41.454717 [debug] [ThreadPool]: SQL status: OK in 0.410 seconds
[0m16:40:41.459437 [debug] [ThreadPool]: Databricks adapter: Cursor(session-id=01f18aa3-11fb-156a-9209-79a8a6f256ef, command-id=01f18aa3-1201-1bed-b693-dea6e99ea7c6) - Closing
[0m16:40:41.460476 [debug] [ThreadPool]: On list_globalmart: Close
[0m16:40:41.461154 [debug] [ThreadPool]: Databricks adapter: Connection(session-id=01f18aa3-11fb-156a-9209-79a8a6f256ef) - Closing
[0m16:40:41.535853 [debug] [ThreadPool]: Databricks adapter: DatabricksDBTConnection(session-id=None, name=list_globalmart_bronze_dev) - Creating connection
[0m16:40:41.537734 [debug] [ThreadPool]: Acquiring new databricks connection 'list_globalmart_bronze_dev'
[0m16:40:41.543002 [debug] [ThreadPool]: Using databricks connection "list_globalmart_bronze_dev"
[0m16:40:41.543925 [debug] [ThreadPool]: On list_globalmart_bronze_dev: /* {"app": "dbt", "dbt_version": "1.10.8", "dbt_databricks_version": "1.10.19", "databricks_sql_connector_version": "4.0.5", "profile_name": "globalmart_dbt", "target_name": "dev", "connection_name": "list_globalmart_bronze_dev"} */

    
SELECT
  table_name,
  if(table_type IN ('EXTERNAL', 'MANAGED', 'MANAGED_SHALLOW_CLONE', 'EXTERNAL_SHALLOW_CLONE'), 'table', lower(table_type)) AS table_type,
  lower(data_source_format) AS file_format,
  table_owner,
  if(
    table_type IN (
      'EXTERNAL',
      'MANAGED',
      'MANAGED_SHALLOW_CLONE',
      'EXTERNAL_SHALLOW_CLONE'
    ),
    lower(table_type),
    NULL
  ) AS databricks_table_type
FROM `system`.`information_schema`.`tables`
WHERE table_catalog = 'globalmart' 
  AND table_schema = 'bronze_dev'

  
[0m16:40:41.544567 [debug] [ThreadPool]: Opening a new connection, currently in state init
[0m16:40:41.635257 [debug] [ThreadPool]: Databricks adapter: Connection(session-id=01f18aa3-1246-1852-8e99-9e5cd9f4a7c3) - Created
[0m16:40:42.054426 [debug] [ThreadPool]: SQL status: OK in 0.510 seconds
[0m16:40:42.058900 [debug] [ThreadPool]: Databricks adapter: Cursor(session-id=01f18aa3-1246-1852-8e99-9e5cd9f4a7c3, command-id=01f18aa3-124b-1cc4-afb1-3236c7bf53a7) - Closing
[0m16:40:42.060297 [debug] [ThreadPool]: On list_globalmart_bronze_dev: Close
[0m16:40:42.061194 [debug] [ThreadPool]: Databricks adapter: Connection(session-id=01f18aa3-1246-1852-8e99-9e5cd9f4a7c3) - Closing
[0m16:40:42.113837 [debug] [MainThread]: Sending event: {'category': 'dbt', 'action': 'runnable_timing', 'label': 'dd88e88c-74df-43fb-bffc-8bef433a648b', 'context': [<snowplow_tracker.self_describing_json.SelfDescribingJson object at 0xff6247c1fda0>]}
[0m16:40:42.120458 [debug] [Thread-1 (]: Began running node model.globalmart_dbt.fct_orders_incremental
[0m16:40:42.122685 [info ] [Thread-1 (]: 1 of 1 START sql incremental model bronze_dev.fct_orders_incremental ........... [RUN]
[0m16:40:42.123734 [debug] [Thread-1 (]: Databricks adapter: DatabricksDBTConnection(session-id=None, name=model.globalmart_dbt.fct_orders_incremental) - Creating connection
[0m16:40:42.126310 [debug] [Thread-1 (]: Acquiring new databricks connection 'model.globalmart_dbt.fct_orders_incremental'
[0m16:40:42.127386 [debug] [Thread-1 (]: Began compiling node model.globalmart_dbt.fct_orders_incremental
[0m16:40:42.144165 [debug] [Thread-1 (]: Writing injected SQL for node "model.globalmart_dbt.fct_orders_incremental"
[0m16:40:42.146382 [debug] [Thread-1 (]: Began executing node model.globalmart_dbt.fct_orders_incremental
[0m16:40:42.185015 [debug] [Thread-1 (]: MATERIALIZING INCREMENTAL
[0m16:40:42.195817 [warn ] [Thread-1 (]: [[33mWARNING[0m]: Use revamped materializations based on separating create and insert.  This allows more performant column comments, as well as new column features.
You may opt into the new behavior sooner by setting `flags.use_materialization_v2` to `True` in `dbt_project.yml`.
Visit https://docs.getdbt.com/reference/global-configs/behavior-changes for more information.
[0m16:40:42.198317 [debug] [Thread-1 (]: Sending event: {'category': 'dbt', 'action': 'BehaviorChangeEvent', 'label': 'dd88e88c-74df-43fb-bffc-8bef433a648b', 'context': [<snowplow_tracker.self_describing_json.SelfDescribingJson object at 0xff6245def140>]}
[0m16:40:42.216322 [debug] [Thread-1 (]: Using databricks connection "model.globalmart_dbt.fct_orders_incremental"
[0m16:40:42.217553 [debug] [Thread-1 (]: On model.globalmart_dbt.fct_orders_incremental: /* {"app": "dbt", "dbt_version": "1.10.8", "dbt_databricks_version": "1.10.19", "databricks_sql_connector_version": "4.0.5", "profile_name": "globalmart_dbt", "target_name": "dev", "node_id": "model.globalmart_dbt.fct_orders_incremental"} */
SELECT tag_name, tag_value
  FROM `system`.`information_schema`.`table_tags`
  WHERE catalog_name = 'globalmart' 
    AND schema_name = 'bronze_dev'
    AND table_name = 'fct_orders_incremental'
  
[0m16:40:42.218317 [debug] [Thread-1 (]: Opening a new connection, currently in state init
[0m16:40:42.340297 [debug] [Thread-1 (]: Databricks adapter: Connection(session-id=01f18aa3-12b1-1830-a236-1aa8a9aec807) - Created
[0m16:40:42.694591 [debug] [Thread-1 (]: SQL status: OK in 0.480 seconds
[0m16:40:42.697466 [debug] [Thread-1 (]: Databricks adapter: Cursor(session-id=01f18aa3-12b1-1830-a236-1aa8a9aec807, command-id=01f18aa3-12bb-1654-a455-694f2aade0d0) - Closing
[0m16:40:42.703760 [debug] [Thread-1 (]: Using databricks connection "model.globalmart_dbt.fct_orders_incremental"
[0m16:40:42.704675 [debug] [Thread-1 (]: On model.globalmart_dbt.fct_orders_incremental: /* {"app": "dbt", "dbt_version": "1.10.8", "dbt_databricks_version": "1.10.19", "databricks_sql_connector_version": "4.0.5", "profile_name": "globalmart_dbt", "target_name": "dev", "node_id": "model.globalmart_dbt.fct_orders_incremental"} */
SELECT 
    column_name,
    tag_name,
    tag_value
  FROM `system`.`information_schema`.`column_tags`
  WHERE catalog_name = 'globalmart'
    AND schema_name = 'bronze_dev'
    AND table_name = 'fct_orders_incremental';
  
[0m16:40:43.135027 [debug] [Thread-1 (]: SQL status: OK in 0.430 seconds
[0m16:40:43.137964 [debug] [Thread-1 (]: Databricks adapter: Cursor(session-id=01f18aa3-12b1-1830-a236-1aa8a9aec807, command-id=01f18aa3-12ef-14df-9040-4b83483d0f71) - Closing
[0m16:40:43.144772 [debug] [Thread-1 (]: Using databricks connection "model.globalmart_dbt.fct_orders_incremental"
[0m16:40:43.146203 [debug] [Thread-1 (]: On model.globalmart_dbt.fct_orders_incremental: /* {"app": "dbt", "dbt_version": "1.10.8", "dbt_databricks_version": "1.10.19", "databricks_sql_connector_version": "4.0.5", "profile_name": "globalmart_dbt", "target_name": "dev", "node_id": "model.globalmart_dbt.fct_orders_incremental"} */
SELECT column_name
  FROM `globalmart`.`information_schema`.`columns`
  WHERE table_catalog = 'globalmart' 
    AND table_schema = 'bronze_dev'
    AND table_name = 'fct_orders_incremental'
    AND is_nullable = 'NO';
  
[0m16:40:43.687006 [debug] [Thread-1 (]: SQL status: OK in 0.540 seconds
[0m16:40:43.689400 [debug] [Thread-1 (]: Databricks adapter: Cursor(session-id=01f18aa3-12b1-1830-a236-1aa8a9aec807, command-id=01f18aa3-1332-1abd-a86f-f03dce3a74cf) - Closing
[0m16:40:43.696240 [debug] [Thread-1 (]: Using databricks connection "model.globalmart_dbt.fct_orders_incremental"
[0m16:40:43.697079 [debug] [Thread-1 (]: On model.globalmart_dbt.fct_orders_incremental: /* {"app": "dbt", "dbt_version": "1.10.8", "dbt_databricks_version": "1.10.19", "databricks_sql_connector_version": "4.0.5", "profile_name": "globalmart_dbt", "target_name": "dev", "node_id": "model.globalmart_dbt.fct_orders_incremental"} */
SELECT kcu.constraint_name, kcu.column_name
  FROM `globalmart`.information_schema.key_column_usage kcu
  WHERE kcu.table_catalog = 'globalmart' 
    AND kcu.table_schema = 'bronze_dev'
    AND kcu.table_name = 'fct_orders_incremental' 
    AND kcu.constraint_name = (
      SELECT constraint_name
      FROM `globalmart`.information_schema.table_constraints
      WHERE table_catalog = 'globalmart'
        AND table_schema = 'bronze_dev'
        AND table_name = 'fct_orders_incremental' 
        AND constraint_type = 'PRIMARY KEY'
    )
  ORDER BY kcu.ordinal_position;
  
[0m16:40:44.638764 [debug] [Thread-1 (]: SQL status: OK in 0.940 seconds
[0m16:40:44.641497 [debug] [Thread-1 (]: Databricks adapter: Cursor(session-id=01f18aa3-12b1-1830-a236-1aa8a9aec807, command-id=01f18aa3-1386-179b-9b45-959999a33988) - Closing
[0m16:40:44.649777 [debug] [Thread-1 (]: Using databricks connection "model.globalmart_dbt.fct_orders_incremental"
[0m16:40:44.650743 [debug] [Thread-1 (]: On model.globalmart_dbt.fct_orders_incremental: /* {"app": "dbt", "dbt_version": "1.10.8", "dbt_databricks_version": "1.10.19", "databricks_sql_connector_version": "4.0.5", "profile_name": "globalmart_dbt", "target_name": "dev", "node_id": "model.globalmart_dbt.fct_orders_incremental"} */
SELECT
    kcu.constraint_name,
    kcu.column_name AS from_column,
    ukcu.table_catalog AS to_catalog,
    ukcu.table_schema AS to_schema,
    ukcu.table_name AS to_table,
    ukcu.column_name AS to_column
  FROM `globalmart`.information_schema.key_column_usage kcu
  JOIN `globalmart`.information_schema.referential_constraints rc
    ON kcu.constraint_name = rc.constraint_name
  JOIN `globalmart`.information_schema.key_column_usage ukcu
    ON rc.unique_constraint_name = ukcu.constraint_name
    AND kcu.ordinal_position = ukcu.ordinal_position
  WHERE kcu.table_catalog = 'globalmart'
    AND kcu.table_schema = 'bronze_dev'
    AND kcu.table_name = 'fct_orders_incremental'
    AND kcu.constraint_name IN (
      SELECT constraint_name
      FROM `globalmart`.information_schema.table_constraints
      WHERE table_catalog = 'globalmart'
        AND table_schema = 'bronze_dev'
        AND table_name = 'fct_orders_incremental'
        AND constraint_type = 'FOREIGN KEY'
    )
  ORDER BY kcu.ordinal_position;
  
[0m16:40:46.379370 [debug] [Thread-1 (]: SQL status: OK in 1.730 seconds
[0m16:40:46.382477 [debug] [Thread-1 (]: Databricks adapter: Cursor(session-id=01f18aa3-12b1-1830-a236-1aa8a9aec807, command-id=01f18aa3-1418-14bc-beb6-b943ecbff59e) - Closing
[0m16:40:46.388914 [debug] [Thread-1 (]: Using databricks connection "model.globalmart_dbt.fct_orders_incremental"
[0m16:40:46.389916 [debug] [Thread-1 (]: On model.globalmart_dbt.fct_orders_incremental: /* {"app": "dbt", "dbt_version": "1.10.8", "dbt_databricks_version": "1.10.19", "databricks_sql_connector_version": "4.0.5", "profile_name": "globalmart_dbt", "target_name": "dev", "node_id": "model.globalmart_dbt.fct_orders_incremental"} */
SELECT 
    column_name,
    mask_name,
    using_columns
  FROM `system`.`information_schema`.`column_masks`
  WHERE table_catalog = 'globalmart'
    AND table_schema = 'bronze_dev'
    AND table_name = 'fct_orders_incremental';
  
[0m16:40:46.813315 [debug] [Thread-1 (]: SQL status: OK in 0.420 seconds
[0m16:40:46.816087 [debug] [Thread-1 (]: Databricks adapter: Cursor(session-id=01f18aa3-12b1-1830-a236-1aa8a9aec807, command-id=01f18aa3-1522-16fa-b9e3-d0e10d96155f) - Closing
[0m16:40:46.820392 [debug] [Thread-1 (]: Using databricks connection "model.globalmart_dbt.fct_orders_incremental"
[0m16:40:46.821269 [debug] [Thread-1 (]: On model.globalmart_dbt.fct_orders_incremental: /* {"app": "dbt", "dbt_version": "1.10.8", "dbt_databricks_version": "1.10.19", "databricks_sql_connector_version": "4.0.5", "profile_name": "globalmart_dbt", "target_name": "dev", "node_id": "model.globalmart_dbt.fct_orders_incremental"} */
SHOW TBLPROPERTIES `globalmart`.`bronze_dev`.`fct_orders_incremental`
  
[0m16:40:47.346096 [debug] [Thread-1 (]: SQL status: OK in 0.520 seconds
[0m16:40:47.350730 [debug] [Thread-1 (]: Databricks adapter: Cursor(session-id=01f18aa3-12b1-1830-a236-1aa8a9aec807, command-id=01f18aa3-1563-1d9c-b0dc-d43faf5c3051) - Closing
[0m16:40:47.355253 [debug] [Thread-1 (]: Using databricks connection "model.globalmart_dbt.fct_orders_incremental"
[0m16:40:47.356701 [debug] [Thread-1 (]: On model.globalmart_dbt.fct_orders_incremental: /* {"app": "dbt", "dbt_version": "1.10.8", "dbt_databricks_version": "1.10.19", "databricks_sql_connector_version": "4.0.5", "profile_name": "globalmart_dbt", "target_name": "dev", "node_id": "model.globalmart_dbt.fct_orders_incremental"} */
describe extended `globalmart`.`bronze_dev`.`fct_orders_incremental`
  
[0m16:40:47.775322 [debug] [Thread-1 (]: SQL status: OK in 0.420 seconds
[0m16:40:47.778315 [debug] [Thread-1 (]: Databricks adapter: Cursor(session-id=01f18aa3-12b1-1830-a236-1aa8a9aec807, command-id=01f18aa3-15b5-1204-8940-49bde4447c9c) - Closing
[0m16:40:47.779613 [debug] [Thread-1 (]: Databricks adapter: Getting diff for ColumnCommentsConfig: comments={} quoted={} persist=False and comments={'order_id': '', 'customer_id': '', 'order_status': '', 'order_purchase_timestamp': '', 'order_priority': '', 'fulfillment_channel': '', '_ingested_at': '', '': ''} quoted={} persist=False
[0m16:40:47.790970 [debug] [Thread-1 (]: Using databricks connection "model.globalmart_dbt.fct_orders_incremental"
[0m16:40:47.791922 [debug] [Thread-1 (]: On model.globalmart_dbt.fct_orders_incremental: /* {"app": "dbt", "dbt_version": "1.10.8", "dbt_databricks_version": "1.10.19", "databricks_sql_connector_version": "4.0.5", "profile_name": "globalmart_dbt", "target_name": "dev", "node_id": "model.globalmart_dbt.fct_orders_incremental"} */

  
    create or replace temporary view `fct_orders_incremental__dbt_tmp` as
      with source_orders as (
    select * from `globalmart`.`bronze_dev`.`stg_orders`
)

select
    order_id,
    customer_id,
    order_status,
    order_purchase_timestamp,
    order_priority,
    fulfillment_channel,
    _ingested_at
from source_orders


  where _ingested_at >= (select max(_ingested_at) - interval 3 days from `globalmart`.`bronze_dev`.`fct_orders_incremental`)
  
[0m16:40:48.312624 [debug] [Thread-1 (]: SQL status: OK in 0.520 seconds
[0m16:40:48.314349 [debug] [Thread-1 (]: Databricks adapter: Cursor(session-id=01f18aa3-12b1-1830-a236-1aa8a9aec807, command-id=01f18aa3-15f7-1bc4-9102-734b4f9eb055) - Closing
[0m16:40:48.345435 [debug] [Thread-1 (]: Using databricks connection "model.globalmart_dbt.fct_orders_incremental"
[0m16:40:48.350545 [debug] [Thread-1 (]: On model.globalmart_dbt.fct_orders_incremental: /* {"app": "dbt", "dbt_version": "1.10.8", "dbt_databricks_version": "1.10.19", "databricks_sql_connector_version": "4.0.5", "profile_name": "globalmart_dbt", "target_name": "dev", "node_id": "model.globalmart_dbt.fct_orders_incremental"} */

    
  DESCRIBE TABLE EXTENDED `globalmart`.`bronze_dev`.`fct_orders_incremental` AS JSON

  
[0m16:40:48.739765 [debug] [Thread-1 (]: SQL status: OK in 0.380 seconds
[0m16:40:48.748682 [debug] [Thread-1 (]: Databricks adapter: Cursor(session-id=01f18aa3-12b1-1830-a236-1aa8a9aec807, command-id=01f18aa3-164d-1700-a693-ac814c5f214a) - Closing
[0m16:40:48.751606 [debug] [Thread-1 (]: Using databricks connection "model.globalmart_dbt.fct_orders_incremental"
[0m16:40:48.756364 [debug] [Thread-1 (]: On model.globalmart_dbt.fct_orders_incremental: /* {"app": "dbt", "dbt_version": "1.10.8", "dbt_databricks_version": "1.10.19", "databricks_sql_connector_version": "4.0.5", "profile_name": "globalmart_dbt", "target_name": "dev", "node_id": "model.globalmart_dbt.fct_orders_incremental"} */

    
  DESCRIBE TABLE EXTENDED `fct_orders_incremental__dbt_tmp` AS JSON

  
[0m16:40:48.914780 [debug] [Thread-1 (]: SQL status: OK in 0.150 seconds
[0m16:40:48.925048 [debug] [Thread-1 (]: Databricks adapter: Cursor(session-id=01f18aa3-12b1-1830-a236-1aa8a9aec807, command-id=01f18aa3-168b-169f-a147-91a2a9f3af68) - Closing
[0m16:40:48.941146 [debug] [Thread-1 (]: Writing runtime sql for node "model.globalmart_dbt.fct_orders_incremental"
[0m16:40:48.943788 [debug] [Thread-1 (]: Using databricks connection "model.globalmart_dbt.fct_orders_incremental"
[0m16:40:48.944985 [debug] [Thread-1 (]: On model.globalmart_dbt.fct_orders_incremental: /* {"app": "dbt", "dbt_version": "1.10.8", "dbt_databricks_version": "1.10.19", "databricks_sql_connector_version": "4.0.5", "profile_name": "globalmart_dbt", "target_name": "dev", "node_id": "model.globalmart_dbt.fct_orders_incremental"} */
-- back compat for old kwarg name
  
  
  
  
  
  
      
          
          
      
  

    merge
    into
        `globalmart`.`bronze_dev`.`fct_orders_incremental` as DBT_INTERNAL_DEST
    using
        `fct_orders_incremental__dbt_tmp` as DBT_INTERNAL_SOURCE
    on
        
              DBT_INTERNAL_SOURCE.order_id <=> DBT_INTERNAL_DEST.order_id
          
    when matched
        then update set
            *
    when not matched
        then insert
            *

[0m16:40:56.634443 [debug] [Thread-1 (]: SQL status: OK in 7.690 seconds
[0m16:40:56.636547 [debug] [Thread-1 (]: Databricks adapter: Cursor(session-id=01f18aa3-12b1-1830-a236-1aa8a9aec807, command-id=01f18aa3-16a7-16f5-87cf-9093f20b4e50) - Closing
[0m16:40:56.741223 [debug] [Thread-1 (]: On model.globalmart_dbt.fct_orders_incremental: Close
[0m16:40:56.742255 [debug] [Thread-1 (]: Databricks adapter: Connection(session-id=01f18aa3-12b1-1830-a236-1aa8a9aec807) - Closing
[0m16:40:56.858005 [debug] [Thread-1 (]: Sending event: {'category': 'dbt', 'action': 'run_model', 'label': 'dd88e88c-74df-43fb-bffc-8bef433a648b', 'context': [<snowplow_tracker.self_describing_json.SelfDescribingJson object at 0xff625bf3f380>]}
[0m16:40:56.859391 [info ] [Thread-1 (]: 1 of 1 OK created sql incremental model bronze_dev.fct_orders_incremental ...... [[32mOK[0m in 14.73s]
[0m16:40:56.860647 [debug] [Thread-1 (]: Finished running node model.globalmart_dbt.fct_orders_incremental
[0m16:40:56.862624 [debug] [MainThread]: Databricks adapter: DatabricksDBTConnection(session-id=None, name=master) - Creating connection
[0m16:40:56.863416 [debug] [MainThread]: Acquiring new databricks connection 'master'
[0m16:40:56.864197 [info ] [MainThread]: 
[0m16:40:56.865016 [info ] [MainThread]: Finished running 1 incremental model in 0 hours 0 minutes and 15.85 seconds (15.85s).
[0m16:40:56.866148 [debug] [MainThread]: Command end result
[0m16:40:56.993080 [debug] [MainThread]: Wrote artifact WritableManifest to /Workspace/Users/iamnovaryn@gmail.com/DataBricks_Project/globalmart_dbt/target/manifest.json
[0m16:40:56.996260 [debug] [MainThread]: Wrote artifact SemanticManifest to /Workspace/Users/iamnovaryn@gmail.com/DataBricks_Project/globalmart_dbt/target/semantic_manifest.json
[0m16:40:57.002983 [debug] [MainThread]: Wrote artifact RunExecutionResult to /Workspace/Users/iamnovaryn@gmail.com/DataBricks_Project/globalmart_dbt/target/run_results.json
[0m16:40:57.005617 [info ] [MainThread]: 
[0m16:40:57.006587 [info ] [MainThread]: [32mCompleted successfully[0m
[0m16:40:57.007390 [info ] [MainThread]: 
[0m16:40:57.009543 [info ] [MainThread]: Done. PASS=1 WARN=0 ERROR=0 SKIP=0 NO-OP=0 TOTAL=1
[0m16:40:57.011162 [debug] [MainThread]: Resource report: {"command_name": "run", "command_success": true, "command_wall_clock_time": 17.978725, "process_in_blocks": "0", "process_kernel_time": 0.361025, "process_mem_max_rss": "245068", "process_out_blocks": "0", "process_user_time": 3.839933}
[0m16:40:57.012017 [debug] [MainThread]: Command `dbt run` succeeded at 16:40:57.011896 after 17.98 seconds
[0m16:40:57.012840 [debug] [MainThread]: Sending event: {'category': 'dbt', 'action': 'invocation', 'label': 'end', 'context': [<snowplow_tracker.self_describing_json.SelfDescribingJson object at 0xff6245dc6ed0>, <snowplow_tracker.self_describing_json.SelfDescribingJson object at 0xff6245dc6360>, <snowplow_tracker.self_describing_json.SelfDescribingJson object at 0xff6245dc61e0>]}
[0m16:40:57.013626 [debug] [MainThread]: Flushing usage events
[0m16:40:57.082828 [debug] [MainThread]: An error was encountered while trying to flush usage events
[0m16:41:49.127300 [debug] [MainThread]: Sending event: {'category': 'dbt', 'action': 'invocation', 'label': 'start', 'context': [<snowplow_tracker.self_describing_json.SelfDescribingJson object at 0xff9889a306e0>, <snowplow_tracker.self_describing_json.SelfDescribingJson object at 0xff9888d8ed80>, <snowplow_tracker.self_describing_json.SelfDescribingJson object at 0xff9889e12570>]}


============================== 16:41:49.131134 | bfb7db3a-3754-4521-8373-f62caabf30a3 ==============================
[0m16:41:49.131134 [info ] [MainThread]: Running with dbt=1.10.8
[0m16:41:49.132332 [debug] [MainThread]: running dbt with arguments {'printer_width': '80', 'indirect_selection': 'eager', 'write_json': 'True', 'log_cache_events': 'False', 'partial_parse': 'True', 'cache_selected_only': 'False', 'profiles_dir': '/home/spark-d82f9537-186c-448d-add6-49/.dbt', 'fail_fast': 'False', 'debug': 'False', 'log_path': '/Workspace/Users/iamnovaryn@gmail.com/DataBricks_Project/globalmart_dbt/logs', 'version_check': 'True', 'warn_error': 'None', 'use_colors': 'True', 'use_experimental_parser': 'False', 'empty': 'False', 'quiet': 'False', 'no_print': 'None', 'warn_error_options': 'WarnErrorOptionsV2(error=[], warn=[], silence=[])', 'introspect': 'True', 'static_parser': 'True', 'log_format': 'default', 'target_path': 'None', 'invocation_command': 'dbt snapshot', 'send_anonymous_usage_stats': 'True'}
[0m16:41:49.979047 [debug] [MainThread]: Spark adapter: Setting pyhive.hive logging to ERROR
[0m16:41:49.981083 [debug] [MainThread]: Spark adapter: Setting thrift.transport logging to ERROR
[0m16:41:49.982137 [debug] [MainThread]: Spark adapter: Setting thrift.protocol logging to ERROR
[0m16:41:50.744040 [debug] [MainThread]: Sending event: {'category': 'dbt', 'action': 'project_id', 'label': 'bfb7db3a-3754-4521-8373-f62caabf30a3', 'context': [<snowplow_tracker.self_describing_json.SelfDescribingJson object at 0xff9889a31400>]}
[0m16:41:50.831332 [debug] [MainThread]: Sending event: {'category': 'dbt', 'action': 'adapter_info', 'label': 'bfb7db3a-3754-4521-8373-f62caabf30a3', 'context': [<snowplow_tracker.self_describing_json.SelfDescribingJson object at 0xff9876ec2780>]}
[0m16:41:50.832707 [info ] [MainThread]: Registered adapter: databricks=1.10.19
[0m16:41:50.962225 [debug] [MainThread]: checksum: 265d66e81f90af29a7a28579c9b54d938c94f4a57c57be5f853267ae509b5fcb, vars: {}, profile: , target: , version: 1.10.8
[0m16:41:51.225876 [debug] [MainThread]: Partial parsing enabled: 0 files deleted, 1 files added, 0 files changed.
[0m16:41:51.231799 [debug] [MainThread]: Partial parsing: added file: globalmart_dbt://snapshots/snap_customers.sql
[0m16:41:51.601300 [debug] [MainThread]: Sending event: {'category': 'dbt', 'action': 'load_project', 'label': 'bfb7db3a-3754-4521-8373-f62caabf30a3', 'context': [<snowplow_tracker.self_describing_json.SelfDescribingJson object at 0xff987546a510>]}
[0m16:41:51.776621 [debug] [MainThread]: Wrote artifact WritableManifest to /Workspace/Users/iamnovaryn@gmail.com/DataBricks_Project/globalmart_dbt/target/manifest.json
[0m16:41:51.799280 [debug] [MainThread]: Wrote artifact SemanticManifest to /Workspace/Users/iamnovaryn@gmail.com/DataBricks_Project/globalmart_dbt/target/semantic_manifest.json
[0m16:41:51.847446 [debug] [MainThread]: Sending event: {'category': 'dbt', 'action': 'resource_counts', 'label': 'bfb7db3a-3754-4521-8373-f62caabf30a3', 'context': [<snowplow_tracker.self_describing_json.SelfDescribingJson object at 0xff987529c110>]}
[0m16:41:51.848479 [info ] [MainThread]: Found 5 models, 1 snapshot, 2 sources, 690 macros
[0m16:41:51.849398 [debug] [MainThread]: Sending event: {'category': 'dbt', 'action': 'runnable_timing', 'label': 'bfb7db3a-3754-4521-8373-f62caabf30a3', 'context': [<snowplow_tracker.self_describing_json.SelfDescribingJson object at 0xff9875281e50>]}
[0m16:41:51.852956 [info ] [MainThread]: 
[0m16:41:51.854015 [info ] [MainThread]: Concurrency: 4 threads (target='dev')
[0m16:41:51.854973 [info ] [MainThread]: 
[0m16:41:51.856073 [debug] [MainThread]: Databricks adapter: DatabricksDBTConnection(session-id=None, name=master) - Creating connection
[0m16:41:51.856844 [debug] [MainThread]: Acquiring new databricks connection 'master'
[0m16:41:51.858321 [debug] [ThreadPool]: Databricks adapter: DatabricksDBTConnection(session-id=None, name=list_globalmart) - Creating connection
[0m16:41:51.860077 [debug] [ThreadPool]: Acquiring new databricks connection 'list_globalmart'
[0m16:41:51.874301 [debug] [ThreadPool]: Using databricks connection "list_globalmart"
[0m16:41:51.875278 [debug] [ThreadPool]: On list_globalmart: /* {"app": "dbt", "dbt_version": "1.10.8", "dbt_databricks_version": "1.10.19", "databricks_sql_connector_version": "4.0.5", "profile_name": "globalmart_dbt", "target_name": "dev", "connection_name": "list_globalmart"} */

    

  SHOW SCHEMAS IN `globalmart`


  
[0m16:41:51.875936 [debug] [ThreadPool]: Opening a new connection, currently in state init
[0m16:41:51.979967 [debug] [ThreadPool]: Databricks adapter: Connection(session-id=01f18aa3-3c33-198d-a19f-b646b52f6ce4) - Created
[0m16:41:52.325953 [debug] [ThreadPool]: SQL status: OK in 0.450 seconds
[0m16:41:52.332818 [debug] [ThreadPool]: Databricks adapter: Cursor(session-id=01f18aa3-3c33-198d-a19f-b646b52f6ce4, command-id=01f18aa3-3c3a-1527-b40b-08aac111ad91) - Closing
[0m16:41:52.334133 [debug] [ThreadPool]: On list_globalmart: Close
[0m16:41:52.335155 [debug] [ThreadPool]: Databricks adapter: Connection(session-id=01f18aa3-3c33-198d-a19f-b646b52f6ce4) - Closing
[0m16:41:52.404604 [debug] [ThreadPool]: Databricks adapter: DatabricksDBTConnection(session-id=None, name=list_globalmart_bronze_dev) - Creating connection
[0m16:41:52.406711 [debug] [ThreadPool]: Acquiring new databricks connection 'list_globalmart_bronze_dev'
[0m16:41:52.500528 [debug] [ThreadPool]: Databricks adapter: DatabricksDBTConnection(session-id=None, name=list_globalmart_bronze) - Creating connection
[0m16:41:52.513334 [debug] [ThreadPool]: Acquiring new databricks connection 'list_globalmart_bronze'
[0m16:41:52.512767 [debug] [ThreadPool]: Using databricks connection "list_globalmart_bronze_dev"
[0m16:41:52.516030 [debug] [ThreadPool]: Using databricks connection "list_globalmart_bronze"
[0m16:41:52.516997 [debug] [ThreadPool]: On list_globalmart_bronze_dev: /* {"app": "dbt", "dbt_version": "1.10.8", "dbt_databricks_version": "1.10.19", "databricks_sql_connector_version": "4.0.5", "profile_name": "globalmart_dbt", "target_name": "dev", "connection_name": "list_globalmart_bronze_dev"} */

    
SELECT
  table_name,
  if(table_type IN ('EXTERNAL', 'MANAGED', 'MANAGED_SHALLOW_CLONE', 'EXTERNAL_SHALLOW_CLONE'), 'table', lower(table_type)) AS table_type,
  lower(data_source_format) AS file_format,
  table_owner,
  if(
    table_type IN (
      'EXTERNAL',
      'MANAGED',
      'MANAGED_SHALLOW_CLONE',
      'EXTERNAL_SHALLOW_CLONE'
    ),
    lower(table_type),
    NULL
  ) AS databricks_table_type
FROM `system`.`information_schema`.`tables`
WHERE table_catalog = 'globalmart' 
  AND table_schema = 'bronze_dev'

  
[0m16:41:52.517894 [debug] [ThreadPool]: On list_globalmart_bronze: /* {"app": "dbt", "dbt_version": "1.10.8", "dbt_databricks_version": "1.10.19", "databricks_sql_connector_version": "4.0.5", "profile_name": "globalmart_dbt", "target_name": "dev", "connection_name": "list_globalmart_bronze"} */

    
SELECT
  table_name,
  if(table_type IN ('EXTERNAL', 'MANAGED', 'MANAGED_SHALLOW_CLONE', 'EXTERNAL_SHALLOW_CLONE'), 'table', lower(table_type)) AS table_type,
  lower(data_source_format) AS file_format,
  table_owner,
  if(
    table_type IN (
      'EXTERNAL',
      'MANAGED',
      'MANAGED_SHALLOW_CLONE',
      'EXTERNAL_SHALLOW_CLONE'
    ),
    lower(table_type),
    NULL
  ) AS databricks_table_type
FROM `system`.`information_schema`.`tables`
WHERE table_catalog = 'globalmart' 
  AND table_schema = 'bronze'

  
[0m16:41:52.518656 [debug] [ThreadPool]: Opening a new connection, currently in state init
[0m16:41:52.519310 [debug] [ThreadPool]: Opening a new connection, currently in state init
[0m16:41:52.664383 [debug] [ThreadPool]: Databricks adapter: Connection(session-id=01f18aa3-3c9c-1b44-a42c-1f8e0b10ae46) - Created
[0m16:41:52.665762 [debug] [ThreadPool]: Databricks adapter: Connection(session-id=01f18aa3-3c9c-16e5-afe7-cdad8e83f31e) - Created
[0m16:41:53.120412 [debug] [ThreadPool]: SQL status: OK in 0.600 seconds
[0m16:41:53.123803 [debug] [ThreadPool]: Databricks adapter: Cursor(session-id=01f18aa3-3c9c-1b44-a42c-1f8e0b10ae46, command-id=01f18aa3-3ca3-1246-83eb-7c535798a0a2) - Closing
[0m16:41:53.126931 [debug] [ThreadPool]: On list_globalmart_bronze_dev: Close
[0m16:41:53.128094 [debug] [ThreadPool]: Databricks adapter: Connection(session-id=01f18aa3-3c9c-1b44-a42c-1f8e0b10ae46) - Closing
[0m16:41:53.272799 [debug] [ThreadPool]: SQL status: OK in 0.750 seconds
[0m16:41:53.275940 [debug] [ThreadPool]: Databricks adapter: Cursor(session-id=01f18aa3-3c9c-16e5-afe7-cdad8e83f31e, command-id=01f18aa3-3ca2-1f64-9e8b-03ee20041e3d) - Closing
[0m16:41:53.277555 [debug] [ThreadPool]: On list_globalmart_bronze: Close
[0m16:41:53.278570 [debug] [ThreadPool]: Databricks adapter: Connection(session-id=01f18aa3-3c9c-16e5-afe7-cdad8e83f31e) - Closing
[0m16:41:53.341353 [debug] [MainThread]: Sending event: {'category': 'dbt', 'action': 'runnable_timing', 'label': 'bfb7db3a-3754-4521-8373-f62caabf30a3', 'context': [<snowplow_tracker.self_describing_json.SelfDescribingJson object at 0xff98753fe090>]}
[0m16:41:53.344986 [debug] [Thread-1 (]: Began running node snapshot.globalmart_dbt.snap_customers
[0m16:41:53.347013 [info ] [Thread-1 (]: 1 of 1 START snapshot bronze.snap_customers .................................... [RUN]
[0m16:41:53.348173 [debug] [Thread-1 (]: Databricks adapter: DatabricksDBTConnection(session-id=None, name=snapshot.globalmart_dbt.snap_customers) - Creating connection
[0m16:41:53.349056 [debug] [Thread-1 (]: Acquiring new databricks connection 'snapshot.globalmart_dbt.snap_customers'
[0m16:41:53.349822 [debug] [Thread-1 (]: Began compiling node snapshot.globalmart_dbt.snap_customers
[0m16:41:53.358470 [debug] [Thread-1 (]: Began executing node snapshot.globalmart_dbt.snap_customers
[0m16:41:53.458511 [debug] [Thread-1 (]: Using databricks connection "snapshot.globalmart_dbt.snap_customers"
[0m16:41:53.459603 [debug] [Thread-1 (]: On snapshot.globalmart_dbt.snap_customers: /* {"app": "dbt", "dbt_version": "1.10.8", "dbt_databricks_version": "1.10.19", "databricks_sql_connector_version": "4.0.5", "profile_name": "globalmart_dbt", "target_name": "dev", "node_id": "snapshot.globalmart_dbt.snap_customers"} */
select * from (
        
    

    select *,
        md5(coalesce(cast(customer_id as string ), '')
         || '|' || coalesce(cast(order_purchase_timestamp as string ), '')
        ) as dbt_scd_id,
        order_purchase_timestamp as dbt_updated_at,
        order_purchase_timestamp as dbt_valid_from,
        
  
  coalesce(nullif(order_purchase_timestamp, order_purchase_timestamp), null)
  as dbt_valid_to
from (
        select distinct
    customer_id,
    order_priority,
    fulfillment_channel,
    order_purchase_timestamp
from `globalmart`.`bronze_dev`.`stg_orders`
    ) sbq



    ) as __dbt_sbq
    where false
    limit 0

[0m16:41:53.460615 [debug] [Thread-1 (]: Opening a new connection, currently in state init
[0m16:41:53.562028 [debug] [Thread-1 (]: Databricks adapter: Connection(session-id=01f18aa3-3d25-19d4-bcc7-b6e5eefd334a) - Created
[0m16:41:54.195642 [debug] [Thread-1 (]: SQL status: OK in 0.730 seconds
[0m16:41:54.203135 [debug] [Thread-1 (]: Using databricks connection "snapshot.globalmart_dbt.snap_customers"
[0m16:41:54.204191 [debug] [Thread-1 (]: On snapshot.globalmart_dbt.snap_customers: /* {"app": "dbt", "dbt_version": "1.10.8", "dbt_databricks_version": "1.10.19", "databricks_sql_connector_version": "4.0.5", "profile_name": "globalmart_dbt", "target_name": "dev", "node_id": "snapshot.globalmart_dbt.snap_customers"} */
select * from (
        select 
    current_timestamp()
 as dbt_snapshot_time
    ) as __dbt_sbq
    where false
    limit 0

[0m16:41:54.205188 [debug] [Thread-1 (]: Databricks adapter: Cursor(session-id=01f18aa3-3d25-19d4-bcc7-b6e5eefd334a, command-id=01f18aa3-3d2b-177e-8591-f40cd411cd2a) - Closing
[0m16:41:54.525109 [debug] [Thread-1 (]: SQL status: OK in 0.320 seconds
[0m16:41:54.526669 [debug] [Thread-1 (]: Writing runtime sql for node "snapshot.globalmart_dbt.snap_customers"
[0m16:41:54.572312 [debug] [Thread-1 (]: Using databricks connection "snapshot.globalmart_dbt.snap_customers"
[0m16:41:54.573296 [debug] [Thread-1 (]: On snapshot.globalmart_dbt.snap_customers: /* {"app": "dbt", "dbt_version": "1.10.8", "dbt_databricks_version": "1.10.19", "databricks_sql_connector_version": "4.0.5", "profile_name": "globalmart_dbt", "target_name": "dev", "node_id": "snapshot.globalmart_dbt.snap_customers"} */

      
  
    
        create or replace table `globalmart`.`bronze`.`snap_customers`
      
      
  using delta
      
      
      
      
      
      
      
      as
      
    

    select *,
        md5(coalesce(cast(customer_id as string ), '')
         || '|' || coalesce(cast(order_purchase_timestamp as string ), '')
        ) as dbt_scd_id,
        order_purchase_timestamp as dbt_updated_at,
        order_purchase_timestamp as dbt_valid_from,
        
  
  coalesce(nullif(order_purchase_timestamp, order_purchase_timestamp), null)
  as dbt_valid_to
from (
        select distinct
    customer_id,
    order_priority,
    fulfillment_channel,
    order_purchase_timestamp
from `globalmart`.`bronze_dev`.`stg_orders`
    ) sbq



  
  
[0m16:41:54.574411 [debug] [Thread-1 (]: Databricks adapter: Cursor(session-id=01f18aa3-3d25-19d4-bcc7-b6e5eefd334a, command-id=01f18aa3-3d8d-1ee0-b9ec-d1e0e6a3b18c) - Closing
[0m16:41:58.406111 [debug] [Thread-1 (]: SQL status: OK in 3.830 seconds
[0m16:41:58.408229 [debug] [Thread-1 (]: Databricks adapter: Cursor(session-id=01f18aa3-3d25-19d4-bcc7-b6e5eefd334a, command-id=01f18aa3-3dc6-10f6-ae96-d57342b66ab6) - Closing
[0m16:41:58.441128 [debug] [Thread-1 (]: On snapshot.globalmart_dbt.snap_customers: Close
[0m16:41:58.442544 [debug] [Thread-1 (]: Databricks adapter: Connection(session-id=01f18aa3-3d25-19d4-bcc7-b6e5eefd334a) - Closing
[0m16:41:58.497450 [debug] [Thread-1 (]: Sending event: {'category': 'dbt', 'action': 'run_model', 'label': 'bfb7db3a-3754-4521-8373-f62caabf30a3', 'context': [<snowplow_tracker.self_describing_json.SelfDescribingJson object at 0xff988a0f6900>]}
[0m16:41:58.499050 [info ] [Thread-1 (]: 1 of 1 OK snapshotted bronze.snap_customers .................................... [[32mOK[0m in 5.15s]
[0m16:41:58.500147 [debug] [Thread-1 (]: Finished running node snapshot.globalmart_dbt.snap_customers
[0m16:41:58.502139 [debug] [MainThread]: Databricks adapter: DatabricksDBTConnection(session-id=None, name=master) - Creating connection
[0m16:41:58.503014 [debug] [MainThread]: Acquiring new databricks connection 'master'
[0m16:41:58.503907 [info ] [MainThread]: 
[0m16:41:58.504708 [info ] [MainThread]: Finished running 1 snapshot in 0 hours 0 minutes and 6.65 seconds (6.65s).
[0m16:41:58.506575 [debug] [MainThread]: Command end result
[0m16:41:58.546919 [debug] [MainThread]: Wrote artifact WritableManifest to /Workspace/Users/iamnovaryn@gmail.com/DataBricks_Project/globalmart_dbt/target/manifest.json
[0m16:41:58.550355 [debug] [MainThread]: Wrote artifact SemanticManifest to /Workspace/Users/iamnovaryn@gmail.com/DataBricks_Project/globalmart_dbt/target/semantic_manifest.json
[0m16:41:58.575716 [debug] [MainThread]: Wrote artifact RunExecutionResult to /Workspace/Users/iamnovaryn@gmail.com/DataBricks_Project/globalmart_dbt/target/run_results.json
[0m16:41:58.576523 [info ] [MainThread]: 
[0m16:41:58.577465 [info ] [MainThread]: [32mCompleted successfully[0m
[0m16:41:58.578339 [info ] [MainThread]: 
[0m16:41:58.579199 [info ] [MainThread]: Done. PASS=1 WARN=0 ERROR=0 SKIP=0 NO-OP=0 TOTAL=1
[0m16:41:58.580803 [debug] [MainThread]: Resource report: {"command_name": "snapshot", "command_success": true, "command_wall_clock_time": 9.605591, "process_in_blocks": "0", "process_kernel_time": 0.500124, "process_mem_max_rss": "250776", "process_out_blocks": "8", "process_user_time": 4.228319}
[0m16:41:58.581718 [debug] [MainThread]: Command `dbt snapshot` succeeded at 16:41:58.581556 after 9.61 seconds
[0m16:41:58.582550 [debug] [MainThread]: Sending event: {'category': 'dbt', 'action': 'invocation', 'label': 'end', 'context': [<snowplow_tracker.self_describing_json.SelfDescribingJson object at 0xff988b909370>, <snowplow_tracker.self_describing_json.SelfDescribingJson object at 0xff988b3d33b0>, <snowplow_tracker.self_describing_json.SelfDescribingJson object at 0xff988b3d1d30>]}
[0m16:41:58.583309 [debug] [MainThread]: Flushing usage events
[0m16:41:58.652339 [debug] [MainThread]: An error was encountered while trying to flush usage events
[0m16:42:31.759288 [debug] [MainThread]: Sending event: {'category': 'dbt', 'action': 'invocation', 'label': 'start', 'context': [<snowplow_tracker.self_describing_json.SelfDescribingJson object at 0xff984d5e3410>, <snowplow_tracker.self_describing_json.SelfDescribingJson object at 0xff984d5e33b0>, <snowplow_tracker.self_describing_json.SelfDescribingJson object at 0xff984d5e2f90>]}


============================== 16:42:31.762794 | d8ec1256-96c8-461a-bd7b-6985ff308d6e ==============================
[0m16:42:31.762794 [info ] [MainThread]: Running with dbt=1.10.8
[0m16:42:31.763756 [debug] [MainThread]: running dbt with arguments {'printer_width': '80', 'indirect_selection': 'eager', 'write_json': 'True', 'log_cache_events': 'False', 'partial_parse': 'True', 'cache_selected_only': 'False', 'profiles_dir': '/home/spark-d82f9537-186c-448d-add6-49/.dbt', 'fail_fast': 'False', 'debug': 'False', 'log_path': '/Workspace/Users/iamnovaryn@gmail.com/DataBricks_Project/globalmart_dbt/logs', 'version_check': 'True', 'warn_error': 'None', 'use_colors': 'True', 'use_experimental_parser': 'False', 'empty': 'None', 'quiet': 'False', 'no_print': 'None', 'warn_error_options': 'WarnErrorOptionsV2(error=[], warn=[], silence=[])', 'introspect': 'True', 'static_parser': 'True', 'log_format': 'default', 'target_path': 'None', 'invocation_command': 'dbt test', 'send_anonymous_usage_stats': 'True'}
[0m16:42:32.616455 [debug] [MainThread]: Spark adapter: Setting pyhive.hive logging to ERROR
[0m16:42:32.617771 [debug] [MainThread]: Spark adapter: Setting thrift.transport logging to ERROR
[0m16:42:32.618556 [debug] [MainThread]: Spark adapter: Setting thrift.protocol logging to ERROR
[0m16:42:33.389256 [debug] [MainThread]: Sending event: {'category': 'dbt', 'action': 'project_id', 'label': 'd8ec1256-96c8-461a-bd7b-6985ff308d6e', 'context': [<snowplow_tracker.self_describing_json.SelfDescribingJson object at 0xff983a461400>]}
[0m16:42:33.475178 [debug] [MainThread]: Sending event: {'category': 'dbt', 'action': 'adapter_info', 'label': 'd8ec1256-96c8-461a-bd7b-6985ff308d6e', 'context': [<snowplow_tracker.self_describing_json.SelfDescribingJson object at 0xff984d5e31a0>]}
[0m16:42:33.476462 [info ] [MainThread]: Registered adapter: databricks=1.10.19
[0m16:42:33.597010 [debug] [MainThread]: checksum: 265d66e81f90af29a7a28579c9b54d938c94f4a57c57be5f853267ae509b5fcb, vars: {}, profile: , target: , version: 1.10.8
[0m16:42:33.859665 [debug] [MainThread]: Partial parsing enabled: 0 files deleted, 2 files added, 3 files changed.
[0m16:42:33.860897 [debug] [MainThread]: Partial parsing: added file: globalmart_dbt://macros/convert_tz.sql
[0m16:42:33.861778 [debug] [MainThread]: Partial parsing: added file: globalmart_dbt://tests/assert_positive_total_orders.sql
[0m16:42:33.862922 [debug] [MainThread]: Partial parsing: updated file: globalmart_dbt://models/schema.yml
[0m16:42:33.863966 [debug] [MainThread]: Partial parsing: updated file: globalmart_dbt://models/staging/stg_orders.sql
[0m16:42:33.864776 [debug] [MainThread]: Partial parsing: updated file: globalmart_dbt://models/marts/fct_monthly_orders.sql
[0m16:42:34.630477 [debug] [MainThread]: Sending event: {'category': 'dbt', 'action': 'load_project', 'label': 'd8ec1256-96c8-461a-bd7b-6985ff308d6e', 'context': [<snowplow_tracker.self_describing_json.SelfDescribingJson object at 0xff9839486f00>]}
[0m16:42:34.762664 [debug] [MainThread]: Wrote artifact WritableManifest to /Workspace/Users/iamnovaryn@gmail.com/DataBricks_Project/globalmart_dbt/target/manifest.json
[0m16:42:34.783992 [debug] [MainThread]: Wrote artifact SemanticManifest to /Workspace/Users/iamnovaryn@gmail.com/DataBricks_Project/globalmart_dbt/target/semantic_manifest.json
[0m16:42:34.838850 [debug] [MainThread]: Sending event: {'category': 'dbt', 'action': 'resource_counts', 'label': 'd8ec1256-96c8-461a-bd7b-6985ff308d6e', 'context': [<snowplow_tracker.self_describing_json.SelfDescribingJson object at 0xff98394c4410>]}
[0m16:42:34.839802 [info ] [MainThread]: Found 5 models, 1 snapshot, 6 data tests, 2 sources, 691 macros
[0m16:42:34.840858 [debug] [MainThread]: Sending event: {'category': 'dbt', 'action': 'runnable_timing', 'label': 'd8ec1256-96c8-461a-bd7b-6985ff308d6e', 'context': [<snowplow_tracker.self_describing_json.SelfDescribingJson object at 0xff984f11f0e0>]}
[0m16:42:34.843571 [info ] [MainThread]: 
[0m16:42:34.844638 [info ] [MainThread]: Concurrency: 4 threads (target='dev')
[0m16:42:34.845403 [info ] [MainThread]: 
[0m16:42:34.846590 [debug] [MainThread]: Databricks adapter: DatabricksDBTConnection(session-id=None, name=master) - Creating connection
[0m16:42:34.847432 [debug] [MainThread]: Acquiring new databricks connection 'master'
[0m16:42:34.855268 [debug] [ThreadPool]: Databricks adapter: DatabricksDBTConnection(session-id=None, name=list_globalmart_bronze_dev) - Creating connection
[0m16:42:34.856143 [debug] [ThreadPool]: Databricks adapter: DatabricksDBTConnection(session-id=None, name=list_globalmart_bronze) - Creating connection
[0m16:42:34.857054 [debug] [ThreadPool]: Acquiring new databricks connection 'list_globalmart_bronze_dev'
[0m16:42:34.858725 [debug] [ThreadPool]: Acquiring new databricks connection 'list_globalmart_bronze'
[0m16:42:34.871152 [debug] [ThreadPool]: Using databricks connection "list_globalmart_bronze_dev"
[0m16:42:34.873673 [debug] [ThreadPool]: Using databricks connection "list_globalmart_bronze"
[0m16:42:34.874606 [debug] [ThreadPool]: On list_globalmart_bronze_dev: /* {"app": "dbt", "dbt_version": "1.10.8", "dbt_databricks_version": "1.10.19", "databricks_sql_connector_version": "4.0.5", "profile_name": "globalmart_dbt", "target_name": "dev", "connection_name": "list_globalmart_bronze_dev"} */

    
SELECT
  table_name,
  if(table_type IN ('EXTERNAL', 'MANAGED', 'MANAGED_SHALLOW_CLONE', 'EXTERNAL_SHALLOW_CLONE'), 'table', lower(table_type)) AS table_type,
  lower(data_source_format) AS file_format,
  table_owner,
  if(
    table_type IN (
      'EXTERNAL',
      'MANAGED',
      'MANAGED_SHALLOW_CLONE',
      'EXTERNAL_SHALLOW_CLONE'
    ),
    lower(table_type),
    NULL
  ) AS databricks_table_type
FROM `system`.`information_schema`.`tables`
WHERE table_catalog = 'globalmart' 
  AND table_schema = 'bronze_dev'

  
[0m16:42:34.875441 [debug] [ThreadPool]: On list_globalmart_bronze: /* {"app": "dbt", "dbt_version": "1.10.8", "dbt_databricks_version": "1.10.19", "databricks_sql_connector_version": "4.0.5", "profile_name": "globalmart_dbt", "target_name": "dev", "connection_name": "list_globalmart_bronze"} */

    
SELECT
  table_name,
  if(table_type IN ('EXTERNAL', 'MANAGED', 'MANAGED_SHALLOW_CLONE', 'EXTERNAL_SHALLOW_CLONE'), 'table', lower(table_type)) AS table_type,
  lower(data_source_format) AS file_format,
  table_owner,
  if(
    table_type IN (
      'EXTERNAL',
      'MANAGED',
      'MANAGED_SHALLOW_CLONE',
      'EXTERNAL_SHALLOW_CLONE'
    ),
    lower(table_type),
    NULL
  ) AS databricks_table_type
FROM `system`.`information_schema`.`tables`
WHERE table_catalog = 'globalmart' 
  AND table_schema = 'bronze'

  
[0m16:42:34.876129 [debug] [ThreadPool]: Opening a new connection, currently in state init
[0m16:42:34.876876 [debug] [ThreadPool]: Opening a new connection, currently in state init
[0m16:42:35.020695 [debug] [ThreadPool]: Databricks adapter: Connection(session-id=01f18aa3-55da-1c5c-8ceb-1e68bb23a54c) - Created
[0m16:42:35.022176 [debug] [ThreadPool]: Databricks adapter: Connection(session-id=01f18aa3-55da-1b76-921e-6f2221330855) - Created
[0m16:42:35.508183 [debug] [ThreadPool]: SQL status: OK in 0.630 seconds
[0m16:42:35.513641 [debug] [ThreadPool]: Databricks adapter: Cursor(session-id=01f18aa3-55da-1b76-921e-6f2221330855, command-id=01f18aa3-55e2-15d6-a390-86ddd9c6a188) - Closing
[0m16:42:35.515312 [debug] [ThreadPool]: On list_globalmart_bronze_dev: Close
[0m16:42:35.516384 [debug] [ThreadPool]: Databricks adapter: Connection(session-id=01f18aa3-55da-1b76-921e-6f2221330855) - Closing
[0m16:42:35.656192 [debug] [ThreadPool]: SQL status: OK in 0.780 seconds
[0m16:42:35.659687 [debug] [ThreadPool]: Databricks adapter: Cursor(session-id=01f18aa3-55da-1c5c-8ceb-1e68bb23a54c, command-id=01f18aa3-55e1-1f4f-928f-bfaf3ff98fb6) - Closing
[0m16:42:35.661166 [debug] [ThreadPool]: On list_globalmart_bronze: Close
[0m16:42:35.661871 [debug] [ThreadPool]: Databricks adapter: Connection(session-id=01f18aa3-55da-1c5c-8ceb-1e68bb23a54c) - Closing
[0m16:42:35.715660 [debug] [MainThread]: Sending event: {'category': 'dbt', 'action': 'runnable_timing', 'label': 'd8ec1256-96c8-461a-bd7b-6985ff308d6e', 'context': [<snowplow_tracker.self_describing_json.SelfDescribingJson object at 0xff98394ef1d0>]}
[0m16:42:35.720047 [debug] [Thread-1 (]: Began running node test.globalmart_dbt.assert_positive_total_orders
[0m16:42:35.720665 [debug] [Thread-2 (]: Began running node test.globalmart_dbt.not_null_fct_orders_incremental_customer_id.10434cc363
[0m16:42:35.721250 [debug] [Thread-3 (]: Began running node test.globalmart_dbt.not_null_fct_orders_incremental_order_id.79bde623c0
[0m16:42:35.721836 [debug] [Thread-4 (]: Began running node test.globalmart_dbt.not_null_stg_orders_order_id.81cfe2fe64
[0m16:42:35.722733 [info ] [Thread-1 (]: 1 of 6 START test assert_positive_total_orders ................................. [RUN]
[0m16:42:35.724546 [info ] [Thread-2 (]: 2 of 6 START test not_null_fct_orders_incremental_customer_id .................. [RUN]
[0m16:42:35.726104 [info ] [Thread-3 (]: 3 of 6 START test not_null_fct_orders_incremental_order_id ..................... [RUN]
[0m16:42:35.728056 [info ] [Thread-4 (]: 4 of 6 START test not_null_stg_orders_order_id ................................. [RUN]
[0m16:42:35.729047 [debug] [Thread-1 (]: Databricks adapter: DatabricksDBTConnection(session-id=None, name=test.globalmart_dbt.assert_positive_total_orders) - Creating connection
[0m16:42:35.730024 [debug] [Thread-2 (]: Databricks adapter: DatabricksDBTConnection(session-id=None, name=test.globalmart_dbt.not_null_fct_orders_incremental_customer_id.10434cc363) - Creating connection
[0m16:42:35.730974 [debug] [Thread-3 (]: Databricks adapter: DatabricksDBTConnection(session-id=None, name=test.globalmart_dbt.not_null_fct_orders_incremental_order_id.79bde623c0) - Creating connection
[0m16:42:35.731823 [debug] [Thread-4 (]: Databricks adapter: DatabricksDBTConnection(session-id=None, name=test.globalmart_dbt.not_null_stg_orders_order_id.81cfe2fe64) - Creating connection
[0m16:42:35.732528 [debug] [Thread-1 (]: Acquiring new databricks connection 'test.globalmart_dbt.assert_positive_total_orders'
[0m16:42:35.733283 [debug] [Thread-2 (]: Acquiring new databricks connection 'test.globalmart_dbt.not_null_fct_orders_incremental_customer_id.10434cc363'
[0m16:42:35.734143 [debug] [Thread-3 (]: Acquiring new databricks connection 'test.globalmart_dbt.not_null_fct_orders_incremental_order_id.79bde623c0'
[0m16:42:35.734938 [debug] [Thread-4 (]: Acquiring new databricks connection 'test.globalmart_dbt.not_null_stg_orders_order_id.81cfe2fe64'
[0m16:42:35.735690 [debug] [Thread-1 (]: Began compiling node test.globalmart_dbt.assert_positive_total_orders
[0m16:42:35.736471 [debug] [Thread-2 (]: Began compiling node test.globalmart_dbt.not_null_fct_orders_incremental_customer_id.10434cc363
[0m16:42:35.737322 [debug] [Thread-3 (]: Began compiling node test.globalmart_dbt.not_null_fct_orders_incremental_order_id.79bde623c0
[0m16:42:35.738048 [debug] [Thread-4 (]: Began compiling node test.globalmart_dbt.not_null_stg_orders_order_id.81cfe2fe64
[0m16:42:35.745715 [debug] [Thread-1 (]: Writing injected SQL for node "test.globalmart_dbt.assert_positive_total_orders"
[0m16:42:35.771744 [debug] [Thread-2 (]: Writing injected SQL for node "test.globalmart_dbt.not_null_fct_orders_incremental_customer_id.10434cc363"
[0m16:42:35.772494 [debug] [Thread-3 (]: Writing injected SQL for node "test.globalmart_dbt.not_null_fct_orders_incremental_order_id.79bde623c0"
[0m16:42:35.777229 [debug] [Thread-4 (]: Writing injected SQL for node "test.globalmart_dbt.not_null_stg_orders_order_id.81cfe2fe64"
[0m16:42:35.823065 [debug] [Thread-1 (]: Began executing node test.globalmart_dbt.assert_positive_total_orders
[0m16:42:35.842680 [debug] [Thread-1 (]: Writing runtime sql for node "test.globalmart_dbt.assert_positive_total_orders"
[0m16:42:35.845485 [debug] [Thread-2 (]: Began executing node test.globalmart_dbt.not_null_fct_orders_incremental_customer_id.10434cc363
[0m16:42:35.846217 [debug] [Thread-3 (]: Began executing node test.globalmart_dbt.not_null_fct_orders_incremental_order_id.79bde623c0
[0m16:42:35.846769 [debug] [Thread-4 (]: Began executing node test.globalmart_dbt.not_null_stg_orders_order_id.81cfe2fe64
[0m16:42:35.849970 [debug] [Thread-2 (]: Writing runtime sql for node "test.globalmart_dbt.not_null_fct_orders_incremental_customer_id.10434cc363"
[0m16:42:35.853497 [debug] [Thread-3 (]: Writing runtime sql for node "test.globalmart_dbt.not_null_fct_orders_incremental_order_id.79bde623c0"
[0m16:42:35.856422 [debug] [Thread-4 (]: Writing runtime sql for node "test.globalmart_dbt.not_null_stg_orders_order_id.81cfe2fe64"
[0m16:42:35.883794 [debug] [Thread-1 (]: Using databricks connection "test.globalmart_dbt.assert_positive_total_orders"
[0m16:42:35.884744 [debug] [Thread-1 (]: On test.globalmart_dbt.assert_positive_total_orders: /* {"app": "dbt", "dbt_version": "1.10.8", "dbt_databricks_version": "1.10.19", "databricks_sql_connector_version": "4.0.5", "profile_name": "globalmart_dbt", "target_name": "dev", "node_id": "test.globalmart_dbt.assert_positive_total_orders"} */

    select
      count(*) as failures,
      count(*) != 0 as should_warn,
      count(*) != 0 as should_error
    from (
      
    
  select
    order_month,
    total_orders
from `globalmart`.`bronze_dev`.`fct_monthly_orders`
where total_orders <= 0
  
  
      
    ) dbt_internal_test
[0m16:42:35.885604 [debug] [Thread-1 (]: Opening a new connection, currently in state init
[0m16:42:35.897298 [debug] [Thread-2 (]: Using databricks connection "test.globalmart_dbt.not_null_fct_orders_incremental_customer_id.10434cc363"
[0m16:42:35.898326 [debug] [Thread-2 (]: On test.globalmart_dbt.not_null_fct_orders_incremental_customer_id.10434cc363: /* {"app": "dbt", "dbt_version": "1.10.8", "dbt_databricks_version": "1.10.19", "databricks_sql_connector_version": "4.0.5", "profile_name": "globalmart_dbt", "target_name": "dev", "node_id": "test.globalmart_dbt.not_null_fct_orders_incremental_customer_id.10434cc363"} */

    select
      count(*) as failures,
      count(*) != 0 as should_warn,
      count(*) != 0 as should_error
    from (
      
    
  
    
    



select customer_id
from `globalmart`.`bronze_dev`.`fct_orders_incremental`
where customer_id is null



  
  
      
    ) dbt_internal_test
[0m16:42:35.899229 [debug] [Thread-2 (]: Opening a new connection, currently in state init
[0m16:42:35.899972 [debug] [Thread-4 (]: Using databricks connection "test.globalmart_dbt.not_null_stg_orders_order_id.81cfe2fe64"
[0m16:42:35.900508 [debug] [Thread-3 (]: Using databricks connection "test.globalmart_dbt.not_null_fct_orders_incremental_order_id.79bde623c0"
[0m16:42:35.902045 [debug] [Thread-4 (]: On test.globalmart_dbt.not_null_stg_orders_order_id.81cfe2fe64: /* {"app": "dbt", "dbt_version": "1.10.8", "dbt_databricks_version": "1.10.19", "databricks_sql_connector_version": "4.0.5", "profile_name": "globalmart_dbt", "target_name": "dev", "node_id": "test.globalmart_dbt.not_null_stg_orders_order_id.81cfe2fe64"} */

    select
      count(*) as failures,
      count(*) != 0 as should_warn,
      count(*) != 0 as should_error
    from (
      
    
  
    
    



select order_id
from `globalmart`.`bronze_dev`.`stg_orders`
where order_id is null



  
  
      
    ) dbt_internal_test
[0m16:42:35.903115 [debug] [Thread-3 (]: On test.globalmart_dbt.not_null_fct_orders_incremental_order_id.79bde623c0: /* {"app": "dbt", "dbt_version": "1.10.8", "dbt_databricks_version": "1.10.19", "databricks_sql_connector_version": "4.0.5", "profile_name": "globalmart_dbt", "target_name": "dev", "node_id": "test.globalmart_dbt.not_null_fct_orders_incremental_order_id.79bde623c0"} */

    select
      count(*) as failures,
      count(*) != 0 as should_warn,
      count(*) != 0 as should_error
    from (
      
    
  
    
    



select order_id
from `globalmart`.`bronze_dev`.`fct_orders_incremental`
where order_id is null



  
  
      
    ) dbt_internal_test
[0m16:42:35.903944 [debug] [Thread-4 (]: Opening a new connection, currently in state init
[0m16:42:35.904910 [debug] [Thread-3 (]: Opening a new connection, currently in state init
[0m16:42:36.085280 [debug] [Thread-1 (]: Databricks adapter: Connection(session-id=01f18aa3-567e-12c0-9838-4b1c3b40d2d4) - Created
[0m16:42:36.156368 [debug] [Thread-2 (]: Databricks adapter: Connection(session-id=01f18aa3-5689-1635-9d93-2bf3b8b09bde) - Created
[0m16:42:36.166929 [debug] [Thread-4 (]: Databricks adapter: Connection(session-id=01f18aa3-568a-191b-8d66-7ffbf448cabb) - Created
[0m16:42:36.172613 [debug] [Thread-3 (]: Databricks adapter: Connection(session-id=01f18aa3-568a-1e1e-8fce-feb50c204a21) - Created
[0m16:42:37.481345 [debug] [Thread-1 (]: SQL status: OK in 1.600 seconds
[0m16:42:37.484710 [debug] [Thread-1 (]: Databricks adapter: Cursor(session-id=01f18aa3-567e-12c0-9838-4b1c3b40d2d4, command-id=01f18aa3-5688-1f30-888c-106b20ec06a0) - Closing
[0m16:42:37.488524 [debug] [Thread-1 (]: On test.globalmart_dbt.assert_positive_total_orders: Close
[0m16:42:37.489431 [debug] [Thread-1 (]: Databricks adapter: Connection(session-id=01f18aa3-567e-12c0-9838-4b1c3b40d2d4) - Closing
[0m16:42:37.559040 [info ] [Thread-1 (]: 1 of 6 PASS assert_positive_total_orders ....................................... [[32mPASS[0m in 1.83s]
[0m16:42:37.560372 [debug] [Thread-1 (]: Finished running node test.globalmart_dbt.assert_positive_total_orders
[0m16:42:37.561242 [debug] [Thread-1 (]: Began running node test.globalmart_dbt.unique_fct_orders_incremental_order_id.dadaa56a56
[0m16:42:37.562095 [info ] [Thread-1 (]: 5 of 6 START test unique_fct_orders_incremental_order_id ....................... [RUN]
[0m16:42:37.563238 [debug] [Thread-1 (]: Databricks adapter: DatabricksDBTConnection(session-id=None, name=test.globalmart_dbt.unique_fct_orders_incremental_order_id.dadaa56a56) - Creating connection
[0m16:42:37.564094 [debug] [Thread-1 (]: Acquiring new databricks connection 'test.globalmart_dbt.unique_fct_orders_incremental_order_id.dadaa56a56'
[0m16:42:37.564884 [debug] [Thread-1 (]: Began compiling node test.globalmart_dbt.unique_fct_orders_incremental_order_id.dadaa56a56
[0m16:42:37.575205 [debug] [Thread-1 (]: Writing injected SQL for node "test.globalmart_dbt.unique_fct_orders_incremental_order_id.dadaa56a56"
[0m16:42:37.577151 [debug] [Thread-1 (]: Began executing node test.globalmart_dbt.unique_fct_orders_incremental_order_id.dadaa56a56
[0m16:42:37.579892 [debug] [Thread-1 (]: Writing runtime sql for node "test.globalmart_dbt.unique_fct_orders_incremental_order_id.dadaa56a56"
[0m16:42:37.581800 [debug] [Thread-1 (]: Using databricks connection "test.globalmart_dbt.unique_fct_orders_incremental_order_id.dadaa56a56"
[0m16:42:37.582588 [debug] [Thread-1 (]: On test.globalmart_dbt.unique_fct_orders_incremental_order_id.dadaa56a56: /* {"app": "dbt", "dbt_version": "1.10.8", "dbt_databricks_version": "1.10.19", "databricks_sql_connector_version": "4.0.5", "profile_name": "globalmart_dbt", "target_name": "dev", "node_id": "test.globalmart_dbt.unique_fct_orders_incremental_order_id.dadaa56a56"} */

    select
      count(*) as failures,
      count(*) != 0 as should_warn,
      count(*) != 0 as should_error
    from (
      
    
  
    
    

select
    order_id as unique_field,
    count(*) as n_records

from `globalmart`.`bronze_dev`.`fct_orders_incremental`
where order_id is not null
group by order_id
having count(*) > 1



  
  
      
    ) dbt_internal_test
[0m16:42:37.583236 [debug] [Thread-1 (]: Opening a new connection, currently in state init
[0m16:42:37.679455 [debug] [Thread-1 (]: Databricks adapter: Connection(session-id=01f18aa3-5771-1905-9d7c-44b1296faae4) - Created
[0m16:42:37.891517 [debug] [Thread-2 (]: SQL status: OK in 1.990 seconds
[0m16:42:37.894451 [debug] [Thread-2 (]: Databricks adapter: Cursor(session-id=01f18aa3-5689-1635-9d93-2bf3b8b09bde, command-id=01f18aa3-568e-1ff7-8f4b-da7c92873fe8) - Closing
[0m16:42:37.895663 [debug] [Thread-2 (]: On test.globalmart_dbt.not_null_fct_orders_incremental_customer_id.10434cc363: Close
[0m16:42:37.896560 [debug] [Thread-2 (]: Databricks adapter: Connection(session-id=01f18aa3-5689-1635-9d93-2bf3b8b09bde) - Closing
[0m16:42:37.958729 [info ] [Thread-2 (]: 2 of 6 PASS not_null_fct_orders_incremental_customer_id ........................ [[32mPASS[0m in 2.23s]
[0m16:42:37.960223 [debug] [Thread-2 (]: Finished running node test.globalmart_dbt.not_null_fct_orders_incremental_customer_id.10434cc363
[0m16:42:37.961204 [debug] [Thread-2 (]: Began running node test.globalmart_dbt.unique_stg_orders_order_id.e3b841c71a
[0m16:42:37.962024 [info ] [Thread-2 (]: 6 of 6 START test unique_stg_orders_order_id ................................... [RUN]
[0m16:42:37.963189 [debug] [Thread-2 (]: Databricks adapter: DatabricksDBTConnection(session-id=None, name=test.globalmart_dbt.unique_stg_orders_order_id.e3b841c71a) - Creating connection
[0m16:42:37.963927 [debug] [Thread-2 (]: Acquiring new databricks connection 'test.globalmart_dbt.unique_stg_orders_order_id.e3b841c71a'
[0m16:42:37.964581 [debug] [Thread-2 (]: Began compiling node test.globalmart_dbt.unique_stg_orders_order_id.e3b841c71a
[0m16:42:37.969619 [debug] [Thread-2 (]: Writing injected SQL for node "test.globalmart_dbt.unique_stg_orders_order_id.e3b841c71a"
[0m16:42:37.971324 [debug] [Thread-2 (]: Began executing node test.globalmart_dbt.unique_stg_orders_order_id.e3b841c71a
[0m16:42:37.974071 [debug] [Thread-2 (]: Writing runtime sql for node "test.globalmart_dbt.unique_stg_orders_order_id.e3b841c71a"
[0m16:42:37.975783 [debug] [Thread-2 (]: Using databricks connection "test.globalmart_dbt.unique_stg_orders_order_id.e3b841c71a"
[0m16:42:37.976578 [debug] [Thread-2 (]: On test.globalmart_dbt.unique_stg_orders_order_id.e3b841c71a: /* {"app": "dbt", "dbt_version": "1.10.8", "dbt_databricks_version": "1.10.19", "databricks_sql_connector_version": "4.0.5", "profile_name": "globalmart_dbt", "target_name": "dev", "node_id": "test.globalmart_dbt.unique_stg_orders_order_id.e3b841c71a"} */

    select
      count(*) as failures,
      count(*) != 0 as should_warn,
      count(*) != 0 as should_error
    from (
      
    
  
    
    

select
    order_id as unique_field,
    count(*) as n_records

from `globalmart`.`bronze_dev`.`stg_orders`
where order_id is not null
group by order_id
having count(*) > 1



  
  
      
    ) dbt_internal_test
[0m16:42:37.977312 [debug] [Thread-2 (]: Opening a new connection, currently in state init
[0m16:42:37.981762 [debug] [Thread-3 (]: SQL status: OK in 2.080 seconds
[0m16:42:37.984583 [debug] [Thread-3 (]: Databricks adapter: Cursor(session-id=01f18aa3-568a-1e1e-8fce-feb50c204a21, command-id=01f18aa3-5691-1d27-90f2-3d7489993314) - Closing
[0m16:42:37.985860 [debug] [Thread-3 (]: On test.globalmart_dbt.not_null_fct_orders_incremental_order_id.79bde623c0: Close
[0m16:42:37.987056 [debug] [Thread-3 (]: Databricks adapter: Connection(session-id=01f18aa3-568a-1e1e-8fce-feb50c204a21) - Closing
[0m16:42:38.051246 [info ] [Thread-3 (]: 3 of 6 PASS not_null_fct_orders_incremental_order_id ........................... [[32mPASS[0m in 2.32s]
[0m16:42:38.052792 [debug] [Thread-3 (]: Finished running node test.globalmart_dbt.not_null_fct_orders_incremental_order_id.79bde623c0
[0m16:42:38.079899 [debug] [Thread-2 (]: Databricks adapter: Connection(session-id=01f18aa3-57ae-1306-9c70-a8c23a0323ec) - Created
[0m16:42:38.133837 [debug] [Thread-4 (]: SQL status: OK in 2.230 seconds
[0m16:42:38.137664 [debug] [Thread-4 (]: Databricks adapter: Cursor(session-id=01f18aa3-568a-191b-8d66-7ffbf448cabb, command-id=01f18aa3-5690-1095-be0c-88762b663bde) - Closing
[0m16:42:38.139292 [debug] [Thread-4 (]: On test.globalmart_dbt.not_null_stg_orders_order_id.81cfe2fe64: Close
[0m16:42:38.140138 [debug] [Thread-4 (]: Databricks adapter: Connection(session-id=01f18aa3-568a-191b-8d66-7ffbf448cabb) - Closing
[0m16:42:38.196405 [info ] [Thread-4 (]: 4 of 6 PASS not_null_stg_orders_order_id ....................................... [[32mPASS[0m in 2.46s]
[0m16:42:38.198456 [debug] [Thread-4 (]: Finished running node test.globalmart_dbt.not_null_stg_orders_order_id.81cfe2fe64
[0m16:42:39.685160 [debug] [Thread-2 (]: SQL status: OK in 1.710 seconds
[0m16:42:39.688510 [debug] [Thread-2 (]: Databricks adapter: Cursor(session-id=01f18aa3-57ae-1306-9c70-a8c23a0323ec, command-id=01f18aa3-57b4-17b6-aad7-2fd2949432c1) - Closing
[0m16:42:39.689759 [debug] [Thread-2 (]: On test.globalmart_dbt.unique_stg_orders_order_id.e3b841c71a: Close
[0m16:42:39.690752 [debug] [Thread-2 (]: Databricks adapter: Connection(session-id=01f18aa3-57ae-1306-9c70-a8c23a0323ec) - Closing
[0m16:42:39.710192 [debug] [Thread-1 (]: SQL status: OK in 2.130 seconds
[0m16:42:39.713000 [debug] [Thread-1 (]: Databricks adapter: Cursor(session-id=01f18aa3-5771-1905-9d7c-44b1296faae4, command-id=01f18aa3-5777-16b1-97f1-c47f78b167b2) - Closing
[0m16:42:39.752351 [debug] [Thread-1 (]: On test.globalmart_dbt.unique_fct_orders_incremental_order_id.dadaa56a56: Close
[0m16:42:39.753464 [debug] [Thread-1 (]: Databricks adapter: Connection(session-id=01f18aa3-5771-1905-9d7c-44b1296faae4) - Closing
[0m16:42:39.810443 [error] [Thread-2 (]: 6 of 6 FAIL 19601 unique_stg_orders_order_id ................................... [[31mFAIL 19601[0m in 1.85s]
[0m16:42:39.811194 [error] [Thread-1 (]: 5 of 6 FAIL 19601 unique_fct_orders_incremental_order_id ....................... [[31mFAIL 19601[0m in 2.25s]
[0m16:42:39.814563 [debug] [Thread-2 (]: Finished running node test.globalmart_dbt.unique_stg_orders_order_id.e3b841c71a
[0m16:42:39.815638 [debug] [Thread-1 (]: Finished running node test.globalmart_dbt.unique_fct_orders_incremental_order_id.dadaa56a56
[0m16:42:39.818419 [debug] [MainThread]: Databricks adapter: DatabricksDBTConnection(session-id=None, name=master) - Creating connection
[0m16:42:39.819266 [debug] [MainThread]: Acquiring new databricks connection 'master'
[0m16:42:39.820432 [info ] [MainThread]: 
[0m16:42:39.821299 [info ] [MainThread]: Finished running 6 data tests in 0 hours 0 minutes and 4.97 seconds (4.97s).
[0m16:42:39.823075 [debug] [MainThread]: Command end result
[0m16:42:39.868195 [debug] [MainThread]: Wrote artifact WritableManifest to /Workspace/Users/iamnovaryn@gmail.com/DataBricks_Project/globalmart_dbt/target/manifest.json
[0m16:42:39.871458 [debug] [MainThread]: Wrote artifact SemanticManifest to /Workspace/Users/iamnovaryn@gmail.com/DataBricks_Project/globalmart_dbt/target/semantic_manifest.json
[0m16:42:39.896566 [debug] [MainThread]: Wrote artifact RunExecutionResult to /Workspace/Users/iamnovaryn@gmail.com/DataBricks_Project/globalmart_dbt/target/run_results.json
[0m16:42:39.897549 [info ] [MainThread]: 
[0m16:42:39.898706 [info ] [MainThread]: [31mCompleted with 2 errors, 0 partial successes, and 0 warnings:[0m
[0m16:42:39.899581 [info ] [MainThread]: 
[0m16:42:39.901362 [error] [MainThread]: [31mFailure in test unique_stg_orders_order_id (models/schema.yml)[0m
[0m16:42:39.902719 [error] [MainThread]:   Got 19601 results, configured to fail if != 0
[0m16:42:39.903948 [info ] [MainThread]: 
[0m16:42:39.904823 [info ] [MainThread]:   compiled code at target/compiled/globalmart_dbt/models/schema.yml/unique_stg_orders_order_id.sql
[0m16:42:39.907070 [info ] [MainThread]: 
[0m16:42:39.909446 [error] [MainThread]: [31mFailure in test unique_fct_orders_incremental_order_id (models/schema.yml)[0m
[0m16:42:39.911404 [error] [MainThread]:   Got 19601 results, configured to fail if != 0
[0m16:42:39.912464 [info ] [MainThread]: 
[0m16:42:39.914074 [info ] [MainThread]:   compiled code at target/compiled/globalmart_dbt/models/schema.yml/unique_fct_orders_incremental_order_id.sql
[0m16:42:39.915207 [info ] [MainThread]: 
[0m16:42:39.916366 [info ] [MainThread]: Done. PASS=4 WARN=0 ERROR=2 SKIP=0 NO-OP=0 TOTAL=6
[0m16:42:39.918184 [debug] [MainThread]: Resource report: {"command_name": "test", "command_success": false, "command_wall_clock_time": 8.304229, "process_in_blocks": "0", "process_kernel_time": 0.401924, "process_mem_max_rss": "259480", "process_out_blocks": "16", "process_user_time": 5.003956}
[0m16:42:39.919279 [debug] [MainThread]: Command `dbt test` failed at 16:42:39.919140 after 8.31 seconds
[0m16:42:39.921003 [debug] [MainThread]: Sending event: {'category': 'dbt', 'action': 'invocation', 'label': 'end', 'context': [<snowplow_tracker.self_describing_json.SelfDescribingJson object at 0xff9839e7f6e0>, <snowplow_tracker.self_describing_json.SelfDescribingJson object at 0xff983940be00>, <snowplow_tracker.self_describing_json.SelfDescribingJson object at 0xff983940bcb0>]}
[0m16:42:39.935169 [debug] [MainThread]: Flushing usage events
[0m16:42:40.005596 [debug] [MainThread]: An error was encountered while trying to flush usage events
[0m16:43:27.667453 [debug] [MainThread]: Sending event: {'category': 'dbt', 'action': 'invocation', 'label': 'start', 'context': [<snowplow_tracker.self_describing_json.SelfDescribingJson object at 0xff3081d3db50>, <snowplow_tracker.self_describing_json.SelfDescribingJson object at 0xff30816c1640>, <snowplow_tracker.self_describing_json.SelfDescribingJson object at 0xff3080007980>]}


============================== 16:43:27.671725 | ae1e2cb5-afdd-4353-97ce-31c8da15ad55 ==============================
[0m16:43:27.671725 [info ] [MainThread]: Running with dbt=1.10.8
[0m16:43:27.673267 [debug] [MainThread]: running dbt with arguments {'printer_width': '80', 'indirect_selection': 'eager', 'write_json': 'True', 'log_cache_events': 'False', 'partial_parse': 'True', 'cache_selected_only': 'False', 'profiles_dir': '/home/spark-d82f9537-186c-448d-add6-49/.dbt', 'fail_fast': 'False', 'debug': 'False', 'log_path': '/Workspace/Users/iamnovaryn@gmail.com/DataBricks_Project/globalmart_dbt/logs', 'version_check': 'True', 'warn_error': 'None', 'use_colors': 'True', 'use_experimental_parser': 'False', 'empty': 'None', 'quiet': 'False', 'no_print': 'None', 'warn_error_options': 'WarnErrorOptionsV2(error=[], warn=[], silence=[])', 'introspect': 'True', 'static_parser': 'True', 'log_format': 'default', 'target_path': 'None', 'invocation_command': 'dbt debug --target dev', 'send_anonymous_usage_stats': 'True'}
[0m16:43:27.684175 [info ] [MainThread]: dbt version: 1.10.8
[0m16:43:27.684903 [info ] [MainThread]: python version: 3.12.3
[0m16:43:27.685611 [info ] [MainThread]: python path: /local_disk0/.ephemeral_nfs/envs/pythonEnv-d82f9537-186c-448d-add6-4998ca82c59e/bin/python
[0m16:43:27.686280 [info ] [MainThread]: os info: Linux-6.1.176-221.360.amzn2023.aarch64-aarch64-with-glibc2.39
[0m16:43:28.474144 [debug] [MainThread]: Spark adapter: Setting pyhive.hive logging to ERROR
[0m16:43:28.478122 [debug] [MainThread]: Spark adapter: Setting thrift.transport logging to ERROR
[0m16:43:28.479232 [debug] [MainThread]: Spark adapter: Setting thrift.protocol logging to ERROR
[0m16:43:29.124356 [info ] [MainThread]: Using profiles dir at /home/spark-d82f9537-186c-448d-add6-49/.dbt
[0m16:43:29.125791 [info ] [MainThread]: Using profiles.yml file at /home/spark-d82f9537-186c-448d-add6-49/.dbt/profiles.yml
[0m16:43:29.126643 [info ] [MainThread]: Using dbt_project.yml file at /Workspace/Users/iamnovaryn@gmail.com/DataBricks_Project/globalmart_dbt/dbt_project.yml
[0m16:43:29.128108 [info ] [MainThread]: adapter type: databricks
[0m16:43:29.129582 [info ] [MainThread]: adapter version: 1.10.19
[0m16:43:29.270144 [info ] [MainThread]: Configuration:
[0m16:43:29.271138 [info ] [MainThread]:   profiles.yml file [[32mOK found and valid[0m]
[0m16:43:29.273057 [info ] [MainThread]:   dbt_project.yml file [[32mOK found and valid[0m]
[0m16:43:29.274401 [info ] [MainThread]: Required dependencies:
[0m16:43:29.276379 [debug] [MainThread]: Executing "git --help"
[0m16:43:29.283005 [debug] [MainThread]: STDOUT: "b"usage: git [-v | --version] [-h | --help] [-C <path>] [-c <name>=<value>]\n           [--exec-path[=<path>]] [--html-path] [--man-path] [--info-path]\n           [-p | --paginate | -P | --no-pager] [--no-replace-objects] [--no-lazy-fetch]\n           [--no-optional-locks] [--no-advice] [--bare] [--git-dir=<path>]\n           [--work-tree=<path>] [--namespace=<name>] [--config-env=<name>=<envvar>]\n           <command> [<args>]\n\nThese are common Git commands used in various situations:\n\nstart a working area (see also: git help tutorial)\n   clone      Clone a repository into a new directory\n   init       Create an empty Git repository or reinitialize an existing one\n\nwork on the current change (see also: git help everyday)\n   add        Add file contents to the index\n   mv         Move or rename a file, a directory, or a symlink\n   restore    Restore working tree files\n   rm         Remove files from the working tree and from the index\n\nexamine the history and state (see also: git help revisions)\n   bisect     Use binary search to find the commit that introduced a bug\n   diff       Show changes between commits, commit and working tree, etc\n   grep       Print lines matching a pattern\n   log        Show commit logs\n   show       Show various types of objects\n   status     Show the working tree status\n\ngrow, mark and tweak your common history\n   backfill   Download missing objects in a partial clone\n   branch     List, create, or delete branches\n   commit     Record changes to the repository\n   merge      Join two or more development histories together\n   rebase     Reapply commits on top of another base tip\n   reset      Reset current HEAD to the specified state\n   switch     Switch branches\n   tag        Create, list, delete or verify tags\n\ncollaborate (see also: git help workflows)\n   fetch      Download objects and refs from another repository\n   pull       Fetch from and integrate with another repository or a local branch\n   push       Update remote refs along with associated objects\n\n'git help -a' and 'git help -g' list available subcommands and some\nconcept guides. See 'git help <command>' or 'git help <concept>'\nto read about a specific subcommand or concept.\nSee 'git help git' for an overview of the system.\n""
[0m16:43:29.283846 [debug] [MainThread]: STDERR: "b''"
[0m16:43:29.284503 [info ] [MainThread]:  - git [[32mOK found[0m]

[0m16:43:29.285296 [info ] [MainThread]: Connection:
[0m16:43:29.286078 [info ] [MainThread]:   host: dbc-73a59226-9cbc.cloud.databricks.com
[0m16:43:29.286872 [info ] [MainThread]:   http_path: /sql/1.0/warehouses/bcfd52b943980648
[0m16:43:29.287609 [info ] [MainThread]:   catalog: globalmart
[0m16:43:29.288281 [info ] [MainThread]:   schema: bronze_dev
[0m16:43:29.289186 [info ] [MainThread]: Registered adapter: databricks=1.10.19
[0m16:43:29.406680 [debug] [MainThread]: Databricks adapter: DatabricksDBTConnection(session-id=None, name=debug) - Creating connection
[0m16:43:29.407633 [debug] [MainThread]: Acquiring new databricks connection 'debug'
[0m16:43:29.408414 [debug] [MainThread]: Using databricks connection "debug"
[0m16:43:29.409172 [debug] [MainThread]: On debug: select 1 as id
[0m16:43:29.409781 [debug] [MainThread]: Opening a new connection, currently in state init
[0m16:43:29.508390 [debug] [MainThread]: Databricks adapter: Connection(session-id=01f18aa3-7656-11a7-94ff-79f3d3cee185) - Created
[0m16:43:29.725430 [debug] [MainThread]: SQL status: OK in 0.320 seconds
[0m16:43:29.727068 [debug] [MainThread]: Databricks adapter: Cursor(session-id=01f18aa3-7656-11a7-94ff-79f3d3cee185, command-id=01f18aa3-765c-114e-8a24-0b075d53323a) - Closing
[0m16:43:29.727950 [debug] [MainThread]: On debug: Close
[0m16:43:29.728645 [debug] [MainThread]: Databricks adapter: Connection(session-id=01f18aa3-7656-11a7-94ff-79f3d3cee185) - Closing
[0m16:43:29.800852 [info ] [MainThread]:   Connection test: [[32mOK connection ok[0m]

[0m16:43:29.802482 [info ] [MainThread]: [32mAll checks passed![0m
[0m16:43:29.805285 [debug] [MainThread]: Resource report: {"command_name": "debug", "command_success": true, "command_wall_clock_time": 2.277152, "process_in_blocks": "0", "process_kernel_time": 0.319685, "process_mem_max_rss": "233464", "process_out_blocks": "0", "process_user_time": 3.032811}
[0m16:43:29.806363 [debug] [MainThread]: Command `dbt debug` succeeded at 16:43:29.806235 after 2.28 seconds
[0m16:43:29.807289 [debug] [MainThread]: Sending event: {'category': 'dbt', 'action': 'invocation', 'label': 'end', 'context': [<snowplow_tracker.self_describing_json.SelfDescribingJson object at 0xff3081d3db50>, <snowplow_tracker.self_describing_json.SelfDescribingJson object at 0xff307ee95370>, <snowplow_tracker.self_describing_json.SelfDescribingJson object at 0xff308129d9d0>]}
[0m16:43:29.808141 [debug] [MainThread]: Flushing usage events
[0m16:43:29.876570 [debug] [MainThread]: An error was encountered while trying to flush usage events
[0m16:43:31.953450 [debug] [MainThread]: Sending event: {'category': 'dbt', 'action': 'invocation', 'label': 'start', 'context': [<snowplow_tracker.self_describing_json.SelfDescribingJson object at 0xff9c6bb3e600>, <snowplow_tracker.self_describing_json.SelfDescribingJson object at 0xff9c6bb3e840>, <snowplow_tracker.self_describing_json.SelfDescribingJson object at 0xff9c6bb3eea0>]}


============================== 16:43:31.956967 | ab99c9fa-7b97-4566-974a-f9740070db97 ==============================
[0m16:43:31.956967 [info ] [MainThread]: Running with dbt=1.10.8
[0m16:43:31.962071 [debug] [MainThread]: running dbt with arguments {'printer_width': '80', 'indirect_selection': 'eager', 'write_json': 'True', 'log_cache_events': 'False', 'partial_parse': 'True', 'cache_selected_only': 'False', 'profiles_dir': '/home/spark-d82f9537-186c-448d-add6-49/.dbt', 'fail_fast': 'False', 'debug': 'False', 'log_path': '/Workspace/Users/iamnovaryn@gmail.com/DataBricks_Project/globalmart_dbt/logs', 'version_check': 'True', 'warn_error': 'None', 'use_colors': 'True', 'use_experimental_parser': 'False', 'empty': 'None', 'quiet': 'False', 'no_print': 'None', 'warn_error_options': 'WarnErrorOptionsV2(error=[], warn=[], silence=[])', 'introspect': 'True', 'static_parser': 'True', 'log_format': 'default', 'target_path': 'None', 'invocation_command': 'dbt debug --target prod', 'send_anonymous_usage_stats': 'True'}
[0m16:43:31.972856 [info ] [MainThread]: dbt version: 1.10.8
[0m16:43:31.973636 [info ] [MainThread]: python version: 3.12.3
[0m16:43:31.974343 [info ] [MainThread]: python path: /local_disk0/.ephemeral_nfs/envs/pythonEnv-d82f9537-186c-448d-add6-4998ca82c59e/bin/python
[0m16:43:31.974998 [info ] [MainThread]: os info: Linux-6.1.176-221.360.amzn2023.aarch64-aarch64-with-glibc2.39
[0m16:43:32.763152 [debug] [MainThread]: Spark adapter: Setting pyhive.hive logging to ERROR
[0m16:43:32.764497 [debug] [MainThread]: Spark adapter: Setting thrift.transport logging to ERROR
[0m16:43:32.765425 [debug] [MainThread]: Spark adapter: Setting thrift.protocol logging to ERROR
[0m16:43:33.347604 [info ] [MainThread]: Using profiles dir at /home/spark-d82f9537-186c-448d-add6-49/.dbt
[0m16:43:33.354537 [info ] [MainThread]: Using profiles.yml file at /home/spark-d82f9537-186c-448d-add6-49/.dbt/profiles.yml
[0m16:43:33.355499 [info ] [MainThread]: Using dbt_project.yml file at /Workspace/Users/iamnovaryn@gmail.com/DataBricks_Project/globalmart_dbt/dbt_project.yml
[0m16:43:33.356576 [info ] [MainThread]: adapter type: databricks
[0m16:43:33.358189 [info ] [MainThread]: adapter version: 1.10.19
[0m16:43:33.489893 [info ] [MainThread]: Configuration:
[0m16:43:33.491613 [info ] [MainThread]:   profiles.yml file [[32mOK found and valid[0m]
[0m16:43:33.492961 [info ] [MainThread]:   dbt_project.yml file [[32mOK found and valid[0m]
[0m16:43:33.494251 [info ] [MainThread]: Required dependencies:
[0m16:43:33.495602 [debug] [MainThread]: Executing "git --help"
[0m16:43:33.503436 [debug] [MainThread]: STDOUT: "b"usage: git [-v | --version] [-h | --help] [-C <path>] [-c <name>=<value>]\n           [--exec-path[=<path>]] [--html-path] [--man-path] [--info-path]\n           [-p | --paginate | -P | --no-pager] [--no-replace-objects] [--no-lazy-fetch]\n           [--no-optional-locks] [--no-advice] [--bare] [--git-dir=<path>]\n           [--work-tree=<path>] [--namespace=<name>] [--config-env=<name>=<envvar>]\n           <command> [<args>]\n\nThese are common Git commands used in various situations:\n\nstart a working area (see also: git help tutorial)\n   clone      Clone a repository into a new directory\n   init       Create an empty Git repository or reinitialize an existing one\n\nwork on the current change (see also: git help everyday)\n   add        Add file contents to the index\n   mv         Move or rename a file, a directory, or a symlink\n   restore    Restore working tree files\n   rm         Remove files from the working tree and from the index\n\nexamine the history and state (see also: git help revisions)\n   bisect     Use binary search to find the commit that introduced a bug\n   diff       Show changes between commits, commit and working tree, etc\n   grep       Print lines matching a pattern\n   log        Show commit logs\n   show       Show various types of objects\n   status     Show the working tree status\n\ngrow, mark and tweak your common history\n   backfill   Download missing objects in a partial clone\n   branch     List, create, or delete branches\n   commit     Record changes to the repository\n   merge      Join two or more development histories together\n   rebase     Reapply commits on top of another base tip\n   reset      Reset current HEAD to the specified state\n   switch     Switch branches\n   tag        Create, list, delete or verify tags\n\ncollaborate (see also: git help workflows)\n   fetch      Download objects and refs from another repository\n   pull       Fetch from and integrate with another repository or a local branch\n   push       Update remote refs along with associated objects\n\n'git help -a' and 'git help -g' list available subcommands and some\nconcept guides. See 'git help <command>' or 'git help <concept>'\nto read about a specific subcommand or concept.\nSee 'git help git' for an overview of the system.\n""
[0m16:43:33.505306 [debug] [MainThread]: STDERR: "b''"
[0m16:43:33.506048 [info ] [MainThread]:  - git [[32mOK found[0m]

[0m16:43:33.508026 [info ] [MainThread]: Connection:
[0m16:43:33.509285 [info ] [MainThread]:   host: dbc-73a59226-9cbc.cloud.databricks.com
[0m16:43:33.510789 [info ] [MainThread]:   http_path: /sql/1.0/warehouses/bcfd52b943980648
[0m16:43:33.512060 [info ] [MainThread]:   catalog: globalmart
[0m16:43:33.513314 [info ] [MainThread]:   schema: bronze
[0m16:43:33.514705 [info ] [MainThread]: Registered adapter: databricks=1.10.19
[0m16:43:33.620895 [debug] [MainThread]: Databricks adapter: DatabricksDBTConnection(session-id=None, name=debug) - Creating connection
[0m16:43:33.622254 [debug] [MainThread]: Acquiring new databricks connection 'debug'
[0m16:43:33.623134 [debug] [MainThread]: Using databricks connection "debug"
[0m16:43:33.623872 [debug] [MainThread]: On debug: select 1 as id
[0m16:43:33.624621 [debug] [MainThread]: Opening a new connection, currently in state init
[0m16:43:33.721185 [debug] [MainThread]: Databricks adapter: Connection(session-id=01f18aa3-78d8-1d6b-be72-b8a6c674d660) - Created
[0m16:43:33.897670 [debug] [MainThread]: SQL status: OK in 0.270 seconds
[0m16:43:33.899359 [debug] [MainThread]: Databricks adapter: Cursor(session-id=01f18aa3-78d8-1d6b-be72-b8a6c674d660, command-id=01f18aa3-78de-157b-a161-f50fd71b7451) - Closing
[0m16:43:33.900250 [debug] [MainThread]: On debug: Close
[0m16:43:33.901085 [debug] [MainThread]: Databricks adapter: Connection(session-id=01f18aa3-78d8-1d6b-be72-b8a6c674d660) - Closing
[0m16:43:33.975040 [info ] [MainThread]:   Connection test: [[32mOK connection ok[0m]

[0m16:43:33.976609 [info ] [MainThread]: [32mAll checks passed![0m
[0m16:43:33.978888 [debug] [MainThread]: Resource report: {"command_name": "debug", "command_success": true, "command_wall_clock_time": 2.0954227, "process_in_blocks": "0", "process_kernel_time": 0.270337, "process_mem_max_rss": "233460", "process_out_blocks": "0", "process_user_time": 3.083328}
[0m16:43:33.979802 [debug] [MainThread]: Command `dbt debug` succeeded at 16:43:33.979672 after 2.10 seconds
[0m16:43:33.980610 [debug] [MainThread]: Sending event: {'category': 'dbt', 'action': 'invocation', 'label': 'end', 'context': [<snowplow_tracker.self_describing_json.SelfDescribingJson object at 0xff9c6cb705c0>, <snowplow_tracker.self_describing_json.SelfDescribingJson object at 0xff9c702746e0>, <snowplow_tracker.self_describing_json.SelfDescribingJson object at 0xff9c6bb05220>]}
[0m16:43:33.981522 [debug] [MainThread]: Flushing usage events
[0m16:43:34.050540 [debug] [MainThread]: An error was encountered while trying to flush usage events
[0m16:43:36.181193 [debug] [MainThread]: Sending event: {'category': 'dbt', 'action': 'invocation', 'label': 'start', 'context': [<snowplow_tracker.self_describing_json.SelfDescribingJson object at 0xffdc748563f0>, <snowplow_tracker.self_describing_json.SelfDescribingJson object at 0xffdc73e44cb0>, <snowplow_tracker.self_describing_json.SelfDescribingJson object at 0xffdc74857b60>]}


============================== 16:43:36.184706 | d25799f2-b426-45a0-93ed-92af67c9d00c ==============================
[0m16:43:36.184706 [info ] [MainThread]: Running with dbt=1.10.8
[0m16:43:36.187096 [debug] [MainThread]: running dbt with arguments {'printer_width': '80', 'indirect_selection': 'eager', 'write_json': 'True', 'log_cache_events': 'False', 'partial_parse': 'True', 'cache_selected_only': 'False', 'profiles_dir': '/home/spark-d82f9537-186c-448d-add6-49/.dbt', 'fail_fast': 'False', 'debug': 'False', 'log_path': '/Workspace/Users/iamnovaryn@gmail.com/DataBricks_Project/globalmart_dbt/logs', 'version_check': 'True', 'warn_error': 'None', 'use_colors': 'True', 'use_experimental_parser': 'False', 'empty': 'None', 'quiet': 'False', 'no_print': 'None', 'warn_error_options': 'WarnErrorOptionsV2(error=[], warn=[], silence=[])', 'introspect': 'True', 'static_parser': 'True', 'log_format': 'default', 'target_path': 'None', 'invocation_command': 'dbt source freshness', 'send_anonymous_usage_stats': 'True'}
[0m16:43:36.939412 [debug] [MainThread]: Spark adapter: Setting pyhive.hive logging to ERROR
[0m16:43:36.940493 [debug] [MainThread]: Spark adapter: Setting thrift.transport logging to ERROR
[0m16:43:36.941345 [debug] [MainThread]: Spark adapter: Setting thrift.protocol logging to ERROR
[0m16:43:37.648896 [debug] [MainThread]: Sending event: {'category': 'dbt', 'action': 'project_id', 'label': 'd25799f2-b426-45a0-93ed-92af67c9d00c', 'context': [<snowplow_tracker.self_describing_json.SelfDescribingJson object at 0xffdc74bb8fb0>]}
[0m16:43:37.727922 [debug] [MainThread]: Sending event: {'category': 'dbt', 'action': 'adapter_info', 'label': 'd25799f2-b426-45a0-93ed-92af67c9d00c', 'context': [<snowplow_tracker.self_describing_json.SelfDescribingJson object at 0xffdc60dd3d40>]}
[0m16:43:37.729182 [info ] [MainThread]: Registered adapter: databricks=1.10.19
[0m16:43:37.847353 [debug] [MainThread]: checksum: 265d66e81f90af29a7a28579c9b54d938c94f4a57c57be5f853267ae509b5fcb, vars: {}, profile: , target: , version: 1.10.8
[0m16:43:38.114180 [debug] [MainThread]: Partial parsing enabled: 0 files deleted, 0 files added, 0 files changed.
[0m16:43:38.115466 [debug] [MainThread]: Partial parsing enabled, no changes found, skipping parsing
[0m16:43:38.177232 [debug] [MainThread]: Sending event: {'category': 'dbt', 'action': 'load_project', 'label': 'd25799f2-b426-45a0-93ed-92af67c9d00c', 'context': [<snowplow_tracker.self_describing_json.SelfDescribingJson object at 0xffdc606242f0>]}
[0m16:43:38.314513 [debug] [MainThread]: Wrote artifact WritableManifest to /Workspace/Users/iamnovaryn@gmail.com/DataBricks_Project/globalmart_dbt/target/manifest.json
[0m16:43:38.333822 [debug] [MainThread]: Wrote artifact SemanticManifest to /Workspace/Users/iamnovaryn@gmail.com/DataBricks_Project/globalmart_dbt/target/semantic_manifest.json
[0m16:43:38.377347 [debug] [MainThread]: Sending event: {'category': 'dbt', 'action': 'resource_counts', 'label': 'd25799f2-b426-45a0-93ed-92af67c9d00c', 'context': [<snowplow_tracker.self_describing_json.SelfDescribingJson object at 0xffdc60318e60>]}
[0m16:43:38.378314 [info ] [MainThread]: Found 5 models, 1 snapshot, 6 data tests, 2 sources, 691 macros
[0m16:43:38.379427 [debug] [MainThread]: Sending event: {'category': 'dbt', 'action': 'runnable_timing', 'label': 'd25799f2-b426-45a0-93ed-92af67c9d00c', 'context': [<snowplow_tracker.self_describing_json.SelfDescribingJson object at 0xffdc60d17080>]}
[0m16:43:38.382959 [info ] [MainThread]: 
[0m16:43:38.384226 [info ] [MainThread]: Concurrency: 4 threads (target='dev')
[0m16:43:38.385118 [info ] [MainThread]: 
[0m16:43:38.386606 [debug] [MainThread]: Databricks adapter: DatabricksDBTConnection(session-id=None, name=master) - Creating connection
[0m16:43:38.387702 [debug] [MainThread]: Acquiring new databricks connection 'master'
[0m16:43:38.394798 [debug] [ThreadPool]: Databricks adapter: DatabricksDBTConnection(session-id=None, name=list_globalmart_bronze_dev) - Creating connection
[0m16:43:38.395614 [debug] [ThreadPool]: Databricks adapter: DatabricksDBTConnection(session-id=None, name=list_globalmart_bronze) - Creating connection
[0m16:43:38.396686 [debug] [ThreadPool]: Acquiring new databricks connection 'list_globalmart_bronze_dev'
[0m16:43:38.398433 [debug] [ThreadPool]: Acquiring new databricks connection 'list_globalmart_bronze'
[0m16:43:38.412567 [debug] [ThreadPool]: Using databricks connection "list_globalmart_bronze_dev"
[0m16:43:38.415698 [debug] [ThreadPool]: Using databricks connection "list_globalmart_bronze"
[0m16:43:38.416637 [debug] [ThreadPool]: On list_globalmart_bronze_dev: /* {"app": "dbt", "dbt_version": "1.10.8", "dbt_databricks_version": "1.10.19", "databricks_sql_connector_version": "4.0.5", "profile_name": "globalmart_dbt", "target_name": "dev", "connection_name": "list_globalmart_bronze_dev"} */

    
SELECT
  table_name,
  if(table_type IN ('EXTERNAL', 'MANAGED', 'MANAGED_SHALLOW_CLONE', 'EXTERNAL_SHALLOW_CLONE'), 'table', lower(table_type)) AS table_type,
  lower(data_source_format) AS file_format,
  table_owner,
  if(
    table_type IN (
      'EXTERNAL',
      'MANAGED',
      'MANAGED_SHALLOW_CLONE',
      'EXTERNAL_SHALLOW_CLONE'
    ),
    lower(table_type),
    NULL
  ) AS databricks_table_type
FROM `system`.`information_schema`.`tables`
WHERE table_catalog = 'globalmart' 
  AND table_schema = 'bronze_dev'

  
[0m16:43:38.417583 [debug] [ThreadPool]: On list_globalmart_bronze: /* {"app": "dbt", "dbt_version": "1.10.8", "dbt_databricks_version": "1.10.19", "databricks_sql_connector_version": "4.0.5", "profile_name": "globalmart_dbt", "target_name": "dev", "connection_name": "list_globalmart_bronze"} */

    
SELECT
  table_name,
  if(table_type IN ('EXTERNAL', 'MANAGED', 'MANAGED_SHALLOW_CLONE', 'EXTERNAL_SHALLOW_CLONE'), 'table', lower(table_type)) AS table_type,
  lower(data_source_format) AS file_format,
  table_owner,
  if(
    table_type IN (
      'EXTERNAL',
      'MANAGED',
      'MANAGED_SHALLOW_CLONE',
      'EXTERNAL_SHALLOW_CLONE'
    ),
    lower(table_type),
    NULL
  ) AS databricks_table_type
FROM `system`.`information_schema`.`tables`
WHERE table_catalog = 'globalmart' 
  AND table_schema = 'bronze'

  
[0m16:43:38.418351 [debug] [ThreadPool]: Opening a new connection, currently in state init
[0m16:43:38.419001 [debug] [ThreadPool]: Opening a new connection, currently in state init
[0m16:43:38.563158 [debug] [ThreadPool]: Databricks adapter: Connection(session-id=01f18aa3-7bbc-145a-aa60-3b14c9298223) - Created
[0m16:43:38.579063 [debug] [ThreadPool]: Databricks adapter: Connection(session-id=01f18aa3-7bbd-152f-a0e3-eb673ca60e27) - Created
[0m16:43:39.144706 [debug] [ThreadPool]: SQL status: OK in 0.730 seconds
[0m16:43:39.150169 [debug] [ThreadPool]: Databricks adapter: Cursor(session-id=01f18aa3-7bbd-152f-a0e3-eb673ca60e27, command-id=01f18aa3-7bc3-1e58-8ea1-ece33a3ed655) - Closing
[0m16:43:39.151418 [debug] [ThreadPool]: On list_globalmart_bronze_dev: Close
[0m16:43:39.152133 [debug] [ThreadPool]: Databricks adapter: Connection(session-id=01f18aa3-7bbd-152f-a0e3-eb673ca60e27) - Closing
[0m16:43:39.236643 [debug] [ThreadPool]: SQL status: OK in 0.820 seconds
[0m16:43:39.239686 [debug] [ThreadPool]: Databricks adapter: Cursor(session-id=01f18aa3-7bbc-145a-aa60-3b14c9298223, command-id=01f18aa3-7bc1-18da-87e4-cb23d57b77d0) - Closing
[0m16:43:39.241131 [debug] [ThreadPool]: On list_globalmart_bronze: Close
[0m16:43:39.242110 [debug] [ThreadPool]: Databricks adapter: Connection(session-id=01f18aa3-7bbc-145a-aa60-3b14c9298223) - Closing
[0m16:43:39.310107 [debug] [MainThread]: Sending event: {'category': 'dbt', 'action': 'runnable_timing', 'label': 'd25799f2-b426-45a0-93ed-92af67c9d00c', 'context': [<snowplow_tracker.self_describing_json.SelfDescribingJson object at 0xffdc76259670>]}
[0m16:43:39.313402 [debug] [Thread-1 (]: Began running node source.globalmart_dbt.bronze.bronze_orders
[0m16:43:39.314029 [debug] [Thread-2 (]: Began running node source.globalmart_dbt.bronze.orders_partitioned
[0m16:43:39.315221 [info ] [Thread-1 (]: 1 of 2 START freshness of bronze.bronze_orders ................................. [RUN]
[0m16:43:39.316814 [info ] [Thread-2 (]: 2 of 2 START freshness of bronze.orders_partitioned ............................ [RUN]
[0m16:43:39.319006 [debug] [Thread-1 (]: Databricks adapter: DatabricksDBTConnection(session-id=None, name=source.globalmart_dbt.bronze.bronze_orders) - Creating connection
[0m16:43:39.319972 [debug] [Thread-2 (]: Databricks adapter: DatabricksDBTConnection(session-id=None, name=source.globalmart_dbt.bronze.orders_partitioned) - Creating connection
[0m16:43:39.321016 [debug] [Thread-1 (]: Acquiring new databricks connection 'source.globalmart_dbt.bronze.bronze_orders'
[0m16:43:39.321918 [debug] [Thread-2 (]: Acquiring new databricks connection 'source.globalmart_dbt.bronze.orders_partitioned'
[0m16:43:39.322819 [debug] [Thread-1 (]: Began compiling node source.globalmart_dbt.bronze.bronze_orders
[0m16:43:39.323703 [debug] [Thread-2 (]: Began compiling node source.globalmart_dbt.bronze.orders_partitioned
[0m16:43:39.324648 [debug] [Thread-1 (]: Began executing node source.globalmart_dbt.bronze.bronze_orders
[0m16:43:39.325589 [debug] [Thread-2 (]: Began executing node source.globalmart_dbt.bronze.orders_partitioned
[0m16:43:39.334473 [debug] [Thread-1 (]: Using databricks connection "source.globalmart_dbt.bronze.bronze_orders"
[0m16:43:39.339184 [debug] [Thread-2 (]: Using databricks connection "source.globalmart_dbt.bronze.orders_partitioned"
[0m16:43:39.343351 [debug] [Thread-2 (]: On source.globalmart_dbt.bronze.orders_partitioned: /* {"app": "dbt", "dbt_version": "1.10.8", "dbt_databricks_version": "1.10.19", "databricks_sql_connector_version": "4.0.5", "profile_name": "globalmart_dbt", "target_name": "dev", "node_id": "source.globalmart_dbt.bronze.orders_partitioned"} */
select
      max(_ingested_at) as max_loaded_at,
      current_timestamp() as snapshotted_at
    from `globalmart`.`bronze`.`orders_partitioned`
    
  
[0m16:43:39.342532 [debug] [Thread-1 (]: On source.globalmart_dbt.bronze.bronze_orders: /* {"app": "dbt", "dbt_version": "1.10.8", "dbt_databricks_version": "1.10.19", "databricks_sql_connector_version": "4.0.5", "profile_name": "globalmart_dbt", "target_name": "dev", "node_id": "source.globalmart_dbt.bronze.bronze_orders"} */
select
      max(_ingested_at) as max_loaded_at,
      current_timestamp() as snapshotted_at
    from `globalmart`.`bronze`.`bronze_orders`
    
  
[0m16:43:39.344120 [debug] [Thread-2 (]: Opening a new connection, currently in state init
[0m16:43:39.345426 [debug] [Thread-1 (]: Opening a new connection, currently in state init
[0m16:43:39.494462 [debug] [Thread-2 (]: Databricks adapter: Connection(session-id=01f18aa3-7c49-1f41-a228-eb638142b7ef) - Created
[0m16:43:39.502125 [debug] [Thread-1 (]: Databricks adapter: Connection(session-id=01f18aa3-7c49-1983-9253-adc37844df7a) - Created
[0m16:43:40.480445 [debug] [Thread-1 (]: SQL status: OK in 1.130 seconds
[0m16:43:40.483407 [debug] [Thread-1 (]: Databricks adapter: Cursor(session-id=01f18aa3-7c49-1983-9253-adc37844df7a, command-id=01f18aa3-7c50-19d1-9d52-d858e5fac48b) - Closing
[0m16:43:40.484472 [debug] [Thread-1 (]: On source.globalmart_dbt.bronze.bronze_orders: Close
[0m16:43:40.485264 [debug] [Thread-1 (]: Databricks adapter: Connection(session-id=01f18aa3-7c49-1983-9253-adc37844df7a) - Closing
[0m16:43:40.544357 [error] [Thread-1 (]: 1 of 2 ERROR STALE freshness of bronze.bronze_orders ........................... [[31mERROR STALE[0m in 1.23s]
[0m16:43:40.545849 [debug] [Thread-1 (]: Finished running node source.globalmart_dbt.bronze.bronze_orders
[0m16:43:40.546926 [debug] [Thread-7 (]: Marking all children of 'source.globalmart_dbt.bronze.bronze_orders' to be skipped because of status 'error'. 
[0m16:43:40.549405 [debug] [Thread-2 (]: SQL status: OK in 1.210 seconds
[0m16:43:40.552410 [debug] [Thread-2 (]: Databricks adapter: Cursor(session-id=01f18aa3-7c49-1f41-a228-eb638142b7ef, command-id=01f18aa3-7c4f-1c12-9b14-5acb72ae30e7) - Closing
[0m16:43:40.553328 [debug] [Thread-2 (]: On source.globalmart_dbt.bronze.orders_partitioned: Close
[0m16:43:40.554063 [debug] [Thread-2 (]: Databricks adapter: Connection(session-id=01f18aa3-7c49-1f41-a228-eb638142b7ef) - Closing
[0m16:43:40.627297 [error] [Thread-2 (]: 2 of 2 ERROR STALE freshness of bronze.orders_partitioned ...................... [[31mERROR STALE[0m in 1.31s]
[0m16:43:40.628599 [debug] [Thread-2 (]: Finished running node source.globalmart_dbt.bronze.orders_partitioned
[0m16:43:40.629682 [debug] [Thread-7 (]: Marking all children of 'source.globalmart_dbt.bronze.orders_partitioned' to be skipped because of status 'error'. 
[0m16:43:40.631375 [debug] [MainThread]: Databricks adapter: DatabricksDBTConnection(session-id=None, name=master) - Creating connection
[0m16:43:40.632104 [debug] [MainThread]: Acquiring new databricks connection 'master'
[0m16:43:40.632951 [info ] [MainThread]: 
[0m16:43:40.633725 [info ] [MainThread]: Finished running 2 sources in 0 hours 0 minutes and 2.25 seconds (2.25s).
[0m16:43:40.678865 [debug] [MainThread]: Wrote artifact WritableManifest to /Workspace/Users/iamnovaryn@gmail.com/DataBricks_Project/globalmart_dbt/target/manifest.json
[0m16:43:40.681853 [debug] [MainThread]: Wrote artifact SemanticManifest to /Workspace/Users/iamnovaryn@gmail.com/DataBricks_Project/globalmart_dbt/target/semantic_manifest.json
[0m16:43:40.716091 [debug] [MainThread]: Wrote artifact FreshnessResult to /Workspace/Users/iamnovaryn@gmail.com/DataBricks_Project/globalmart_dbt/target/sources.json
[0m16:43:40.716964 [info ] [MainThread]: 
[0m16:43:40.718478 [error] [MainThread]: [31mFailure in source bronze_orders (models/staging/src_bronze.yml)[0m
[0m16:43:40.719600 [error] [MainThread]:   Status: error
[0m16:43:40.720439 [info ] [MainThread]: 
[0m16:43:40.721213 [error] [MainThread]: [31mFailure in source orders_partitioned (models/staging/src_bronze.yml)[0m
[0m16:43:40.722075 [error] [MainThread]:   Status: error
[0m16:43:40.722789 [info ] [MainThread]: Done.
[0m16:43:40.724254 [debug] [MainThread]: Resource report: {"command_name": "freshness", "command_success": false, "command_wall_clock_time": 4.621204, "process_in_blocks": "0", "process_kernel_time": 0.431413, "process_mem_max_rss": "248148", "process_out_blocks": "0", "process_user_time": 3.785743}
[0m16:43:40.725150 [debug] [MainThread]: Command `dbt source freshness` failed at 16:43:40.725026 after 4.62 seconds
[0m16:43:40.725897 [debug] [MainThread]: Sending event: {'category': 'dbt', 'action': 'invocation', 'label': 'end', 'context': [<snowplow_tracker.self_describing_json.SelfDescribingJson object at 0xffdc74f735c0>, <snowplow_tracker.self_describing_json.SelfDescribingJson object at 0xffdc609f8740>, <snowplow_tracker.self_describing_json.SelfDescribingJson object at 0xffdc609f85c0>]}
[0m16:43:40.726598 [debug] [MainThread]: Flushing usage events
[0m16:43:40.795477 [debug] [MainThread]: An error was encountered while trying to flush usage events
[0m16:47:16.935173 [debug] [MainThread]: Sending event: {'category': 'dbt', 'action': 'invocation', 'label': 'start', 'context': [<snowplow_tracker.self_describing_json.SelfDescribingJson object at 0xff4dc6cfeb10>, <snowplow_tracker.self_describing_json.SelfDescribingJson object at 0xff4dc4403c80>, <snowplow_tracker.self_describing_json.SelfDescribingJson object at 0xff4dc4403110>]}


============================== 16:47:16.938759 | 42902ab4-eaa1-44ea-af93-1a2baac11a67 ==============================
[0m16:47:16.938759 [info ] [MainThread]: Running with dbt=1.10.8
[0m16:47:16.939786 [debug] [MainThread]: running dbt with arguments {'printer_width': '80', 'indirect_selection': 'eager', 'write_json': 'True', 'log_cache_events': 'False', 'partial_parse': 'True', 'cache_selected_only': 'False', 'profiles_dir': '/home/spark-d82f9537-186c-448d-add6-49/.dbt', 'fail_fast': 'False', 'debug': 'False', 'log_path': '/Workspace/Users/iamnovaryn@gmail.com/DataBricks_Project/globalmart_dbt/logs', 'version_check': 'True', 'warn_error': 'None', 'use_colors': 'True', 'use_experimental_parser': 'False', 'empty': 'None', 'quiet': 'False', 'no_print': 'None', 'warn_error_options': 'WarnErrorOptionsV2(error=[], warn=[], silence=[])', 'introspect': 'True', 'static_parser': 'True', 'log_format': 'default', 'target_path': 'None', 'invocation_command': 'dbt source freshness', 'send_anonymous_usage_stats': 'True'}
[0m16:47:17.721816 [debug] [MainThread]: Spark adapter: Setting pyhive.hive logging to ERROR
[0m16:47:17.722887 [debug] [MainThread]: Spark adapter: Setting thrift.transport logging to ERROR
[0m16:47:17.723716 [debug] [MainThread]: Spark adapter: Setting thrift.protocol logging to ERROR
[0m16:47:18.431785 [debug] [MainThread]: Sending event: {'category': 'dbt', 'action': 'project_id', 'label': '42902ab4-eaa1-44ea-af93-1a2baac11a67', 'context': [<snowplow_tracker.self_describing_json.SelfDescribingJson object at 0xff4dc56b8e30>]}
[0m16:47:18.512967 [debug] [MainThread]: Sending event: {'category': 'dbt', 'action': 'adapter_info', 'label': '42902ab4-eaa1-44ea-af93-1a2baac11a67', 'context': [<snowplow_tracker.self_describing_json.SelfDescribingJson object at 0xff4dc4251760>]}
[0m16:47:18.514698 [info ] [MainThread]: Registered adapter: databricks=1.10.19
[0m16:47:18.634919 [debug] [MainThread]: checksum: 265d66e81f90af29a7a28579c9b54d938c94f4a57c57be5f853267ae509b5fcb, vars: {}, profile: , target: , version: 1.10.8
[0m16:47:18.924092 [debug] [MainThread]: Partial parsing enabled: 0 files deleted, 0 files added, 1 files changed.
[0m16:47:18.925870 [debug] [MainThread]: Partial parsing: updated file: globalmart_dbt://models/staging/src_bronze.yml
[0m16:47:20.061642 [debug] [MainThread]: Sending event: {'category': 'dbt', 'action': 'load_project', 'label': '42902ab4-eaa1-44ea-af93-1a2baac11a67', 'context': [<snowplow_tracker.self_describing_json.SelfDescribingJson object at 0xff4da3d33ef0>]}
[0m16:47:20.192126 [debug] [MainThread]: Wrote artifact WritableManifest to /Workspace/Users/iamnovaryn@gmail.com/DataBricks_Project/globalmart_dbt/target/manifest.json
[0m16:47:20.211889 [debug] [MainThread]: Wrote artifact SemanticManifest to /Workspace/Users/iamnovaryn@gmail.com/DataBricks_Project/globalmart_dbt/target/semantic_manifest.json
[0m16:47:20.256860 [debug] [MainThread]: Sending event: {'category': 'dbt', 'action': 'resource_counts', 'label': '42902ab4-eaa1-44ea-af93-1a2baac11a67', 'context': [<snowplow_tracker.self_describing_json.SelfDescribingJson object at 0xff4da3dc8e90>]}
[0m16:47:20.258058 [info ] [MainThread]: Found 5 models, 1 snapshot, 6 data tests, 2 sources, 691 macros
[0m16:47:20.258933 [debug] [MainThread]: Sending event: {'category': 'dbt', 'action': 'runnable_timing', 'label': '42902ab4-eaa1-44ea-af93-1a2baac11a67', 'context': [<snowplow_tracker.self_describing_json.SelfDescribingJson object at 0xff4da3d9b890>]}
[0m16:47:20.261564 [info ] [MainThread]: 
[0m16:47:20.263189 [info ] [MainThread]: Concurrency: 4 threads (target='dev')
[0m16:47:20.263992 [info ] [MainThread]: 
[0m16:47:20.265097 [debug] [MainThread]: Databricks adapter: DatabricksDBTConnection(session-id=None, name=master) - Creating connection
[0m16:47:20.266027 [debug] [MainThread]: Acquiring new databricks connection 'master'
[0m16:47:20.273503 [debug] [ThreadPool]: Databricks adapter: DatabricksDBTConnection(session-id=None, name=list_globalmart_bronze_dev) - Creating connection
[0m16:47:20.274419 [debug] [ThreadPool]: Databricks adapter: DatabricksDBTConnection(session-id=None, name=list_globalmart_bronze) - Creating connection
[0m16:47:20.275314 [debug] [ThreadPool]: Acquiring new databricks connection 'list_globalmart_bronze_dev'
[0m16:47:20.276856 [debug] [ThreadPool]: Acquiring new databricks connection 'list_globalmart_bronze'
[0m16:47:20.289142 [debug] [ThreadPool]: Using databricks connection "list_globalmart_bronze_dev"
[0m16:47:20.291747 [debug] [ThreadPool]: Using databricks connection "list_globalmart_bronze"
[0m16:47:20.292869 [debug] [ThreadPool]: On list_globalmart_bronze_dev: /* {"app": "dbt", "dbt_version": "1.10.8", "dbt_databricks_version": "1.10.19", "databricks_sql_connector_version": "4.0.5", "profile_name": "globalmart_dbt", "target_name": "dev", "connection_name": "list_globalmart_bronze_dev"} */

    
SELECT
  table_name,
  if(table_type IN ('EXTERNAL', 'MANAGED', 'MANAGED_SHALLOW_CLONE', 'EXTERNAL_SHALLOW_CLONE'), 'table', lower(table_type)) AS table_type,
  lower(data_source_format) AS file_format,
  table_owner,
  if(
    table_type IN (
      'EXTERNAL',
      'MANAGED',
      'MANAGED_SHALLOW_CLONE',
      'EXTERNAL_SHALLOW_CLONE'
    ),
    lower(table_type),
    NULL
  ) AS databricks_table_type
FROM `system`.`information_schema`.`tables`
WHERE table_catalog = 'globalmart' 
  AND table_schema = 'bronze_dev'

  
[0m16:47:20.293847 [debug] [ThreadPool]: On list_globalmart_bronze: /* {"app": "dbt", "dbt_version": "1.10.8", "dbt_databricks_version": "1.10.19", "databricks_sql_connector_version": "4.0.5", "profile_name": "globalmart_dbt", "target_name": "dev", "connection_name": "list_globalmart_bronze"} */

    
SELECT
  table_name,
  if(table_type IN ('EXTERNAL', 'MANAGED', 'MANAGED_SHALLOW_CLONE', 'EXTERNAL_SHALLOW_CLONE'), 'table', lower(table_type)) AS table_type,
  lower(data_source_format) AS file_format,
  table_owner,
  if(
    table_type IN (
      'EXTERNAL',
      'MANAGED',
      'MANAGED_SHALLOW_CLONE',
      'EXTERNAL_SHALLOW_CLONE'
    ),
    lower(table_type),
    NULL
  ) AS databricks_table_type
FROM `system`.`information_schema`.`tables`
WHERE table_catalog = 'globalmart' 
  AND table_schema = 'bronze'

  
[0m16:47:20.294671 [debug] [ThreadPool]: Opening a new connection, currently in state init
[0m16:47:20.295553 [debug] [ThreadPool]: Opening a new connection, currently in state init
[0m16:47:20.443277 [debug] [ThreadPool]: Databricks adapter: Connection(session-id=01f18aa3-fffa-1ac3-b3e7-4406d99e0473) - Created
[0m16:47:20.448347 [debug] [ThreadPool]: Databricks adapter: Connection(session-id=01f18aa3-fffa-1c34-b1b0-aa2b4f5d4482) - Created
[0m16:47:21.162514 [debug] [ThreadPool]: SQL status: OK in 0.870 seconds
[0m16:47:21.168157 [debug] [ThreadPool]: Databricks adapter: Cursor(session-id=01f18aa3-fffa-1c34-b1b0-aa2b4f5d4482, command-id=01f18aa4-0002-1e18-a912-c55839fad773) - Closing
[0m16:47:21.170002 [debug] [ThreadPool]: On list_globalmart_bronze: Close
[0m16:47:21.170886 [debug] [ThreadPool]: Databricks adapter: Connection(session-id=01f18aa3-fffa-1c34-b1b0-aa2b4f5d4482) - Closing
[0m16:47:21.224278 [debug] [ThreadPool]: SQL status: OK in 0.930 seconds
[0m16:47:21.227235 [debug] [ThreadPool]: Databricks adapter: Cursor(session-id=01f18aa3-fffa-1ac3-b3e7-4406d99e0473, command-id=01f18aa4-0002-19bf-8ddf-3c2f738d8023) - Closing
[0m16:47:21.253143 [debug] [ThreadPool]: On list_globalmart_bronze_dev: Close
[0m16:47:21.254257 [debug] [ThreadPool]: Databricks adapter: Connection(session-id=01f18aa3-fffa-1ac3-b3e7-4406d99e0473) - Closing
[0m16:47:21.325729 [debug] [MainThread]: Sending event: {'category': 'dbt', 'action': 'runnable_timing', 'label': '42902ab4-eaa1-44ea-af93-1a2baac11a67', 'context': [<snowplow_tracker.self_describing_json.SelfDescribingJson object at 0xff4da3e22b70>]}
[0m16:47:21.329046 [debug] [Thread-1 (]: Began running node source.globalmart_dbt.bronze.bronze_orders
[0m16:47:21.329644 [debug] [Thread-2 (]: Began running node source.globalmart_dbt.bronze.orders_partitioned
[0m16:47:21.330791 [info ] [Thread-1 (]: 1 of 2 START freshness of bronze.bronze_orders ................................. [RUN]
[0m16:47:21.332587 [info ] [Thread-2 (]: 2 of 2 START freshness of bronze.orders_partitioned ............................ [RUN]
[0m16:47:21.343816 [debug] [Thread-2 (]: Databricks adapter: DatabricksDBTConnection(session-id=None, name=source.globalmart_dbt.bronze.orders_partitioned) - Creating connection
[0m16:47:21.333757 [debug] [Thread-1 (]: Databricks adapter: DatabricksDBTConnection(session-id=None, name=source.globalmart_dbt.bronze.bronze_orders) - Creating connection
[0m16:47:21.347998 [debug] [Thread-1 (]: Acquiring new databricks connection 'source.globalmart_dbt.bronze.bronze_orders'
[0m16:47:21.345775 [debug] [Thread-2 (]: Acquiring new databricks connection 'source.globalmart_dbt.bronze.orders_partitioned'
[0m16:47:21.349031 [debug] [Thread-1 (]: Began compiling node source.globalmart_dbt.bronze.bronze_orders
[0m16:47:21.350076 [debug] [Thread-2 (]: Began compiling node source.globalmart_dbt.bronze.orders_partitioned
[0m16:47:21.351760 [debug] [Thread-1 (]: Began executing node source.globalmart_dbt.bronze.bronze_orders
[0m16:47:21.352625 [debug] [Thread-2 (]: Began executing node source.globalmart_dbt.bronze.orders_partitioned
[0m16:47:21.369897 [debug] [Thread-2 (]: Using databricks connection "source.globalmart_dbt.bronze.orders_partitioned"
[0m16:47:21.371987 [debug] [Thread-1 (]: Using databricks connection "source.globalmart_dbt.bronze.bronze_orders"
[0m16:47:21.372808 [debug] [Thread-2 (]: On source.globalmart_dbt.bronze.orders_partitioned: /* {"app": "dbt", "dbt_version": "1.10.8", "dbt_databricks_version": "1.10.19", "databricks_sql_connector_version": "4.0.5", "profile_name": "globalmart_dbt", "target_name": "dev", "node_id": "source.globalmart_dbt.bronze.orders_partitioned"} */
select
      max(_ingested_at) as max_loaded_at,
      current_timestamp() as snapshotted_at
    from `globalmart`.`bronze`.`orders_partitioned`
    
  
[0m16:47:21.374655 [debug] [Thread-2 (]: Opening a new connection, currently in state init
[0m16:47:21.373704 [debug] [Thread-1 (]: On source.globalmart_dbt.bronze.bronze_orders: /* {"app": "dbt", "dbt_version": "1.10.8", "dbt_databricks_version": "1.10.19", "databricks_sql_connector_version": "4.0.5", "profile_name": "globalmart_dbt", "target_name": "dev", "node_id": "source.globalmart_dbt.bronze.bronze_orders"} */
select
      max(_ingested_at) as max_loaded_at,
      current_timestamp() as snapshotted_at
    from `globalmart`.`bronze`.`bronze_orders`
    
  
[0m16:47:21.378222 [debug] [Thread-1 (]: Opening a new connection, currently in state init
[0m16:47:21.509470 [debug] [Thread-2 (]: Databricks adapter: Connection(session-id=01f18aa4-009e-1377-8565-82fd5ba44a3d) - Created
[0m16:47:21.516653 [debug] [Thread-1 (]: Databricks adapter: Connection(session-id=01f18aa4-009f-11cb-a7d4-89a916023784) - Created
[0m16:47:22.300686 [debug] [Thread-2 (]: SQL status: OK in 0.930 seconds
[0m16:47:22.303996 [debug] [Thread-2 (]: Databricks adapter: Cursor(session-id=01f18aa4-009e-1377-8565-82fd5ba44a3d, command-id=01f18aa4-00a4-17b9-acd7-a3ca87061641) - Closing
[0m16:47:22.305193 [debug] [Thread-2 (]: On source.globalmart_dbt.bronze.orders_partitioned: Close
[0m16:47:22.306069 [debug] [Thread-2 (]: Databricks adapter: Connection(session-id=01f18aa4-009e-1377-8565-82fd5ba44a3d) - Closing
[0m16:47:22.371290 [info ] [Thread-2 (]: 2 of 2 PASS freshness of bronze.orders_partitioned ............................. [[32mPASS[0m in 1.03s]
[0m16:47:22.372560 [debug] [Thread-2 (]: Finished running node source.globalmart_dbt.bronze.orders_partitioned
[0m16:47:22.389316 [debug] [Thread-1 (]: SQL status: OK in 1.010 seconds
[0m16:47:22.391901 [debug] [Thread-1 (]: Databricks adapter: Cursor(session-id=01f18aa4-009f-11cb-a7d4-89a916023784, command-id=01f18aa4-00a5-186f-a928-5f480a456373) - Closing
[0m16:47:22.393012 [debug] [Thread-1 (]: On source.globalmart_dbt.bronze.bronze_orders: Close
[0m16:47:22.393952 [debug] [Thread-1 (]: Databricks adapter: Connection(session-id=01f18aa4-009f-11cb-a7d4-89a916023784) - Closing
[0m16:47:22.459251 [info ] [Thread-1 (]: 1 of 2 PASS freshness of bronze.bronze_orders .................................. [[32mPASS[0m in 1.13s]
[0m16:47:22.460928 [debug] [Thread-1 (]: Finished running node source.globalmart_dbt.bronze.bronze_orders
[0m16:47:22.463221 [debug] [MainThread]: Databricks adapter: DatabricksDBTConnection(session-id=None, name=master) - Creating connection
[0m16:47:22.464115 [debug] [MainThread]: Acquiring new databricks connection 'master'
[0m16:47:22.465336 [info ] [MainThread]: 
[0m16:47:22.466313 [info ] [MainThread]: Finished running 2 sources in 0 hours 0 minutes and 2.20 seconds (2.20s).
[0m16:47:22.524665 [debug] [MainThread]: Wrote artifact WritableManifest to /Workspace/Users/iamnovaryn@gmail.com/DataBricks_Project/globalmart_dbt/target/manifest.json
[0m16:47:22.529007 [debug] [MainThread]: Wrote artifact SemanticManifest to /Workspace/Users/iamnovaryn@gmail.com/DataBricks_Project/globalmart_dbt/target/semantic_manifest.json
[0m16:47:22.552092 [debug] [MainThread]: Wrote artifact FreshnessResult to /Workspace/Users/iamnovaryn@gmail.com/DataBricks_Project/globalmart_dbt/target/sources.json
[0m16:47:22.552868 [info ] [MainThread]: Done.
[0m16:47:22.554418 [debug] [MainThread]: Resource report: {"command_name": "freshness", "command_success": true, "command_wall_clock_time": 5.7662687, "process_in_blocks": "0", "process_kernel_time": 0.352083, "process_mem_max_rss": "255268", "process_out_blocks": "0", "process_user_time": 4.819696}
[0m16:47:22.555341 [debug] [MainThread]: Command `dbt source freshness` succeeded at 16:47:22.555209 after 5.77 seconds
[0m16:47:22.556076 [debug] [MainThread]: Sending event: {'category': 'dbt', 'action': 'invocation', 'label': 'end', 'context': [<snowplow_tracker.self_describing_json.SelfDescribingJson object at 0xff4dc6cfeb10>, <snowplow_tracker.self_describing_json.SelfDescribingJson object at 0xff4dc4f66780>, <snowplow_tracker.self_describing_json.SelfDescribingJson object at 0xff4dc4f67980>]}
[0m16:47:22.556879 [debug] [MainThread]: Flushing usage events
[0m16:47:22.626028 [debug] [MainThread]: An error was encountered while trying to flush usage events
[0m16:47:31.976147 [debug] [MainThread]: Sending event: {'category': 'dbt', 'action': 'invocation', 'label': 'start', 'context': [<snowplow_tracker.self_describing_json.SelfDescribingJson object at 0xff185c8928a0>, <snowplow_tracker.self_describing_json.SelfDescribingJson object at 0xff185d87ee70>, <snowplow_tracker.self_describing_json.SelfDescribingJson object at 0xff185e0d1490>]}


============================== 16:47:31.979881 | 5ec95eae-aab0-442f-a2c3-8c23161feb5f ==============================
[0m16:47:31.979881 [info ] [MainThread]: Running with dbt=1.10.8
[0m16:47:31.981303 [debug] [MainThread]: running dbt with arguments {'printer_width': '80', 'indirect_selection': 'eager', 'write_json': 'True', 'log_cache_events': 'False', 'partial_parse': 'True', 'cache_selected_only': 'False', 'profiles_dir': '/home/spark-d82f9537-186c-448d-add6-49/.dbt', 'fail_fast': 'False', 'debug': 'False', 'log_path': '/Workspace/Users/iamnovaryn@gmail.com/DataBricks_Project/globalmart_dbt/logs', 'version_check': 'True', 'warn_error': 'None', 'use_colors': 'True', 'use_experimental_parser': 'False', 'empty': 'False', 'quiet': 'False', 'no_print': 'None', 'warn_error_options': 'WarnErrorOptionsV2(error=[], warn=[], silence=[])', 'introspect': 'True', 'static_parser': 'True', 'log_format': 'default', 'target_path': 'None', 'invocation_command': 'dbt run', 'send_anonymous_usage_stats': 'True'}
[0m16:47:32.773560 [debug] [MainThread]: Spark adapter: Setting pyhive.hive logging to ERROR
[0m16:47:32.777583 [debug] [MainThread]: Spark adapter: Setting thrift.transport logging to ERROR
[0m16:47:32.778652 [debug] [MainThread]: Spark adapter: Setting thrift.protocol logging to ERROR
[0m16:47:33.480023 [debug] [MainThread]: Sending event: {'category': 'dbt', 'action': 'project_id', 'label': '5ec95eae-aab0-442f-a2c3-8c23161feb5f', 'context': [<snowplow_tracker.self_describing_json.SelfDescribingJson object at 0xff185dde04a0>]}
[0m16:47:33.604767 [debug] [MainThread]: Sending event: {'category': 'dbt', 'action': 'adapter_info', 'label': '5ec95eae-aab0-442f-a2c3-8c23161feb5f', 'context': [<snowplow_tracker.self_describing_json.SelfDescribingJson object at 0xff184847dbe0>]}
[0m16:47:33.605991 [info ] [MainThread]: Registered adapter: databricks=1.10.19
[0m16:47:33.725334 [debug] [MainThread]: checksum: 265d66e81f90af29a7a28579c9b54d938c94f4a57c57be5f853267ae509b5fcb, vars: {}, profile: , target: , version: 1.10.8
[0m16:47:33.985898 [debug] [MainThread]: Partial parsing enabled: 0 files deleted, 0 files added, 0 files changed.
[0m16:47:33.986947 [debug] [MainThread]: Partial parsing enabled, no changes found, skipping parsing
[0m16:47:34.048670 [debug] [MainThread]: Sending event: {'category': 'dbt', 'action': 'load_project', 'label': '5ec95eae-aab0-442f-a2c3-8c23161feb5f', 'context': [<snowplow_tracker.self_describing_json.SelfDescribingJson object at 0xff18482ee510>]}
[0m16:47:34.206899 [debug] [MainThread]: Wrote artifact WritableManifest to /Workspace/Users/iamnovaryn@gmail.com/DataBricks_Project/globalmart_dbt/target/manifest.json
[0m16:47:34.227635 [debug] [MainThread]: Wrote artifact SemanticManifest to /Workspace/Users/iamnovaryn@gmail.com/DataBricks_Project/globalmart_dbt/target/semantic_manifest.json
[0m16:47:34.272072 [debug] [MainThread]: Sending event: {'category': 'dbt', 'action': 'resource_counts', 'label': '5ec95eae-aab0-442f-a2c3-8c23161feb5f', 'context': [<snowplow_tracker.self_describing_json.SelfDescribingJson object at 0xff1847c45430>]}
[0m16:47:34.273755 [info ] [MainThread]: Found 5 models, 1 snapshot, 6 data tests, 2 sources, 691 macros
[0m16:47:34.274633 [debug] [MainThread]: Sending event: {'category': 'dbt', 'action': 'runnable_timing', 'label': '5ec95eae-aab0-442f-a2c3-8c23161feb5f', 'context': [<snowplow_tracker.self_describing_json.SelfDescribingJson object at 0xff1847c8b710>]}
[0m16:47:34.278091 [info ] [MainThread]: 
[0m16:47:34.278924 [info ] [MainThread]: Concurrency: 4 threads (target='dev')
[0m16:47:34.280157 [info ] [MainThread]: 
[0m16:47:34.281788 [debug] [MainThread]: Databricks adapter: DatabricksDBTConnection(session-id=None, name=master) - Creating connection
[0m16:47:34.282595 [debug] [MainThread]: Acquiring new databricks connection 'master'
[0m16:47:34.289935 [debug] [ThreadPool]: Databricks adapter: DatabricksDBTConnection(session-id=None, name=list_globalmart) - Creating connection
[0m16:47:34.291755 [debug] [ThreadPool]: Acquiring new databricks connection 'list_globalmart'
[0m16:47:34.305633 [debug] [ThreadPool]: Using databricks connection "list_globalmart"
[0m16:47:34.306560 [debug] [ThreadPool]: On list_globalmart: /* {"app": "dbt", "dbt_version": "1.10.8", "dbt_databricks_version": "1.10.19", "databricks_sql_connector_version": "4.0.5", "profile_name": "globalmart_dbt", "target_name": "dev", "connection_name": "list_globalmart"} */

    

  SHOW SCHEMAS IN `globalmart`


  
[0m16:47:34.307229 [debug] [ThreadPool]: Opening a new connection, currently in state init
[0m16:47:34.415009 [debug] [ThreadPool]: Databricks adapter: Connection(session-id=01f18aa4-084e-1724-88a5-9feb6c270185) - Created
[0m16:47:34.743157 [debug] [ThreadPool]: SQL status: OK in 0.440 seconds
[0m16:47:34.760558 [debug] [ThreadPool]: Databricks adapter: Cursor(session-id=01f18aa4-084e-1724-88a5-9feb6c270185, command-id=01f18aa4-0858-18c9-979e-db13c9848efd) - Closing
[0m16:47:34.761761 [debug] [ThreadPool]: On list_globalmart: Close
[0m16:47:34.762621 [debug] [ThreadPool]: Databricks adapter: Connection(session-id=01f18aa4-084e-1724-88a5-9feb6c270185) - Closing
[0m16:47:34.833424 [debug] [ThreadPool]: Databricks adapter: DatabricksDBTConnection(session-id=None, name=list_globalmart_bronze_dev) - Creating connection
[0m16:47:34.834349 [debug] [ThreadPool]: Databricks adapter: DatabricksDBTConnection(session-id=None, name=list_globalmart_bronze) - Creating connection
[0m16:47:34.835624 [debug] [ThreadPool]: Acquiring new databricks connection 'list_globalmart_bronze_dev'
[0m16:47:34.837453 [debug] [ThreadPool]: Acquiring new databricks connection 'list_globalmart_bronze'
[0m16:47:34.848771 [debug] [ThreadPool]: Using databricks connection "list_globalmart_bronze_dev"
[0m16:47:34.851732 [debug] [ThreadPool]: Using databricks connection "list_globalmart_bronze"
[0m16:47:34.852815 [debug] [ThreadPool]: On list_globalmart_bronze_dev: /* {"app": "dbt", "dbt_version": "1.10.8", "dbt_databricks_version": "1.10.19", "databricks_sql_connector_version": "4.0.5", "profile_name": "globalmart_dbt", "target_name": "dev", "connection_name": "list_globalmart_bronze_dev"} */

    
SELECT
  table_name,
  if(table_type IN ('EXTERNAL', 'MANAGED', 'MANAGED_SHALLOW_CLONE', 'EXTERNAL_SHALLOW_CLONE'), 'table', lower(table_type)) AS table_type,
  lower(data_source_format) AS file_format,
  table_owner,
  if(
    table_type IN (
      'EXTERNAL',
      'MANAGED',
      'MANAGED_SHALLOW_CLONE',
      'EXTERNAL_SHALLOW_CLONE'
    ),
    lower(table_type),
    NULL
  ) AS databricks_table_type
FROM `system`.`information_schema`.`tables`
WHERE table_catalog = 'globalmart' 
  AND table_schema = 'bronze_dev'

  
[0m16:47:34.853824 [debug] [ThreadPool]: On list_globalmart_bronze: /* {"app": "dbt", "dbt_version": "1.10.8", "dbt_databricks_version": "1.10.19", "databricks_sql_connector_version": "4.0.5", "profile_name": "globalmart_dbt", "target_name": "dev", "connection_name": "list_globalmart_bronze"} */

    
SELECT
  table_name,
  if(table_type IN ('EXTERNAL', 'MANAGED', 'MANAGED_SHALLOW_CLONE', 'EXTERNAL_SHALLOW_CLONE'), 'table', lower(table_type)) AS table_type,
  lower(data_source_format) AS file_format,
  table_owner,
  if(
    table_type IN (
      'EXTERNAL',
      'MANAGED',
      'MANAGED_SHALLOW_CLONE',
      'EXTERNAL_SHALLOW_CLONE'
    ),
    lower(table_type),
    NULL
  ) AS databricks_table_type
FROM `system`.`information_schema`.`tables`
WHERE table_catalog = 'globalmart' 
  AND table_schema = 'bronze'

  
[0m16:47:34.854929 [debug] [ThreadPool]: Opening a new connection, currently in state init
[0m16:47:34.855722 [debug] [ThreadPool]: Opening a new connection, currently in state init
[0m16:47:35.000204 [debug] [ThreadPool]: Databricks adapter: Connection(session-id=01f18aa4-08a8-1abd-9acc-f7573714a57e) - Created
[0m16:47:35.001450 [debug] [ThreadPool]: Databricks adapter: Connection(session-id=01f18aa4-08a8-1108-8300-ae98088da7ae) - Created
[0m16:47:35.403014 [debug] [ThreadPool]: SQL status: OK in 0.550 seconds
[0m16:47:35.406641 [debug] [ThreadPool]: Databricks adapter: Cursor(session-id=01f18aa4-08a8-1108-8300-ae98088da7ae, command-id=01f18aa4-08af-1318-b810-af0a63eddfa3) - Closing
[0m16:47:35.408299 [debug] [ThreadPool]: On list_globalmart_bronze: Close
[0m16:47:35.409657 [debug] [ThreadPool]: Databricks adapter: Connection(session-id=01f18aa4-08a8-1108-8300-ae98088da7ae) - Closing
[0m16:47:35.609489 [debug] [ThreadPool]: SQL status: OK in 0.750 seconds
[0m16:47:35.612325 [debug] [ThreadPool]: Databricks adapter: Cursor(session-id=01f18aa4-08a8-1abd-9acc-f7573714a57e, command-id=01f18aa4-08ae-1aa3-bda0-2318d54c496e) - Closing
[0m16:47:35.613835 [debug] [ThreadPool]: On list_globalmart_bronze_dev: Close
[0m16:47:35.614556 [debug] [ThreadPool]: Databricks adapter: Connection(session-id=01f18aa4-08a8-1abd-9acc-f7573714a57e) - Closing
[0m16:47:35.677108 [debug] [MainThread]: Sending event: {'category': 'dbt', 'action': 'runnable_timing', 'label': '5ec95eae-aab0-442f-a2c3-8c23161feb5f', 'context': [<snowplow_tracker.self_describing_json.SelfDescribingJson object at 0xff18486fff50>]}
[0m16:47:35.680987 [debug] [Thread-1 (]: Began running node model.globalmart_dbt.stg_customers
[0m16:47:35.681590 [debug] [Thread-2 (]: Began running node model.globalmart_dbt.stg_orders
[0m16:47:35.683093 [info ] [Thread-1 (]: 1 of 5 START sql view model bronze_dev.stg_customers ........................... [RUN]
[0m16:47:35.684905 [info ] [Thread-2 (]: 2 of 5 START sql view model bronze_dev.stg_orders .............................. [RUN]
[0m16:47:35.686054 [debug] [Thread-1 (]: Databricks adapter: DatabricksDBTConnection(session-id=None, name=model.globalmart_dbt.stg_customers) - Creating connection
[0m16:47:35.687053 [debug] [Thread-2 (]: Databricks adapter: DatabricksDBTConnection(session-id=None, name=model.globalmart_dbt.stg_orders) - Creating connection
[0m16:47:35.687845 [debug] [Thread-1 (]: Acquiring new databricks connection 'model.globalmart_dbt.stg_customers'
[0m16:47:35.688541 [debug] [Thread-2 (]: Acquiring new databricks connection 'model.globalmart_dbt.stg_orders'
[0m16:47:35.689225 [debug] [Thread-1 (]: Began compiling node model.globalmart_dbt.stg_customers
[0m16:47:35.690014 [debug] [Thread-2 (]: Began compiling node model.globalmart_dbt.stg_orders
[0m16:47:35.698013 [debug] [Thread-1 (]: Writing injected SQL for node "model.globalmart_dbt.stg_customers"
[0m16:47:35.702402 [debug] [Thread-2 (]: Writing injected SQL for node "model.globalmart_dbt.stg_orders"
[0m16:47:35.764815 [debug] [Thread-1 (]: Began executing node model.globalmart_dbt.stg_customers
[0m16:47:35.780774 [debug] [Thread-1 (]: MATERIALIZING VIEW
[0m16:47:35.783774 [warn ] [Thread-1 (]: [[33mWARNING[0m]: Use revamped materializations based on separating create and insert.  This allows more performant column comments, as well as new column features.
You may opt into the new behavior sooner by setting `flags.use_materialization_v2` to `True` in `dbt_project.yml`.
Visit https://docs.getdbt.com/reference/global-configs/behavior-changes for more information.
[0m16:47:35.785067 [debug] [Thread-1 (]: Sending event: {'category': 'dbt', 'action': 'BehaviorChangeEvent', 'label': '5ec95eae-aab0-442f-a2c3-8c23161feb5f', 'context': [<snowplow_tracker.self_describing_json.SelfDescribingJson object at 0xff1847b9ef60>]}
[0m16:47:35.785973 [debug] [Thread-2 (]: Began executing node model.globalmart_dbt.stg_orders
[0m16:47:35.801741 [debug] [Thread-2 (]: MATERIALIZING VIEW
[0m16:47:35.807736 [debug] [Thread-2 (]: Creating view `globalmart`.`bronze_dev`.`stg_orders`
[0m16:47:35.806271 [debug] [Thread-1 (]: Creating view `globalmart`.`bronze_dev`.`stg_customers`
[0m16:47:35.822758 [debug] [Thread-1 (]: Writing runtime sql for node "model.globalmart_dbt.stg_customers"
[0m16:47:35.828979 [debug] [Thread-2 (]: Writing runtime sql for node "model.globalmart_dbt.stg_orders"
[0m16:47:35.921209 [debug] [Thread-1 (]: Using databricks connection "model.globalmart_dbt.stg_customers"
[0m16:47:35.922151 [debug] [Thread-1 (]: On model.globalmart_dbt.stg_customers: /* {"app": "dbt", "dbt_version": "1.10.8", "dbt_databricks_version": "1.10.19", "databricks_sql_connector_version": "4.0.5", "profile_name": "globalmart_dbt", "target_name": "dev", "node_id": "model.globalmart_dbt.stg_customers"} */

  
  
  create or replace view `globalmart`.`bronze_dev`.`stg_customers`
  
  as (
    with raw_customers as (
    select * from `globalmart`.`bronze`.`bronze_orders`
)
select distinct
    customer_id,
    order_priority,
    fulfillment_channel
from raw_customers
where customer_id is not null
  )

[0m16:47:35.922971 [debug] [Thread-1 (]: Opening a new connection, currently in state init
[0m16:47:35.944594 [debug] [Thread-2 (]: Using databricks connection "model.globalmart_dbt.stg_orders"
[0m16:47:35.945550 [debug] [Thread-2 (]: On model.globalmart_dbt.stg_orders: /* {"app": "dbt", "dbt_version": "1.10.8", "dbt_databricks_version": "1.10.19", "databricks_sql_connector_version": "4.0.5", "profile_name": "globalmart_dbt", "target_name": "dev", "node_id": "model.globalmart_dbt.stg_orders"} */

  
  
  create or replace view `globalmart`.`bronze_dev`.`stg_orders`
  
  as (
    with raw_orders as (
    select * from `globalmart`.`bronze`.`bronze_orders`
)
select
    order_id,
    customer_id,
    order_status,
    
    from_utc_timestamp(order_purchase_timestamp, 'Asia/Kolkata')
 as order_purchase_timestamp_ist,
    _ingested_at
from raw_orders
where order_id is not null
  )

[0m16:47:35.946367 [debug] [Thread-2 (]: Opening a new connection, currently in state init
[0m16:47:36.044651 [debug] [Thread-1 (]: Databricks adapter: Connection(session-id=01f18aa4-0948-102b-800c-ecef6f72cf41) - Created
[0m16:47:36.071339 [debug] [Thread-2 (]: Databricks adapter: Connection(session-id=01f18aa4-094c-16ad-92f6-3ef1d6ce5a1e) - Created
[0m16:47:36.944836 [debug] [Thread-1 (]: SQL status: OK in 1.020 seconds
[0m16:47:36.946830 [debug] [Thread-1 (]: Databricks adapter: Cursor(session-id=01f18aa4-0948-102b-800c-ecef6f72cf41, command-id=01f18aa4-094e-1248-8002-48e843993df6) - Closing
[0m16:47:36.958075 [debug] [Thread-1 (]: Applying tags to relation None
[0m16:47:36.960552 [debug] [Thread-1 (]: On model.globalmart_dbt.stg_customers: Close
[0m16:47:36.961353 [debug] [Thread-1 (]: Databricks adapter: Connection(session-id=01f18aa4-0948-102b-800c-ecef6f72cf41) - Closing
[0m16:47:36.965149 [debug] [Thread-2 (]: SQL status: OK in 1.020 seconds
[0m16:47:36.966556 [debug] [Thread-2 (]: Databricks adapter: Cursor(session-id=01f18aa4-094c-16ad-92f6-3ef1d6ce5a1e, command-id=01f18aa4-0951-1eec-a7b5-9110cd2c00bd) - Closing
[0m16:47:36.967633 [debug] [Thread-2 (]: Applying tags to relation None
[0m16:47:37.024878 [debug] [Thread-2 (]: On model.globalmart_dbt.stg_orders: Close
[0m16:47:37.025949 [debug] [Thread-2 (]: Databricks adapter: Connection(session-id=01f18aa4-094c-16ad-92f6-3ef1d6ce5a1e) - Closing
[0m16:47:37.092169 [debug] [Thread-1 (]: Sending event: {'category': 'dbt', 'action': 'run_model', 'label': '5ec95eae-aab0-442f-a2c3-8c23161feb5f', 'context': [<snowplow_tracker.self_describing_json.SelfDescribingJson object at 0xff185c8c7080>]}
[0m16:47:37.092770 [debug] [Thread-2 (]: Sending event: {'category': 'dbt', 'action': 'run_model', 'label': '5ec95eae-aab0-442f-a2c3-8c23161feb5f', 'context': [<snowplow_tracker.self_describing_json.SelfDescribingJson object at 0xff1848353e60>]}
[0m16:47:37.093795 [info ] [Thread-1 (]: 1 of 5 OK created sql view model bronze_dev.stg_customers ...................... [[32mOK[0m in 1.40s]
[0m16:47:37.094980 [info ] [Thread-2 (]: 2 of 5 OK created sql view model bronze_dev.stg_orders ......................... [[32mOK[0m in 1.40s]
[0m16:47:37.096229 [debug] [Thread-1 (]: Finished running node model.globalmart_dbt.stg_customers
[0m16:47:37.097230 [debug] [Thread-2 (]: Finished running node model.globalmart_dbt.stg_orders
[0m16:47:37.098819 [debug] [Thread-4 (]: Began running node model.globalmart_dbt.dim_customer_summary
[0m16:47:37.099379 [debug] [Thread-3 (]: Began running node model.globalmart_dbt.fct_monthly_orders
[0m16:47:37.099979 [debug] [Thread-1 (]: Began running node model.globalmart_dbt.fct_orders_incremental
[0m16:47:37.100897 [info ] [Thread-4 (]: 3 of 5 START sql table model bronze_dev.dim_customer_summary ................... [RUN]
[0m16:47:37.103014 [info ] [Thread-3 (]: 4 of 5 START sql table model bronze_dev.fct_monthly_orders ..................... [RUN]
[0m16:47:37.103987 [info ] [Thread-1 (]: 5 of 5 START sql incremental model bronze_dev.fct_orders_incremental ........... [RUN]
[0m16:47:37.105088 [debug] [Thread-4 (]: Databricks adapter: DatabricksDBTConnection(session-id=None, name=model.globalmart_dbt.dim_customer_summary) - Creating connection
[0m16:47:37.106033 [debug] [Thread-3 (]: Databricks adapter: DatabricksDBTConnection(session-id=None, name=model.globalmart_dbt.fct_monthly_orders) - Creating connection
[0m16:47:37.110280 [debug] [Thread-1 (]: Databricks adapter: DatabricksDBTConnection(session-id=None, name=model.globalmart_dbt.fct_orders_incremental) - Creating connection
[0m16:47:37.111066 [debug] [Thread-4 (]: Acquiring new databricks connection 'model.globalmart_dbt.dim_customer_summary'
[0m16:47:37.111888 [debug] [Thread-3 (]: Acquiring new databricks connection 'model.globalmart_dbt.fct_monthly_orders'
[0m16:47:37.114038 [debug] [Thread-3 (]: Began compiling node model.globalmart_dbt.fct_monthly_orders
[0m16:47:37.113340 [debug] [Thread-4 (]: Began compiling node model.globalmart_dbt.dim_customer_summary
[0m16:47:37.112621 [debug] [Thread-1 (]: Acquiring new databricks connection 'model.globalmart_dbt.fct_orders_incremental'
[0m16:47:37.117344 [debug] [Thread-3 (]: Writing injected SQL for node "model.globalmart_dbt.fct_monthly_orders"
[0m16:47:37.120515 [debug] [Thread-4 (]: Writing injected SQL for node "model.globalmart_dbt.dim_customer_summary"
[0m16:47:37.121395 [debug] [Thread-1 (]: Began compiling node model.globalmart_dbt.fct_orders_incremental
[0m16:47:37.130799 [debug] [Thread-1 (]: Writing injected SQL for node "model.globalmart_dbt.fct_orders_incremental"
[0m16:47:37.155058 [debug] [Thread-3 (]: Began executing node model.globalmart_dbt.fct_monthly_orders
[0m16:47:37.173411 [debug] [Thread-3 (]: MATERIALIZING TABLE
[0m16:47:37.206074 [debug] [Thread-3 (]: Writing runtime sql for node "model.globalmart_dbt.fct_monthly_orders"
[0m16:47:37.206770 [debug] [Thread-1 (]: Began executing node model.globalmart_dbt.fct_orders_incremental
[0m16:47:37.209091 [debug] [Thread-4 (]: Began executing node model.globalmart_dbt.dim_customer_summary
[0m16:47:37.229675 [debug] [Thread-4 (]: MATERIALIZING TABLE
[0m16:47:37.334904 [debug] [Thread-4 (]: Writing runtime sql for node "model.globalmart_dbt.dim_customer_summary"
[0m16:47:37.335683 [debug] [Thread-1 (]: MATERIALIZING INCREMENTAL
[0m16:47:37.336735 [debug] [Thread-3 (]: Using databricks connection "model.globalmart_dbt.fct_monthly_orders"
[0m16:47:37.359541 [debug] [Thread-1 (]: Using databricks connection "model.globalmart_dbt.fct_orders_incremental"
[0m16:47:37.360254 [debug] [Thread-3 (]: On model.globalmart_dbt.fct_monthly_orders: /* {"app": "dbt", "dbt_version": "1.10.8", "dbt_databricks_version": "1.10.19", "databricks_sql_connector_version": "4.0.5", "profile_name": "globalmart_dbt", "target_name": "dev", "node_id": "model.globalmart_dbt.fct_monthly_orders"} */

  
    
        create or replace table `globalmart`.`bronze_dev`.`fct_monthly_orders`
      
      
  using delta
      
      
      
      
      
      
      
      as
      with orders as (
    select * from `globalmart`.`bronze_dev`.`stg_orders`
)
select
    date_trunc('month', order_purchase_timestamp_ist) as order_month,
    count(distinct order_id) as total_orders
from orders
group by 1
  
[0m16:47:37.361111 [debug] [Thread-1 (]: On model.globalmart_dbt.fct_orders_incremental: /* {"app": "dbt", "dbt_version": "1.10.8", "dbt_databricks_version": "1.10.19", "databricks_sql_connector_version": "4.0.5", "profile_name": "globalmart_dbt", "target_name": "dev", "node_id": "model.globalmart_dbt.fct_orders_incremental"} */
SELECT tag_name, tag_value
  FROM `system`.`information_schema`.`table_tags`
  WHERE catalog_name = 'globalmart' 
    AND schema_name = 'bronze_dev'
    AND table_name = 'fct_orders_incremental'
  
[0m16:47:37.361738 [debug] [Thread-4 (]: Using databricks connection "model.globalmart_dbt.dim_customer_summary"
[0m16:47:37.362484 [debug] [Thread-3 (]: Opening a new connection, currently in state init
[0m16:47:37.363203 [debug] [Thread-1 (]: Opening a new connection, currently in state init
[0m16:47:37.364014 [debug] [Thread-4 (]: On model.globalmart_dbt.dim_customer_summary: /* {"app": "dbt", "dbt_version": "1.10.8", "dbt_databricks_version": "1.10.19", "databricks_sql_connector_version": "4.0.5", "profile_name": "globalmart_dbt", "target_name": "dev", "node_id": "model.globalmart_dbt.dim_customer_summary"} */

  
    
        create or replace table `globalmart`.`bronze_dev`.`dim_customer_summary`
      
      
  using delta
      
      
      
      
      
      
      
      as
      with orders as (
    select * from `globalmart`.`bronze_dev`.`stg_orders`
)
select
    customer_id,
    count(distinct order_id) as total_orders_placed,
    min(order_purchase_timestamp) as first_order_timestamp,
    max(order_purchase_timestamp) as most_recent_order_timestamp
from orders
group by 1
  
[0m16:47:37.365735 [debug] [Thread-4 (]: Opening a new connection, currently in state init
[0m16:47:37.531354 [debug] [Thread-1 (]: Databricks adapter: Connection(session-id=01f18aa4-0a2b-1ef7-86a6-90f03db3bd7c) - Created
[0m16:47:37.539059 [debug] [Thread-3 (]: Databricks adapter: Connection(session-id=01f18aa4-0a2d-10aa-916d-d6bea0592704) - Created
[0m16:47:37.548316 [debug] [Thread-4 (]: Databricks adapter: Connection(session-id=01f18aa4-0a2d-1849-9d47-68a274148419) - Created
[0m16:47:37.995134 [debug] [Thread-1 (]: SQL status: OK in 0.630 seconds
[0m16:47:37.998034 [debug] [Thread-1 (]: Databricks adapter: Cursor(session-id=01f18aa4-0a2b-1ef7-86a6-90f03db3bd7c, command-id=01f18aa4-0a30-1ddc-a717-44dd093c67a6) - Closing
[0m16:47:38.004134 [debug] [Thread-1 (]: Using databricks connection "model.globalmart_dbt.fct_orders_incremental"
[0m16:47:38.005071 [debug] [Thread-1 (]: On model.globalmart_dbt.fct_orders_incremental: /* {"app": "dbt", "dbt_version": "1.10.8", "dbt_databricks_version": "1.10.19", "databricks_sql_connector_version": "4.0.5", "profile_name": "globalmart_dbt", "target_name": "dev", "node_id": "model.globalmart_dbt.fct_orders_incremental"} */
SELECT 
    column_name,
    tag_name,
    tag_value
  FROM `system`.`information_schema`.`column_tags`
  WHERE catalog_name = 'globalmart'
    AND schema_name = 'bronze_dev'
    AND table_name = 'fct_orders_incremental';
  
[0m16:47:38.649214 [debug] [Thread-4 (]: Databricks adapter: Exception while trying to execute query
/* {"app": "dbt", "dbt_version": "1.10.8", "dbt_databricks_version": "1.10.19", "databricks_sql_connector_version": "4.0.5", "profile_name": "globalmart_dbt", "target_name": "dev", "node_id": "model.globalmart_dbt.dim_customer_summary"} */

  
    
        create or replace table `globalmart`.`bronze_dev`.`dim_customer_summary`
      
      
  using delta
      
      
      
      
      
      
      
      as
      with orders as (
    select * from `globalmart`.`bronze_dev`.`stg_orders`
)
select
    customer_id,
    count(distinct order_id) as total_orders_placed,
    min(order_purchase_timestamp) as first_order_timestamp,
    max(order_purchase_timestamp) as most_recent_order_timestamp
from orders
group by 1
  
: [UNRESOLVED_COLUMN.WITH_SUGGESTION] A column, variable, or function parameter with name `order_purchase_timestamp` cannot be resolved. Did you mean one of the following? [`order_purchase_timestamp_ist`, `order_status`, `order_id`, `_ingested_at`, `customer_id`]. SQLSTATE: 42703; line 23 pos 8
Error properties: diagnostic-info=org.apache.hive.service.cli.HiveSQLException: Error running query: [UNRESOLVED_COLUMN.WITH_SUGGESTION] org.apache.spark.sql.catalyst.ExtendedAnalysisException: [UNRESOLVED_COLUMN.WITH_SUGGESTION] A column, variable, or function parameter with name `order_purchase_timestamp` cannot be resolved. Did you mean one of the following? [`order_purchase_timestamp_ist`, `order_status`, `order_id`, `_ingested_at`, `customer_id`]. SQLSTATE: 42703; line 23 pos 8
	at org.apache.spark.sql.hive.thriftserver.HiveThriftServerErrors$.runningQueryError(HiveThriftServerErrors.scala:58)
	at org.apache.spark.sql.hive.thriftserver.SparkExecuteStatementOperation.$anonfun$execute$1(SparkExecuteStatementOperation.scala:1205)
	at scala.runtime.java8.JFunction0$mcV$sp.apply(JFunction0$mcV$sp.scala:18)
	at com.databricks.unity.UCSEphemeralState$Handle.runWith(UCSEphemeralState.scala:51)
	at com.databricks.unity.HandleImpl.runWith(UCSHandle.scala:128)
	at org.apache.spark.sql.hive.thriftserver.SparkExecuteStatementOperation.org$apache$spark$sql$hive$thriftserver$SparkExecuteStatementOperation$$execute(SparkExecuteStatementOperation.scala:898)
	at org.apache.spark.sql.hive.thriftserver.SparkExecuteStatementOperation$$anon$2$$anon$3.$anonfun$run$6(SparkExecuteStatementOperation.scala:647)
	at scala.runtime.java8.JFunction0$mcV$sp.apply(JFunction0$mcV$sp.scala:18)
	at org.apache.spark.sql.execution.SQLExecution$.withRootExecution(SQLExecution.scala:1498)
	at org.apache.spark.sql.hive.thriftserver.SparkExecuteStatementOperation$$anon$2$$anon$3.$anonfun$run$3(SparkExecuteStatementOperation.scala:647)
	at scala.runtime.java8.JFunction0$mcV$sp.apply(JFunction0$mcV$sp.scala:18)
	at com.databricks.util.TracingSpanUtils$.withTracing(TracingSpanUtils.scala:251)
	at com.databricks.spark.util.DatabricksTracingHelper.withSpan(DatabricksSparkTracingHelper.scala:154)
	at com.databricks.spark.util.DBRTracing$.withSpan(DBRTracing.scala:87)
	at org.apache.spark.sql.hive.thriftserver.ThriftLocalProperties.$anonfun$withLocalProperties$18(ThriftLocalProperties.scala:366)
	at com.databricks.logging.AttributionContextTracing.$anonfun$withAttributionContext$1(AttributionContextTracing.scala:146)
	at com.databricks.logging.AttributionContext$.$anonfun$withValue$1(AttributionContext.scala:349)
	at scala.util.DynamicVariable.withValue(DynamicVariable.scala:59)
	at com.databricks.logging.AttributionContext$.withValue(AttributionContext.scala:345)
	at com.databricks.logging.AttributionContextTracing.withAttributionContext(AttributionContextTracing.scala:144)
	at com.databricks.logging.AttributionContextTracing.withAttributionContext$(AttributionContextTracing.scala:141)
	at com.databricks.spark.util.PublicDBLogging.withAttributionContext(DatabricksSparkUsageLogger.scala:29)
	at com.databricks.logging.AttributionContextTracing.withAttributionTags(AttributionContextTracing.scala:201)
	at com.databricks.logging.AttributionContextTracing.withAttributionTags$(AttributionContextTracing.scala:182)
	at com.databricks.spark.util.PublicDBLogging.withAttributionTags(DatabricksSparkUsageLogger.scala:29)
	at com.databricks.spark.util.PublicDBLogging.withAttributionTags0(DatabricksSparkUsageLogger.scala:108)
	at com.databricks.spark.util.DatabricksSparkUsageLogger.withAttributionTags(DatabricksSparkUsageLogger.scala:215)
	at com.databricks.spark.util.UsageLogging.$anonfun$withAttributionTags$1(UsageLogger.scala:668)
	at com.databricks.spark.util.UsageLogging$.withAttributionTags(UsageLogger.scala:780)
	at com.databricks.spark.util.UsageLogging$.withAttributionTags(UsageLogger.scala:789)
	at com.databricks.spark.util.UsageLogging.withAttributionTags(UsageLogger.scala:668)
	at com.databricks.spark.util.UsageLogging.withAttributionTags$(UsageLogger.scala:666)
	at org.apache.spark.sql.hive.thriftserver.SparkExecuteStatementOperation.withAttributionTags(SparkExecuteStatementOperation.scala:79)
	at org.apache.spark.sql.hive.thriftserver.ThriftLocalProperties.$anonfun$withLocalProperties$15(ThriftLocalProperties.scala:365)
	at com.databricks.spark.util.IdentityClaim$.withClaim(IdentityClaim.scala:48)
	at org.apache.spark.sql.hive.thriftserver.ThriftLocalProperties.withLocalProperties(ThriftLocalProperties.scala:360)
	at org.apache.spark.sql.hive.thriftserver.ThriftLocalProperties.withLocalProperties$(ThriftLocalProperties.scala:180)
	at org.apache.spark.sql.hive.thriftserver.SparkExecuteStatementOperation.withLocalProperties(SparkExecuteStatementOperation.scala:79)
	at org.apache.spark.sql.hive.thriftserver.SparkExecuteStatementOperation$$anon$2$$anon$3.$anonfun$run$2(SparkExecuteStatementOperation.scala:623)
	at scala.runtime.java8.JFunction0$mcV$sp.apply(JFunction0$mcV$sp.scala:18)
	at com.databricks.spark.util.DBRTracing$.withSpanFromParent(DBRTracing.scala:70)
	at org.apache.spark.sql.hive.thriftserver.SparkExecuteStatementOperation$$anon$2$$anon$3.run(SparkExecuteStatementOperation.scala:623)
	at org.apache.spark.sql.hive.thriftserver.SparkExecuteStatementOperation$$anon$2$$anon$3.run(SparkExecuteStatementOperation.scala:596)
	at java.base/java.security.AccessController.doPrivileged(AccessController.java:712)
	at java.base/javax.security.auth.Subject.doAs(Subject.java:439)
	at org.apache.hadoop.security.UserGroupInformation.doAs(UserGroupInformation.java:1953)
	at org.apache.spark.sql.hive.thriftserver.SparkExecuteStatementOperation$$anon$2.run(SparkExecuteStatementOperation.scala:661)
	at java.base/java.util.concurrent.Executors$RunnableAdapter.call(Executors.java:539)
	at java.base/java.util.concurrent.FutureTask.run(FutureTask.java:264)
	at java.base/java.util.concurrent.ThreadPoolExecutor.runWorker(ThreadPoolExecutor.java:1136)
	at java.base/java.util.concurrent.ThreadPoolExecutor$Worker.run(ThreadPoolExecutor.java:635)
	at java.base/java.lang.Thread.run(Thread.java:840)
Caused by: org.apache.spark.sql.catalyst.ExtendedAnalysisException: [UNRESOLVED_COLUMN.WITH_SUGGESTION] A column, variable, or function parameter with name `order_purchase_timestamp` cannot be resolved. Did you mean one of the following? [`order_purchase_timestamp_ist`, `order_status`, `order_id`, `_ingested_at`, `customer_id`]. SQLSTATE: 42703; line 23 pos 8
	at org.apache.spark.sql.catalyst.ExtendedAnalysisException.copyPlan(ExtendedAnalysisException.scala:97)
	at org.apache.spark.sql.hive.thriftserver.SparkExecuteStatementOperation.$anonfun$execute$1(SparkExecuteStatementOperation.scala:1158)
	... 50 more
, operation-id=01f18aa4-0a33-1aac-a041-1193812973f8
[0m16:47:38.650746 [debug] [Thread-4 (]: On model.globalmart_dbt.dim_customer_summary: Close
[0m16:47:38.651498 [debug] [Thread-4 (]: Databricks adapter: Connection(session-id=01f18aa4-0a2d-1849-9d47-68a274148419) - Closing
[0m16:47:38.721205 [debug] [Thread-4 (]: Database Error in model dim_customer_summary (models/marts/dim_customer_summary.sql)
  [UNRESOLVED_COLUMN.WITH_SUGGESTION] A column, variable, or function parameter with name `order_purchase_timestamp` cannot be resolved. Did you mean one of the following? [`order_purchase_timestamp_ist`, `order_status`, `order_id`, `_ingested_at`, `customer_id`]. SQLSTATE: 42703; line 23 pos 8
  compiled code at target/run/globalmart_dbt/models/marts/dim_customer_summary.sql
[0m16:47:38.722481 [debug] [Thread-4 (]: Sending event: {'category': 'dbt', 'action': 'run_model', 'label': '5ec95eae-aab0-442f-a2c3-8c23161feb5f', 'context': [<snowplow_tracker.self_describing_json.SelfDescribingJson object at 0xff184847df10>]}
[0m16:47:38.723724 [error] [Thread-4 (]: 3 of 5 ERROR creating sql table model bronze_dev.dim_customer_summary .......... [[31mERROR[0m in 1.62s]
[0m16:47:38.724768 [debug] [Thread-4 (]: Finished running node model.globalmart_dbt.dim_customer_summary
[0m16:47:38.725765 [debug] [Thread-7 (]: Marking all children of 'model.globalmart_dbt.dim_customer_summary' to be skipped because of status 'error'.  Reason: Database Error in model dim_customer_summary (models/marts/dim_customer_summary.sql)
  [UNRESOLVED_COLUMN.WITH_SUGGESTION] A column, variable, or function parameter with name `order_purchase_timestamp` cannot be resolved. Did you mean one of the following? [`order_purchase_timestamp_ist`, `order_status`, `order_id`, `_ingested_at`, `customer_id`]. SQLSTATE: 42703; line 23 pos 8
  compiled code at target/run/globalmart_dbt/models/marts/dim_customer_summary.sql.
[0m16:47:38.847495 [debug] [Thread-1 (]: SQL status: OK in 0.840 seconds
[0m16:47:38.850167 [debug] [Thread-1 (]: Databricks adapter: Cursor(session-id=01f18aa4-0a2b-1ef7-86a6-90f03db3bd7c, command-id=01f18aa4-0a79-1028-908c-64b6043bab3d) - Closing
[0m16:47:38.856636 [debug] [Thread-1 (]: Using databricks connection "model.globalmart_dbt.fct_orders_incremental"
[0m16:47:38.857571 [debug] [Thread-1 (]: On model.globalmart_dbt.fct_orders_incremental: /* {"app": "dbt", "dbt_version": "1.10.8", "dbt_databricks_version": "1.10.19", "databricks_sql_connector_version": "4.0.5", "profile_name": "globalmart_dbt", "target_name": "dev", "node_id": "model.globalmart_dbt.fct_orders_incremental"} */
SELECT column_name
  FROM `globalmart`.`information_schema`.`columns`
  WHERE table_catalog = 'globalmart' 
    AND table_schema = 'bronze_dev'
    AND table_name = 'fct_orders_incremental'
    AND is_nullable = 'NO';
  
[0m16:47:39.276744 [debug] [Thread-1 (]: SQL status: OK in 0.420 seconds
[0m16:47:39.279757 [debug] [Thread-1 (]: Databricks adapter: Cursor(session-id=01f18aa4-0a2b-1ef7-86a6-90f03db3bd7c, command-id=01f18aa4-0afb-1953-b185-ef210b0b4878) - Closing
[0m16:47:39.286954 [debug] [Thread-1 (]: Using databricks connection "model.globalmart_dbt.fct_orders_incremental"
[0m16:47:39.287954 [debug] [Thread-1 (]: On model.globalmart_dbt.fct_orders_incremental: /* {"app": "dbt", "dbt_version": "1.10.8", "dbt_databricks_version": "1.10.19", "databricks_sql_connector_version": "4.0.5", "profile_name": "globalmart_dbt", "target_name": "dev", "node_id": "model.globalmart_dbt.fct_orders_incremental"} */
SELECT kcu.constraint_name, kcu.column_name
  FROM `globalmart`.information_schema.key_column_usage kcu
  WHERE kcu.table_catalog = 'globalmart' 
    AND kcu.table_schema = 'bronze_dev'
    AND kcu.table_name = 'fct_orders_incremental' 
    AND kcu.constraint_name = (
      SELECT constraint_name
      FROM `globalmart`.information_schema.table_constraints
      WHERE table_catalog = 'globalmart'
        AND table_schema = 'bronze_dev'
        AND table_name = 'fct_orders_incremental' 
        AND constraint_type = 'PRIMARY KEY'
    )
  ORDER BY kcu.ordinal_position;
  
[0m16:47:40.127054 [debug] [Thread-1 (]: SQL status: OK in 0.840 seconds
[0m16:47:40.129515 [debug] [Thread-1 (]: Databricks adapter: Cursor(session-id=01f18aa4-0a2b-1ef7-86a6-90f03db3bd7c, command-id=01f18aa4-0b3c-1fba-839d-448c7aab8088) - Closing
[0m16:47:40.136680 [debug] [Thread-1 (]: Using databricks connection "model.globalmart_dbt.fct_orders_incremental"
[0m16:47:40.137636 [debug] [Thread-1 (]: On model.globalmart_dbt.fct_orders_incremental: /* {"app": "dbt", "dbt_version": "1.10.8", "dbt_databricks_version": "1.10.19", "databricks_sql_connector_version": "4.0.5", "profile_name": "globalmart_dbt", "target_name": "dev", "node_id": "model.globalmart_dbt.fct_orders_incremental"} */
SELECT
    kcu.constraint_name,
    kcu.column_name AS from_column,
    ukcu.table_catalog AS to_catalog,
    ukcu.table_schema AS to_schema,
    ukcu.table_name AS to_table,
    ukcu.column_name AS to_column
  FROM `globalmart`.information_schema.key_column_usage kcu
  JOIN `globalmart`.information_schema.referential_constraints rc
    ON kcu.constraint_name = rc.constraint_name
  JOIN `globalmart`.information_schema.key_column_usage ukcu
    ON rc.unique_constraint_name = ukcu.constraint_name
    AND kcu.ordinal_position = ukcu.ordinal_position
  WHERE kcu.table_catalog = 'globalmart'
    AND kcu.table_schema = 'bronze_dev'
    AND kcu.table_name = 'fct_orders_incremental'
    AND kcu.constraint_name IN (
      SELECT constraint_name
      FROM `globalmart`.information_schema.table_constraints
      WHERE table_catalog = 'globalmart'
        AND table_schema = 'bronze_dev'
        AND table_name = 'fct_orders_incremental'
        AND constraint_type = 'FOREIGN KEY'
    )
  ORDER BY kcu.ordinal_position;
  
[0m16:47:40.690021 [debug] [Thread-3 (]: SQL status: OK in 3.330 seconds
[0m16:47:40.692125 [debug] [Thread-3 (]: Databricks adapter: Cursor(session-id=01f18aa4-0a2d-10aa-916d-d6bea0592704, command-id=01f18aa4-0a32-196c-9c2e-ce49faa575f3) - Closing
[0m16:47:40.696268 [debug] [Thread-3 (]: Applying tags to relation None
[0m16:47:40.713089 [debug] [Thread-3 (]: On model.globalmart_dbt.fct_monthly_orders: Close
[0m16:47:40.714034 [debug] [Thread-3 (]: Databricks adapter: Connection(session-id=01f18aa4-0a2d-10aa-916d-d6bea0592704) - Closing
[0m16:47:40.782186 [debug] [Thread-3 (]: Sending event: {'category': 'dbt', 'action': 'run_model', 'label': '5ec95eae-aab0-442f-a2c3-8c23161feb5f', 'context': [<snowplow_tracker.self_describing_json.SelfDescribingJson object at 0xff1847c2e660>]}
[0m16:47:40.783498 [info ] [Thread-3 (]: 4 of 5 OK created sql table model bronze_dev.fct_monthly_orders ................ [[32mOK[0m in 3.68s]
[0m16:47:40.784736 [debug] [Thread-3 (]: Finished running node model.globalmart_dbt.fct_monthly_orders
[0m16:47:41.452964 [debug] [Thread-1 (]: SQL status: OK in 1.310 seconds
[0m16:47:41.455672 [debug] [Thread-1 (]: Databricks adapter: Cursor(session-id=01f18aa4-0a2b-1ef7-86a6-90f03db3bd7c, command-id=01f18aa4-0bbe-1e43-a7f9-f4052f942e50) - Closing
[0m16:47:41.463987 [debug] [Thread-1 (]: Using databricks connection "model.globalmart_dbt.fct_orders_incremental"
[0m16:47:41.464939 [debug] [Thread-1 (]: On model.globalmart_dbt.fct_orders_incremental: /* {"app": "dbt", "dbt_version": "1.10.8", "dbt_databricks_version": "1.10.19", "databricks_sql_connector_version": "4.0.5", "profile_name": "globalmart_dbt", "target_name": "dev", "node_id": "model.globalmart_dbt.fct_orders_incremental"} */
SELECT 
    column_name,
    mask_name,
    using_columns
  FROM `system`.`information_schema`.`column_masks`
  WHERE table_catalog = 'globalmart'
    AND table_schema = 'bronze_dev'
    AND table_name = 'fct_orders_incremental';
  
[0m16:47:41.725276 [debug] [Thread-1 (]: SQL status: OK in 0.260 seconds
[0m16:47:41.728329 [debug] [Thread-1 (]: Databricks adapter: Cursor(session-id=01f18aa4-0a2b-1ef7-86a6-90f03db3bd7c, command-id=01f18aa4-0c89-1452-ae5d-c538658f6a7c) - Closing
[0m16:47:41.736937 [debug] [Thread-1 (]: Using databricks connection "model.globalmart_dbt.fct_orders_incremental"
[0m16:47:41.737939 [debug] [Thread-1 (]: On model.globalmart_dbt.fct_orders_incremental: /* {"app": "dbt", "dbt_version": "1.10.8", "dbt_databricks_version": "1.10.19", "databricks_sql_connector_version": "4.0.5", "profile_name": "globalmart_dbt", "target_name": "dev", "node_id": "model.globalmart_dbt.fct_orders_incremental"} */
SHOW TBLPROPERTIES `globalmart`.`bronze_dev`.`fct_orders_incremental`
  
[0m16:47:42.101876 [debug] [Thread-1 (]: SQL status: OK in 0.360 seconds
[0m16:47:42.104529 [debug] [Thread-1 (]: Databricks adapter: Cursor(session-id=01f18aa4-0a2b-1ef7-86a6-90f03db3bd7c, command-id=01f18aa4-0cb2-1fb7-b527-ef03aaa0ad8f) - Closing
[0m16:47:42.110370 [debug] [Thread-1 (]: Using databricks connection "model.globalmart_dbt.fct_orders_incremental"
[0m16:47:42.113262 [debug] [Thread-1 (]: On model.globalmart_dbt.fct_orders_incremental: /* {"app": "dbt", "dbt_version": "1.10.8", "dbt_databricks_version": "1.10.19", "databricks_sql_connector_version": "4.0.5", "profile_name": "globalmart_dbt", "target_name": "dev", "node_id": "model.globalmart_dbt.fct_orders_incremental"} */
describe extended `globalmart`.`bronze_dev`.`fct_orders_incremental`
  
[0m16:47:42.511201 [debug] [Thread-1 (]: SQL status: OK in 0.400 seconds
[0m16:47:42.513980 [debug] [Thread-1 (]: Databricks adapter: Cursor(session-id=01f18aa4-0a2b-1ef7-86a6-90f03db3bd7c, command-id=01f18aa4-0cec-17e8-8cbb-9434b6494e3e) - Closing
[0m16:47:42.515517 [debug] [Thread-1 (]: Databricks adapter: Getting diff for ColumnCommentsConfig: comments={'order_id': '', 'customer_id': ''} quoted={'order_id': False, 'customer_id': False} persist=False and comments={'order_id': '', 'customer_id': '', 'order_status': '', 'order_purchase_timestamp': '', 'order_priority': '', 'fulfillment_channel': '', '_ingested_at': '', '': ''} quoted={} persist=False
[0m16:47:42.518991 [debug] [Thread-1 (]: Using databricks connection "model.globalmart_dbt.fct_orders_incremental"
[0m16:47:42.519797 [debug] [Thread-1 (]: On model.globalmart_dbt.fct_orders_incremental: /* {"app": "dbt", "dbt_version": "1.10.8", "dbt_databricks_version": "1.10.19", "databricks_sql_connector_version": "4.0.5", "profile_name": "globalmart_dbt", "target_name": "dev", "node_id": "model.globalmart_dbt.fct_orders_incremental"} */

  
    create or replace temporary view `fct_orders_incremental__dbt_tmp` as
      with source_orders as (
    select * from `globalmart`.`bronze_dev`.`stg_orders`
)

select
    order_id,
    customer_id,
    order_status,
    order_purchase_timestamp,
    order_priority,
    fulfillment_channel,
    _ingested_at
from source_orders


  where _ingested_at >= (select max(_ingested_at) - interval 3 days from `globalmart`.`bronze_dev`.`fct_orders_incremental`)
  
[0m16:47:42.916628 [debug] [Thread-1 (]: Databricks adapter: Exception while trying to execute query
/* {"app": "dbt", "dbt_version": "1.10.8", "dbt_databricks_version": "1.10.19", "databricks_sql_connector_version": "4.0.5", "profile_name": "globalmart_dbt", "target_name": "dev", "node_id": "model.globalmart_dbt.fct_orders_incremental"} */

  
    create or replace temporary view `fct_orders_incremental__dbt_tmp` as
      with source_orders as (
    select * from `globalmart`.`bronze_dev`.`stg_orders`
)

select
    order_id,
    customer_id,
    order_status,
    order_purchase_timestamp,
    order_priority,
    fulfillment_channel,
    _ingested_at
from source_orders


  where _ingested_at >= (select max(_ingested_at) - interval 3 days from `globalmart`.`bronze_dev`.`fct_orders_incremental`)
  
: [UNRESOLVED_COLUMN.WITH_SUGGESTION] A column, variable, or function parameter with name `order_purchase_timestamp` cannot be resolved. Did you mean one of the following? [`order_purchase_timestamp_ist`, `order_status`, `order_id`, `_ingested_at`, `customer_id`]. SQLSTATE: 42703; line 13 pos 4
Error properties: diagnostic-info=org.apache.hive.service.cli.HiveSQLException: Error running query: [UNRESOLVED_COLUMN.WITH_SUGGESTION] org.apache.spark.sql.catalyst.ExtendedAnalysisException: [UNRESOLVED_COLUMN.WITH_SUGGESTION] A column, variable, or function parameter with name `order_purchase_timestamp` cannot be resolved. Did you mean one of the following? [`order_purchase_timestamp_ist`, `order_status`, `order_id`, `_ingested_at`, `customer_id`]. SQLSTATE: 42703; line 13 pos 4
	at org.apache.spark.sql.hive.thriftserver.HiveThriftServerErrors$.runningQueryError(HiveThriftServerErrors.scala:58)
	at org.apache.spark.sql.hive.thriftserver.SparkExecuteStatementOperation.$anonfun$execute$1(SparkExecuteStatementOperation.scala:1205)
	at scala.runtime.java8.JFunction0$mcV$sp.apply(JFunction0$mcV$sp.scala:18)
	at com.databricks.unity.UCSEphemeralState$Handle.runWith(UCSEphemeralState.scala:51)
	at com.databricks.unity.HandleImpl.runWith(UCSHandle.scala:128)
	at org.apache.spark.sql.hive.thriftserver.SparkExecuteStatementOperation.org$apache$spark$sql$hive$thriftserver$SparkExecuteStatementOperation$$execute(SparkExecuteStatementOperation.scala:898)
	at org.apache.spark.sql.hive.thriftserver.SparkExecuteStatementOperation$$anon$2$$anon$3.$anonfun$run$6(SparkExecuteStatementOperation.scala:647)
	at scala.runtime.java8.JFunction0$mcV$sp.apply(JFunction0$mcV$sp.scala:18)
	at org.apache.spark.sql.execution.SQLExecution$.withRootExecution(SQLExecution.scala:1498)
	at org.apache.spark.sql.hive.thriftserver.SparkExecuteStatementOperation$$anon$2$$anon$3.$anonfun$run$3(SparkExecuteStatementOperation.scala:647)
	at scala.runtime.java8.JFunction0$mcV$sp.apply(JFunction0$mcV$sp.scala:18)
	at com.databricks.util.TracingSpanUtils$.withTracing(TracingSpanUtils.scala:251)
	at com.databricks.spark.util.DatabricksTracingHelper.withSpan(DatabricksSparkTracingHelper.scala:154)
	at com.databricks.spark.util.DBRTracing$.withSpan(DBRTracing.scala:87)
	at org.apache.spark.sql.hive.thriftserver.ThriftLocalProperties.$anonfun$withLocalProperties$18(ThriftLocalProperties.scala:366)
	at com.databricks.logging.AttributionContextTracing.$anonfun$withAttributionContext$1(AttributionContextTracing.scala:146)
	at com.databricks.logging.AttributionContext$.$anonfun$withValue$1(AttributionContext.scala:349)
	at scala.util.DynamicVariable.withValue(DynamicVariable.scala:59)
	at com.databricks.logging.AttributionContext$.withValue(AttributionContext.scala:345)
	at com.databricks.logging.AttributionContextTracing.withAttributionContext(AttributionContextTracing.scala:144)
	at com.databricks.logging.AttributionContextTracing.withAttributionContext$(AttributionContextTracing.scala:141)
	at com.databricks.spark.util.PublicDBLogging.withAttributionContext(DatabricksSparkUsageLogger.scala:29)
	at com.databricks.logging.AttributionContextTracing.withAttributionTags(AttributionContextTracing.scala:201)
	at com.databricks.logging.AttributionContextTracing.withAttributionTags$(AttributionContextTracing.scala:182)
	at com.databricks.spark.util.PublicDBLogging.withAttributionTags(DatabricksSparkUsageLogger.scala:29)
	at com.databricks.spark.util.PublicDBLogging.withAttributionTags0(DatabricksSparkUsageLogger.scala:108)
	at com.databricks.spark.util.DatabricksSparkUsageLogger.withAttributionTags(DatabricksSparkUsageLogger.scala:215)
	at com.databricks.spark.util.UsageLogging.$anonfun$withAttributionTags$1(UsageLogger.scala:668)
	at com.databricks.spark.util.UsageLogging$.withAttributionTags(UsageLogger.scala:780)
	at com.databricks.spark.util.UsageLogging$.withAttributionTags(UsageLogger.scala:789)
	at com.databricks.spark.util.UsageLogging.withAttributionTags(UsageLogger.scala:668)
	at com.databricks.spark.util.UsageLogging.withAttributionTags$(UsageLogger.scala:666)
	at org.apache.spark.sql.hive.thriftserver.SparkExecuteStatementOperation.withAttributionTags(SparkExecuteStatementOperation.scala:79)
	at org.apache.spark.sql.hive.thriftserver.ThriftLocalProperties.$anonfun$withLocalProperties$15(ThriftLocalProperties.scala:365)
	at com.databricks.spark.util.IdentityClaim$.withClaim(IdentityClaim.scala:48)
	at org.apache.spark.sql.hive.thriftserver.ThriftLocalProperties.withLocalProperties(ThriftLocalProperties.scala:360)
	at org.apache.spark.sql.hive.thriftserver.ThriftLocalProperties.withLocalProperties$(ThriftLocalProperties.scala:180)
	at org.apache.spark.sql.hive.thriftserver.SparkExecuteStatementOperation.withLocalProperties(SparkExecuteStatementOperation.scala:79)
	at org.apache.spark.sql.hive.thriftserver.SparkExecuteStatementOperation$$anon$2$$anon$3.$anonfun$run$2(SparkExecuteStatementOperation.scala:623)
	at scala.runtime.java8.JFunction0$mcV$sp.apply(JFunction0$mcV$sp.scala:18)
	at com.databricks.spark.util.DBRTracing$.withSpanFromParent(DBRTracing.scala:70)
	at org.apache.spark.sql.hive.thriftserver.SparkExecuteStatementOperation$$anon$2$$anon$3.run(SparkExecuteStatementOperation.scala:623)
	at org.apache.spark.sql.hive.thriftserver.SparkExecuteStatementOperation$$anon$2$$anon$3.run(SparkExecuteStatementOperation.scala:596)
	at java.base/java.security.AccessController.doPrivileged(AccessController.java:712)
	at java.base/javax.security.auth.Subject.doAs(Subject.java:439)
	at org.apache.hadoop.security.UserGroupInformation.doAs(UserGroupInformation.java:1953)
	at org.apache.spark.sql.hive.thriftserver.SparkExecuteStatementOperation$$anon$2.run(SparkExecuteStatementOperation.scala:661)
	at java.base/java.util.concurrent.Executors$RunnableAdapter.call(Executors.java:539)
	at java.base/java.util.concurrent.FutureTask.run(FutureTask.java:264)
	at java.base/java.util.concurrent.ThreadPoolExecutor.runWorker(ThreadPoolExecutor.java:1136)
	at java.base/java.util.concurrent.ThreadPoolExecutor$Worker.run(ThreadPoolExecutor.java:635)
	at java.base/java.lang.Thread.run(Thread.java:840)
Caused by: org.apache.spark.sql.catalyst.ExtendedAnalysisException: [UNRESOLVED_COLUMN.WITH_SUGGESTION] A column, variable, or function parameter with name `order_purchase_timestamp` cannot be resolved. Did you mean one of the following? [`order_purchase_timestamp_ist`, `order_status`, `order_id`, `_ingested_at`, `customer_id`]. SQLSTATE: 42703; line 13 pos 4
	at org.apache.spark.sql.catalyst.ExtendedAnalysisException.copyPlan(ExtendedAnalysisException.scala:97)
	at org.apache.spark.sql.hive.thriftserver.SparkExecuteStatementOperation.$anonfun$execute$1(SparkExecuteStatementOperation.scala:1158)
	... 50 more
, operation-id=01f18aa4-0d2a-12ae-8a4c-99128b57c0fa
[0m16:47:42.918639 [debug] [Thread-1 (]: On model.globalmart_dbt.fct_orders_incremental: Close
[0m16:47:42.919471 [debug] [Thread-1 (]: Databricks adapter: Connection(session-id=01f18aa4-0a2b-1ef7-86a6-90f03db3bd7c) - Closing
[0m16:47:42.980417 [debug] [Thread-1 (]: Database Error in model fct_orders_incremental (models/marts/fct_orders_incremental.sql)
  [UNRESOLVED_COLUMN.WITH_SUGGESTION] A column, variable, or function parameter with name `order_purchase_timestamp` cannot be resolved. Did you mean one of the following? [`order_purchase_timestamp_ist`, `order_status`, `order_id`, `_ingested_at`, `customer_id`]. SQLSTATE: 42703; line 13 pos 4
[0m16:47:42.981573 [debug] [Thread-1 (]: Sending event: {'category': 'dbt', 'action': 'run_model', 'label': '5ec95eae-aab0-442f-a2c3-8c23161feb5f', 'context': [<snowplow_tracker.self_describing_json.SelfDescribingJson object at 0xff1847ceddc0>]}
[0m16:47:42.982710 [error] [Thread-1 (]: 5 of 5 ERROR creating sql incremental model bronze_dev.fct_orders_incremental .. [[31mERROR[0m in 5.87s]
[0m16:47:42.983700 [debug] [Thread-1 (]: Finished running node model.globalmart_dbt.fct_orders_incremental
[0m16:47:42.984644 [debug] [Thread-7 (]: Marking all children of 'model.globalmart_dbt.fct_orders_incremental' to be skipped because of status 'error'.  Reason: Database Error in model fct_orders_incremental (models/marts/fct_orders_incremental.sql)
  [UNRESOLVED_COLUMN.WITH_SUGGESTION] A column, variable, or function parameter with name `order_purchase_timestamp` cannot be resolved. Did you mean one of the following? [`order_purchase_timestamp_ist`, `order_status`, `order_id`, `_ingested_at`, `customer_id`]. SQLSTATE: 42703; line 13 pos 4.
[0m16:47:42.986534 [debug] [MainThread]: Databricks adapter: DatabricksDBTConnection(session-id=None, name=master) - Creating connection
[0m16:47:42.987287 [debug] [MainThread]: Acquiring new databricks connection 'master'
[0m16:47:42.988169 [info ] [MainThread]: 
[0m16:47:42.989018 [info ] [MainThread]: Finished running 1 incremental model, 2 table models, 2 view models in 0 hours 0 minutes and 8.71 seconds (8.71s).
[0m16:47:42.990526 [debug] [MainThread]: Command end result
[0m16:47:43.032301 [debug] [MainThread]: Wrote artifact WritableManifest to /Workspace/Users/iamnovaryn@gmail.com/DataBricks_Project/globalmart_dbt/target/manifest.json
[0m16:47:43.036496 [debug] [MainThread]: Wrote artifact SemanticManifest to /Workspace/Users/iamnovaryn@gmail.com/DataBricks_Project/globalmart_dbt/target/semantic_manifest.json
[0m16:47:43.069624 [debug] [MainThread]: Wrote artifact RunExecutionResult to /Workspace/Users/iamnovaryn@gmail.com/DataBricks_Project/globalmart_dbt/target/run_results.json
[0m16:47:43.070571 [info ] [MainThread]: 
[0m16:47:43.071435 [info ] [MainThread]: [31mCompleted with 2 errors, 0 partial successes, and 0 warnings:[0m
[0m16:47:43.072241 [info ] [MainThread]: 
[0m16:47:43.075537 [error] [MainThread]: [31mFailure in model dim_customer_summary (models/marts/dim_customer_summary.sql)[0m
[0m16:47:43.077321 [error] [MainThread]:   Database Error in model dim_customer_summary (models/marts/dim_customer_summary.sql)
  [UNRESOLVED_COLUMN.WITH_SUGGESTION] A column, variable, or function parameter with name `order_purchase_timestamp` cannot be resolved. Did you mean one of the following? [`order_purchase_timestamp_ist`, `order_status`, `order_id`, `_ingested_at`, `customer_id`]. SQLSTATE: 42703; line 23 pos 8
  compiled code at target/run/globalmart_dbt/models/marts/dim_customer_summary.sql
[0m16:47:43.088375 [info ] [MainThread]: 
[0m16:47:43.089323 [info ] [MainThread]:   compiled code at target/compiled/globalmart_dbt/models/marts/dim_customer_summary.sql
[0m16:47:43.090300 [info ] [MainThread]: 
[0m16:47:43.091240 [error] [MainThread]: [31mFailure in model fct_orders_incremental (models/marts/fct_orders_incremental.sql)[0m
[0m16:47:43.093308 [error] [MainThread]:   Database Error in model fct_orders_incremental (models/marts/fct_orders_incremental.sql)
  [UNRESOLVED_COLUMN.WITH_SUGGESTION] A column, variable, or function parameter with name `order_purchase_timestamp` cannot be resolved. Did you mean one of the following? [`order_purchase_timestamp_ist`, `order_status`, `order_id`, `_ingested_at`, `customer_id`]. SQLSTATE: 42703; line 13 pos 4
[0m16:47:43.094043 [info ] [MainThread]: 
[0m16:47:43.094847 [info ] [MainThread]:   compiled code at target/compiled/globalmart_dbt/models/marts/fct_orders_incremental.sql
[0m16:47:43.095843 [info ] [MainThread]: 
[0m16:47:43.098533 [info ] [MainThread]: Done. PASS=3 WARN=0 ERROR=2 SKIP=0 NO-OP=0 TOTAL=5
[0m16:47:43.104488 [debug] [MainThread]: Resource report: {"command_name": "run", "command_success": false, "command_wall_clock_time": 11.273591, "process_in_blocks": "104", "process_kernel_time": 0.391701, "process_mem_max_rss": "251864", "process_out_blocks": "0", "process_user_time": 4.690627}
[0m16:47:43.105567 [debug] [MainThread]: Command `dbt run` failed at 16:47:43.105362 after 11.27 seconds
[0m16:47:43.106649 [debug] [MainThread]: Sending event: {'category': 'dbt', 'action': 'invocation', 'label': 'end', 'context': [<snowplow_tracker.self_describing_json.SelfDescribingJson object at 0xff18487cb470>, <snowplow_tracker.self_describing_json.SelfDescribingJson object at 0xff185e100ef0>, <snowplow_tracker.self_describing_json.SelfDescribingJson object at 0xff185e1004d0>]}
[0m16:47:43.107633 [debug] [MainThread]: Flushing usage events
[0m16:47:43.184894 [debug] [MainThread]: An error was encountered while trying to flush usage events
[0m16:47:45.299518 [debug] [MainThread]: Sending event: {'category': 'dbt', 'action': 'invocation', 'label': 'start', 'context': [<snowplow_tracker.self_describing_json.SelfDescribingJson object at 0xffa22c07ac00>, <snowplow_tracker.self_describing_json.SelfDescribingJson object at 0xffa22ae30b30>, <snowplow_tracker.self_describing_json.SelfDescribingJson object at 0xffa22ae32cc0>]}


============================== 16:47:45.303295 | 35be6674-22b8-4759-9a41-4de3ae6e9446 ==============================
[0m16:47:45.303295 [info ] [MainThread]: Running with dbt=1.10.8
[0m16:47:45.304559 [debug] [MainThread]: running dbt with arguments {'printer_width': '80', 'indirect_selection': 'eager', 'write_json': 'True', 'log_cache_events': 'False', 'partial_parse': 'True', 'cache_selected_only': 'False', 'profiles_dir': '/home/spark-d82f9537-186c-448d-add6-49/.dbt', 'fail_fast': 'False', 'debug': 'False', 'log_path': '/Workspace/Users/iamnovaryn@gmail.com/DataBricks_Project/globalmart_dbt/logs', 'version_check': 'True', 'warn_error': 'None', 'use_colors': 'True', 'use_experimental_parser': 'False', 'empty': 'None', 'quiet': 'False', 'no_print': 'None', 'warn_error_options': 'WarnErrorOptionsV2(error=[], warn=[], silence=[])', 'introspect': 'True', 'static_parser': 'True', 'log_format': 'default', 'target_path': 'None', 'invocation_command': 'dbt docs generate', 'send_anonymous_usage_stats': 'True'}
[0m16:47:46.100299 [debug] [MainThread]: Spark adapter: Setting pyhive.hive logging to ERROR
[0m16:47:46.101383 [debug] [MainThread]: Spark adapter: Setting thrift.transport logging to ERROR
[0m16:47:46.102208 [debug] [MainThread]: Spark adapter: Setting thrift.protocol logging to ERROR
[0m16:47:46.862325 [debug] [MainThread]: Sending event: {'category': 'dbt', 'action': 'project_id', 'label': '35be6674-22b8-4759-9a41-4de3ae6e9446', 'context': [<snowplow_tracker.self_describing_json.SelfDescribingJson object at 0xffa22bf0ff20>]}
[0m16:47:46.942581 [debug] [MainThread]: Sending event: {'category': 'dbt', 'action': 'adapter_info', 'label': '35be6674-22b8-4759-9a41-4de3ae6e9446', 'context': [<snowplow_tracker.self_describing_json.SelfDescribingJson object at 0xffa21685fe00>]}
[0m16:47:46.943886 [info ] [MainThread]: Registered adapter: databricks=1.10.19
[0m16:47:47.065109 [debug] [MainThread]: checksum: 265d66e81f90af29a7a28579c9b54d938c94f4a57c57be5f853267ae509b5fcb, vars: {}, profile: , target: , version: 1.10.8
[0m16:47:47.238564 [debug] [MainThread]: Partial parsing enabled: 0 files deleted, 0 files added, 0 files changed.
[0m16:47:47.239684 [debug] [MainThread]: Partial parsing enabled, no changes found, skipping parsing
[0m16:47:47.300878 [debug] [MainThread]: Sending event: {'category': 'dbt', 'action': 'load_project', 'label': '35be6674-22b8-4759-9a41-4de3ae6e9446', 'context': [<snowplow_tracker.self_describing_json.SelfDescribingJson object at 0xffa216425700>]}
[0m16:47:47.312343 [debug] [MainThread]: Sending event: {'category': 'dbt', 'action': 'resource_counts', 'label': '35be6674-22b8-4759-9a41-4de3ae6e9446', 'context': [<snowplow_tracker.self_describing_json.SelfDescribingJson object at 0xffa216051460>]}
[0m16:47:47.313281 [info ] [MainThread]: Found 5 models, 1 snapshot, 6 data tests, 2 sources, 691 macros
[0m16:47:47.314166 [debug] [MainThread]: Sending event: {'category': 'dbt', 'action': 'runnable_timing', 'label': '35be6674-22b8-4759-9a41-4de3ae6e9446', 'context': [<snowplow_tracker.self_describing_json.SelfDescribingJson object at 0xffa2165770e0>]}
[0m16:47:47.316777 [info ] [MainThread]: 
[0m16:47:47.317682 [info ] [MainThread]: Concurrency: 4 threads (target='dev')
[0m16:47:47.318561 [info ] [MainThread]: 
[0m16:47:47.319741 [debug] [MainThread]: Databricks adapter: DatabricksDBTConnection(session-id=None, name=master) - Creating connection
[0m16:47:47.320495 [debug] [MainThread]: Acquiring new databricks connection 'master'
[0m16:47:47.328012 [debug] [ThreadPool]: Databricks adapter: DatabricksDBTConnection(session-id=None, name=list_globalmart_bronze_dev) - Creating connection
[0m16:47:47.328886 [debug] [ThreadPool]: Databricks adapter: DatabricksDBTConnection(session-id=None, name=list_globalmart_bronze) - Creating connection
[0m16:47:47.329826 [debug] [ThreadPool]: Acquiring new databricks connection 'list_globalmart_bronze_dev'
[0m16:47:47.331348 [debug] [ThreadPool]: Acquiring new databricks connection 'list_globalmart_bronze'
[0m16:47:47.348160 [debug] [ThreadPool]: Using databricks connection "list_globalmart_bronze_dev"
[0m16:47:47.351434 [debug] [ThreadPool]: Using databricks connection "list_globalmart_bronze"
[0m16:47:47.352457 [debug] [ThreadPool]: On list_globalmart_bronze_dev: /* {"app": "dbt", "dbt_version": "1.10.8", "dbt_databricks_version": "1.10.19", "databricks_sql_connector_version": "4.0.5", "profile_name": "globalmart_dbt", "target_name": "dev", "connection_name": "list_globalmart_bronze_dev"} */

    
SELECT
  table_name,
  if(table_type IN ('EXTERNAL', 'MANAGED', 'MANAGED_SHALLOW_CLONE', 'EXTERNAL_SHALLOW_CLONE'), 'table', lower(table_type)) AS table_type,
  lower(data_source_format) AS file_format,
  table_owner,
  if(
    table_type IN (
      'EXTERNAL',
      'MANAGED',
      'MANAGED_SHALLOW_CLONE',
      'EXTERNAL_SHALLOW_CLONE'
    ),
    lower(table_type),
    NULL
  ) AS databricks_table_type
FROM `system`.`information_schema`.`tables`
WHERE table_catalog = 'globalmart' 
  AND table_schema = 'bronze_dev'

  
[0m16:47:47.353398 [debug] [ThreadPool]: On list_globalmart_bronze: /* {"app": "dbt", "dbt_version": "1.10.8", "dbt_databricks_version": "1.10.19", "databricks_sql_connector_version": "4.0.5", "profile_name": "globalmart_dbt", "target_name": "dev", "connection_name": "list_globalmart_bronze"} */

    
SELECT
  table_name,
  if(table_type IN ('EXTERNAL', 'MANAGED', 'MANAGED_SHALLOW_CLONE', 'EXTERNAL_SHALLOW_CLONE'), 'table', lower(table_type)) AS table_type,
  lower(data_source_format) AS file_format,
  table_owner,
  if(
    table_type IN (
      'EXTERNAL',
      'MANAGED',
      'MANAGED_SHALLOW_CLONE',
      'EXTERNAL_SHALLOW_CLONE'
    ),
    lower(table_type),
    NULL
  ) AS databricks_table_type
FROM `system`.`information_schema`.`tables`
WHERE table_catalog = 'globalmart' 
  AND table_schema = 'bronze'

  
[0m16:47:47.354232 [debug] [ThreadPool]: Opening a new connection, currently in state init
[0m16:47:47.354940 [debug] [ThreadPool]: Opening a new connection, currently in state init
[0m16:47:47.473922 [debug] [ThreadPool]: Databricks adapter: Connection(session-id=01f18aa4-1018-1abd-85b8-fe5768aaf818) - Created
[0m16:47:47.496453 [debug] [ThreadPool]: Databricks adapter: Connection(session-id=01f18aa4-101c-13ad-b7db-6d004876d346) - Created
[0m16:47:47.870113 [debug] [ThreadPool]: SQL status: OK in 0.520 seconds
[0m16:47:47.875902 [debug] [ThreadPool]: Databricks adapter: Cursor(session-id=01f18aa4-1018-1abd-85b8-fe5768aaf818, command-id=01f18aa4-101d-1da2-92fe-40aba21479fe) - Closing
[0m16:47:47.877185 [debug] [ThreadPool]: On list_globalmart_bronze_dev: Close
[0m16:47:47.877988 [debug] [ThreadPool]: Databricks adapter: Connection(session-id=01f18aa4-1018-1abd-85b8-fe5768aaf818) - Closing
[0m16:47:47.919901 [debug] [ThreadPool]: SQL status: OK in 0.560 seconds
[0m16:47:47.922983 [debug] [ThreadPool]: Databricks adapter: Cursor(session-id=01f18aa4-101c-13ad-b7db-6d004876d346, command-id=01f18aa4-1021-1171-bf17-c9a1e2f5db93) - Closing
[0m16:47:47.938625 [debug] [ThreadPool]: On list_globalmart_bronze: Close
[0m16:47:47.940152 [debug] [ThreadPool]: Databricks adapter: Connection(session-id=01f18aa4-101c-13ad-b7db-6d004876d346) - Closing
[0m16:47:47.991150 [debug] [MainThread]: Sending event: {'category': 'dbt', 'action': 'runnable_timing', 'label': '35be6674-22b8-4759-9a41-4de3ae6e9446', 'context': [<snowplow_tracker.self_describing_json.SelfDescribingJson object at 0xffa22757c950>]}
[0m16:47:47.994417 [debug] [Thread-1 (]: Began running node model.globalmart_dbt.stg_customers
[0m16:47:47.995002 [debug] [Thread-2 (]: Began running node model.globalmart_dbt.stg_orders
[0m16:47:47.996301 [debug] [Thread-1 (]: Databricks adapter: DatabricksDBTConnection(session-id=None, name=model.globalmart_dbt.stg_customers) - Creating connection
[0m16:47:47.998019 [debug] [Thread-2 (]: Databricks adapter: DatabricksDBTConnection(session-id=None, name=model.globalmart_dbt.stg_orders) - Creating connection
[0m16:47:47.998857 [debug] [Thread-1 (]: Acquiring new databricks connection 'model.globalmart_dbt.stg_customers'
[0m16:47:47.999590 [debug] [Thread-2 (]: Acquiring new databricks connection 'model.globalmart_dbt.stg_orders'
[0m16:47:48.005315 [debug] [Thread-1 (]: Began compiling node model.globalmart_dbt.stg_customers
[0m16:47:48.006688 [debug] [Thread-2 (]: Began compiling node model.globalmart_dbt.stg_orders
[0m16:47:48.014593 [debug] [Thread-1 (]: Writing injected SQL for node "model.globalmart_dbt.stg_customers"
[0m16:47:48.061728 [debug] [Thread-2 (]: Writing injected SQL for node "model.globalmart_dbt.stg_orders"
[0m16:47:48.065566 [debug] [Thread-2 (]: Began executing node model.globalmart_dbt.stg_orders
[0m16:47:48.066463 [debug] [Thread-1 (]: Began executing node model.globalmart_dbt.stg_customers
[0m16:47:48.067619 [debug] [Thread-2 (]: Finished running node model.globalmart_dbt.stg_orders
[0m16:47:48.068867 [debug] [Thread-1 (]: Finished running node model.globalmart_dbt.stg_customers
[0m16:47:48.069975 [debug] [Thread-4 (]: Began running node model.globalmart_dbt.dim_customer_summary
[0m16:47:48.070846 [debug] [Thread-3 (]: Began running node model.globalmart_dbt.fct_monthly_orders
[0m16:47:48.071434 [debug] [Thread-2 (]: Began running node model.globalmart_dbt.fct_orders_incremental
[0m16:47:48.072040 [debug] [Thread-1 (]: Began running node snapshot.globalmart_dbt.snap_customers
[0m16:47:48.073977 [debug] [Thread-4 (]: Databricks adapter: DatabricksDBTConnection(session-id=None, name=model.globalmart_dbt.dim_customer_summary) - Creating connection
[0m16:47:48.075814 [debug] [Thread-3 (]: Databricks adapter: DatabricksDBTConnection(session-id=None, name=model.globalmart_dbt.fct_monthly_orders) - Creating connection
[0m16:47:48.076765 [debug] [Thread-2 (]: Databricks adapter: DatabricksDBTConnection(session-id=None, name=model.globalmart_dbt.fct_orders_incremental) - Creating connection
[0m16:47:48.077781 [debug] [Thread-1 (]: Databricks adapter: DatabricksDBTConnection(session-id=None, name=snapshot.globalmart_dbt.snap_customers) - Creating connection
[0m16:47:48.078625 [debug] [Thread-4 (]: Acquiring new databricks connection 'model.globalmart_dbt.dim_customer_summary'
[0m16:47:48.079347 [debug] [Thread-3 (]: Acquiring new databricks connection 'model.globalmart_dbt.fct_monthly_orders'
[0m16:47:48.080121 [debug] [Thread-2 (]: Acquiring new databricks connection 'model.globalmart_dbt.fct_orders_incremental'
[0m16:47:48.080812 [debug] [Thread-1 (]: Acquiring new databricks connection 'snapshot.globalmart_dbt.snap_customers'
[0m16:47:48.083761 [debug] [Thread-1 (]: Began compiling node snapshot.globalmart_dbt.snap_customers
[0m16:47:48.081539 [debug] [Thread-4 (]: Began compiling node model.globalmart_dbt.dim_customer_summary
[0m16:47:48.092441 [debug] [Thread-4 (]: Writing injected SQL for node "model.globalmart_dbt.dim_customer_summary"
[0m16:47:48.082276 [debug] [Thread-3 (]: Began compiling node model.globalmart_dbt.fct_monthly_orders
[0m16:47:48.087936 [debug] [Thread-1 (]: Began executing node snapshot.globalmart_dbt.snap_customers
[0m16:47:48.082980 [debug] [Thread-2 (]: Began compiling node model.globalmart_dbt.fct_orders_incremental
[0m16:47:48.096467 [debug] [Thread-3 (]: Writing injected SQL for node "model.globalmart_dbt.fct_monthly_orders"
[0m16:47:48.097813 [debug] [Thread-1 (]: Finished running node snapshot.globalmart_dbt.snap_customers
[0m16:47:48.098516 [debug] [Thread-4 (]: Began executing node model.globalmart_dbt.dim_customer_summary
[0m16:47:48.112858 [debug] [Thread-4 (]: Finished running node model.globalmart_dbt.dim_customer_summary
[0m16:47:48.111611 [debug] [Thread-1 (]: Began running node test.globalmart_dbt.not_null_stg_orders_order_id.81cfe2fe64
[0m16:47:48.110337 [debug] [Thread-2 (]: Writing injected SQL for node "model.globalmart_dbt.fct_orders_incremental"
[0m16:47:48.113624 [debug] [Thread-3 (]: Began executing node model.globalmart_dbt.fct_monthly_orders
[0m16:47:48.114390 [debug] [Thread-4 (]: Began running node test.globalmart_dbt.unique_stg_orders_order_id.e3b841c71a
[0m16:47:48.115378 [debug] [Thread-1 (]: Databricks adapter: DatabricksDBTConnection(session-id=None, name=test.globalmart_dbt.not_null_stg_orders_order_id.81cfe2fe64) - Creating connection
[0m16:47:48.116939 [debug] [Thread-3 (]: Finished running node model.globalmart_dbt.fct_monthly_orders
[0m16:47:48.117944 [debug] [Thread-4 (]: Databricks adapter: DatabricksDBTConnection(session-id=None, name=test.globalmart_dbt.unique_stg_orders_order_id.e3b841c71a) - Creating connection
[0m16:47:48.120813 [debug] [Thread-4 (]: Acquiring new databricks connection 'test.globalmart_dbt.unique_stg_orders_order_id.e3b841c71a'
[0m16:47:48.119431 [debug] [Thread-1 (]: Acquiring new databricks connection 'test.globalmart_dbt.not_null_stg_orders_order_id.81cfe2fe64'
[0m16:47:48.118724 [debug] [Thread-2 (]: Began executing node model.globalmart_dbt.fct_orders_incremental
[0m16:47:48.121795 [debug] [Thread-3 (]: Began running node test.globalmart_dbt.assert_positive_total_orders
[0m16:47:48.122543 [debug] [Thread-4 (]: Began compiling node test.globalmart_dbt.unique_stg_orders_order_id.e3b841c71a
[0m16:47:48.123441 [debug] [Thread-1 (]: Began compiling node test.globalmart_dbt.not_null_stg_orders_order_id.81cfe2fe64
[0m16:47:48.124697 [debug] [Thread-2 (]: Finished running node model.globalmart_dbt.fct_orders_incremental
[0m16:47:48.125704 [debug] [Thread-3 (]: Databricks adapter: DatabricksDBTConnection(session-id=None, name=test.globalmart_dbt.assert_positive_total_orders) - Creating connection
[0m16:47:48.136384 [debug] [Thread-4 (]: Writing injected SQL for node "test.globalmart_dbt.unique_stg_orders_order_id.e3b841c71a"
[0m16:47:48.148228 [debug] [Thread-1 (]: Writing injected SQL for node "test.globalmart_dbt.not_null_stg_orders_order_id.81cfe2fe64"
[0m16:47:48.149406 [debug] [Thread-3 (]: Acquiring new databricks connection 'test.globalmart_dbt.assert_positive_total_orders'
[0m16:47:48.150284 [debug] [Thread-2 (]: Began running node test.globalmart_dbt.not_null_fct_orders_incremental_customer_id.10434cc363
[0m16:47:48.151629 [debug] [Thread-3 (]: Began compiling node test.globalmart_dbt.assert_positive_total_orders
[0m16:47:48.152621 [debug] [Thread-2 (]: Databricks adapter: DatabricksDBTConnection(session-id=None, name=test.globalmart_dbt.not_null_fct_orders_incremental_customer_id.10434cc363) - Creating connection
[0m16:47:48.155856 [debug] [Thread-3 (]: Writing injected SQL for node "test.globalmart_dbt.assert_positive_total_orders"
[0m16:47:48.156605 [debug] [Thread-2 (]: Acquiring new databricks connection 'test.globalmart_dbt.not_null_fct_orders_incremental_customer_id.10434cc363'
[0m16:47:48.157729 [debug] [Thread-2 (]: Began compiling node test.globalmart_dbt.not_null_fct_orders_incremental_customer_id.10434cc363
[0m16:47:48.161949 [debug] [Thread-2 (]: Writing injected SQL for node "test.globalmart_dbt.not_null_fct_orders_incremental_customer_id.10434cc363"
[0m16:47:48.191478 [debug] [Thread-4 (]: Began executing node test.globalmart_dbt.unique_stg_orders_order_id.e3b841c71a
[0m16:47:48.193244 [debug] [Thread-3 (]: Began executing node test.globalmart_dbt.assert_positive_total_orders
[0m16:47:48.196145 [debug] [Thread-3 (]: Finished running node test.globalmart_dbt.assert_positive_total_orders
[0m16:47:48.197157 [debug] [Thread-3 (]: Began running node test.globalmart_dbt.not_null_fct_orders_incremental_order_id.79bde623c0
[0m16:47:48.198375 [debug] [Thread-3 (]: Databricks adapter: DatabricksDBTConnection(session-id=None, name=test.globalmart_dbt.not_null_fct_orders_incremental_order_id.79bde623c0) - Creating connection
[0m16:47:48.199342 [debug] [Thread-3 (]: Acquiring new databricks connection 'test.globalmart_dbt.not_null_fct_orders_incremental_order_id.79bde623c0'
[0m16:47:48.194862 [debug] [Thread-4 (]: Finished running node test.globalmart_dbt.unique_stg_orders_order_id.e3b841c71a
[0m16:47:48.200323 [debug] [Thread-3 (]: Began compiling node test.globalmart_dbt.not_null_fct_orders_incremental_order_id.79bde623c0
[0m16:47:48.201751 [debug] [Thread-4 (]: Began running node test.globalmart_dbt.unique_fct_orders_incremental_order_id.dadaa56a56
[0m16:47:48.206815 [debug] [Thread-3 (]: Writing injected SQL for node "test.globalmart_dbt.not_null_fct_orders_incremental_order_id.79bde623c0"
[0m16:47:48.208102 [debug] [Thread-4 (]: Databricks adapter: DatabricksDBTConnection(session-id=None, name=test.globalmart_dbt.unique_fct_orders_incremental_order_id.dadaa56a56) - Creating connection
[0m16:47:48.210656 [debug] [Thread-4 (]: Acquiring new databricks connection 'test.globalmart_dbt.unique_fct_orders_incremental_order_id.dadaa56a56'
[0m16:47:48.211507 [debug] [Thread-4 (]: Began compiling node test.globalmart_dbt.unique_fct_orders_incremental_order_id.dadaa56a56
[0m16:47:48.216157 [debug] [Thread-4 (]: Writing injected SQL for node "test.globalmart_dbt.unique_fct_orders_incremental_order_id.dadaa56a56"
[0m16:47:48.219920 [debug] [Thread-1 (]: Began executing node test.globalmart_dbt.not_null_stg_orders_order_id.81cfe2fe64
[0m16:47:48.221403 [debug] [Thread-1 (]: Finished running node test.globalmart_dbt.not_null_stg_orders_order_id.81cfe2fe64
[0m16:47:48.242271 [debug] [Thread-2 (]: Began executing node test.globalmart_dbt.not_null_fct_orders_incremental_customer_id.10434cc363
[0m16:47:48.244029 [debug] [Thread-2 (]: Finished running node test.globalmart_dbt.not_null_fct_orders_incremental_customer_id.10434cc363
[0m16:47:48.261824 [debug] [Thread-3 (]: Began executing node test.globalmart_dbt.not_null_fct_orders_incremental_order_id.79bde623c0
[0m16:47:48.263092 [debug] [Thread-3 (]: Finished running node test.globalmart_dbt.not_null_fct_orders_incremental_order_id.79bde623c0
[0m16:47:48.283174 [debug] [Thread-4 (]: Began executing node test.globalmart_dbt.unique_fct_orders_incremental_order_id.dadaa56a56
[0m16:47:48.284680 [debug] [Thread-4 (]: Finished running node test.globalmart_dbt.unique_fct_orders_incremental_order_id.dadaa56a56
[0m16:47:48.288261 [debug] [MainThread]: Command end result
[0m16:47:48.409491 [debug] [MainThread]: Wrote artifact WritableManifest to /Workspace/Users/iamnovaryn@gmail.com/DataBricks_Project/globalmart_dbt/target/manifest.json
[0m16:47:48.412637 [debug] [MainThread]: Wrote artifact SemanticManifest to /Workspace/Users/iamnovaryn@gmail.com/DataBricks_Project/globalmart_dbt/target/semantic_manifest.json
[0m16:47:48.420932 [debug] [MainThread]: Wrote artifact RunExecutionResult to /Workspace/Users/iamnovaryn@gmail.com/DataBricks_Project/globalmart_dbt/target/run_results.json
[0m16:47:48.451449 [debug] [MainThread]: Databricks adapter: DatabricksDBTConnection(session-id=None, name=generate_catalog) - Creating connection
[0m16:47:48.452278 [debug] [MainThread]: Acquiring new databricks connection 'generate_catalog'
[0m16:47:48.452918 [info ] [MainThread]: Building catalog
[0m16:47:48.455427 [debug] [ThreadPool]: Databricks adapter: DatabricksDBTConnection(session-id=None, name=('globalmart', 'bronze_dev')) - Creating connection
[0m16:47:48.456476 [debug] [ThreadPool]: Databricks adapter: DatabricksDBTConnection(session-id=None, name=('globalmart', 'bronze')) - Creating connection
[0m16:47:48.458409 [debug] [ThreadPool]: Acquiring new databricks connection '('globalmart', 'bronze_dev')'
[0m16:47:48.460165 [debug] [ThreadPool]: Acquiring new databricks connection '('globalmart', 'bronze')'
[0m16:47:48.465675 [debug] [ThreadPool]: Using databricks connection "('globalmart', 'bronze_dev')"
[0m16:47:48.470220 [debug] [ThreadPool]: Using databricks connection "('globalmart', 'bronze')"
[0m16:47:48.471118 [debug] [ThreadPool]: On ('globalmart', 'bronze_dev'): /* {"app": "dbt", "dbt_version": "1.10.8", "dbt_databricks_version": "1.10.19", "databricks_sql_connector_version": "4.0.5", "profile_name": "globalmart_dbt", "target_name": "dev", "connection_name": "('globalmart', 'bronze_dev')"} */

    
SELECT current_catalog()

  
[0m16:47:48.474418 [debug] [ThreadPool]: Opening a new connection, currently in state init
[0m16:47:48.471873 [debug] [ThreadPool]: On ('globalmart', 'bronze'): /* {"app": "dbt", "dbt_version": "1.10.8", "dbt_databricks_version": "1.10.19", "databricks_sql_connector_version": "4.0.5", "profile_name": "globalmart_dbt", "target_name": "dev", "connection_name": "('globalmart', 'bronze')"} */

    
SELECT current_catalog()

  
[0m16:47:48.478374 [debug] [ThreadPool]: Opening a new connection, currently in state init
[0m16:47:48.608327 [debug] [ThreadPool]: Databricks adapter: Connection(session-id=01f18aa4-10c5-1151-9b39-cfa670b666cf) - Created
[0m16:47:48.614341 [debug] [ThreadPool]: Databricks adapter: Connection(session-id=01f18aa4-10c6-116f-861e-12b538d79c84) - Created
[0m16:47:48.795831 [debug] [ThreadPool]: SQL status: OK in 0.320 seconds
[0m16:47:48.798454 [debug] [ThreadPool]: Databricks adapter: Cursor(session-id=01f18aa4-10c5-1151-9b39-cfa670b666cf, command-id=01f18aa4-10cb-1895-86f7-595d80abf1a3) - Closing
[0m16:47:48.806709 [debug] [ThreadPool]: Using databricks connection "('globalmart', 'bronze_dev')"
[0m16:47:48.807479 [debug] [ThreadPool]: SQL status: OK in 0.330 seconds
[0m16:47:48.808262 [debug] [ThreadPool]: On ('globalmart', 'bronze_dev'): /* {"app": "dbt", "dbt_version": "1.10.8", "dbt_databricks_version": "1.10.19", "databricks_sql_connector_version": "4.0.5", "profile_name": "globalmart_dbt", "target_name": "dev", "connection_name": "('globalmart', 'bronze_dev')"} */

    
SHOW TABLE EXTENDED IN `globalmart`.`bronze_dev` LIKE 'stg_orders|fct_monthly_orders|fct_orders_incremental|dim_customer_summary|stg_customers'

  
[0m16:47:48.810568 [debug] [ThreadPool]: Databricks adapter: Cursor(session-id=01f18aa4-10c6-116f-861e-12b538d79c84, command-id=01f18aa4-10cc-13c7-96d0-99d7f0d8cd14) - Closing
[0m16:47:48.814290 [debug] [ThreadPool]: Using databricks connection "('globalmart', 'bronze')"
[0m16:47:48.815111 [debug] [ThreadPool]: On ('globalmart', 'bronze'): /* {"app": "dbt", "dbt_version": "1.10.8", "dbt_databricks_version": "1.10.19", "databricks_sql_connector_version": "4.0.5", "profile_name": "globalmart_dbt", "target_name": "dev", "connection_name": "('globalmart', 'bronze')"} */

    
SHOW TABLE EXTENDED IN `globalmart`.`bronze` LIKE 'bronze_orders|snap_customers|orders_partitioned'

  
[0m16:47:49.619724 [debug] [ThreadPool]: SQL status: OK in 0.810 seconds
[0m16:47:49.622635 [debug] [ThreadPool]: Databricks adapter: Cursor(session-id=01f18aa4-10c5-1151-9b39-cfa670b666cf, command-id=01f18aa4-10ea-18a0-b1f8-7223bff51ee6) - Closing
[0m16:47:49.631143 [debug] [ThreadPool]: On ('globalmart', 'bronze_dev'): Close
[0m16:47:49.632058 [debug] [ThreadPool]: Databricks adapter: Connection(session-id=01f18aa4-10c5-1151-9b39-cfa670b666cf) - Closing
[0m16:47:49.779037 [debug] [ThreadPool]: SQL status: OK in 0.960 seconds
[0m16:47:49.781842 [debug] [ThreadPool]: Databricks adapter: Cursor(session-id=01f18aa4-10c6-116f-861e-12b538d79c84, command-id=01f18aa4-10ea-1d17-a2af-109e34f88b33) - Closing
[0m16:47:49.784804 [debug] [ThreadPool]: On ('globalmart', 'bronze'): Close
[0m16:47:49.785622 [debug] [ThreadPool]: Databricks adapter: Connection(session-id=01f18aa4-10c6-116f-861e-12b538d79c84) - Closing
[0m16:47:49.884825 [debug] [MainThread]: Wrote artifact CatalogArtifact to /Workspace/Users/iamnovaryn@gmail.com/DataBricks_Project/globalmart_dbt/target/catalog.json
[0m16:47:50.046659 [debug] [MainThread]: Wrote artifact WritableManifest to /Workspace/Users/iamnovaryn@gmail.com/DataBricks_Project/globalmart_dbt/target/manifest.json
[0m16:47:50.050762 [debug] [MainThread]: Wrote artifact SemanticManifest to /Workspace/Users/iamnovaryn@gmail.com/DataBricks_Project/globalmart_dbt/target/semantic_manifest.json
[0m16:47:50.051809 [info ] [MainThread]: Catalog written to /Workspace/Users/iamnovaryn@gmail.com/DataBricks_Project/globalmart_dbt/target/catalog.json
[0m16:47:50.053346 [debug] [MainThread]: Resource report: {"command_name": "generate", "command_success": true, "command_wall_clock_time": 4.8304853, "process_in_blocks": "0", "process_kernel_time": 0.45135, "process_mem_max_rss": "249080", "process_out_blocks": "0", "process_user_time": 4.013096}
[0m16:47:50.054240 [debug] [MainThread]: Command `dbt docs generate` succeeded at 16:47:50.054108 after 4.83 seconds
[0m16:47:50.055012 [debug] [MainThread]: Sending event: {'category': 'dbt', 'action': 'invocation', 'label': 'end', 'context': [<snowplow_tracker.self_describing_json.SelfDescribingJson object at 0xffa22a3a7b00>, <snowplow_tracker.self_describing_json.SelfDescribingJson object at 0xffa22a41e990>, <snowplow_tracker.self_describing_json.SelfDescribingJson object at 0xffa22b201e20>]}
[0m16:47:50.055822 [debug] [MainThread]: Flushing usage events
[0m16:47:50.128740 [debug] [MainThread]: An error was encountered while trying to flush usage events
[0m17:08:53.123744 [debug] [MainThread]: Sending event: {'category': 'dbt', 'action': 'invocation', 'label': 'start', 'context': [<snowplow_tracker.self_describing_json.SelfDescribingJson object at 0xffb10c0b6540>, <snowplow_tracker.self_describing_json.SelfDescribingJson object at 0xffb10970b6b0>, <snowplow_tracker.self_describing_json.SelfDescribingJson object at 0xffb10a17dd90>]}


============================== 17:08:53.127297 | 635722f2-a86f-40f5-910a-8cade25e4034 ==============================
[0m17:08:53.127297 [info ] [MainThread]: Running with dbt=1.11.12
[0m17:08:53.128432 [debug] [MainThread]: running dbt with arguments {'write_json': 'True', 'empty': 'False', 'log_path': '/Workspace/Users/iamnovaryn@gmail.com/DataBricks_Project/globalmart_dbt/logs', 'static_parser': 'True', 'quiet': 'False', 'log_cache_events': 'False', 'introspect': 'True', 'profiles_dir': '/home/spark-34194391-b5d8-4658-bd2e-7a/.dbt', 'indirect_selection': 'eager', 'use_colors': 'True', 'warn_error_options': 'WarnErrorOptionsV2(error=[], warn=[], silence=[])', 'log_format': 'default', 'version_check': 'True', 'printer_width': '80', 'send_anonymous_usage_stats': 'True', 'invocation_command': 'dbt run', 'fail_fast': 'False', 'target_path': 'None', 'use_experimental_parser': 'False', 'warn_error': 'None', 'cache_selected_only': 'False', 'partial_parse': 'True', 'debug': 'False', 'no_print': 'None'}
[0m17:08:54.064102 [debug] [MainThread]: Spark adapter: Setting pyhive.hive logging to ERROR
[0m17:08:54.065517 [debug] [MainThread]: Spark adapter: Setting thrift.transport logging to ERROR
[0m17:08:54.066294 [debug] [MainThread]: Spark adapter: Setting thrift.protocol logging to ERROR
[0m17:08:54.908741 [debug] [MainThread]: Sending event: {'category': 'dbt', 'action': 'project_id', 'label': '635722f2-a86f-40f5-910a-8cade25e4034', 'context': [<snowplow_tracker.self_describing_json.SelfDescribingJson object at 0xffb1094a9400>]}
[0m17:08:55.010145 [debug] [MainThread]: Sending event: {'category': 'dbt', 'action': 'adapter_info', 'label': '635722f2-a86f-40f5-910a-8cade25e4034', 'context': [<snowplow_tracker.self_describing_json.SelfDescribingJson object at 0xffb10bc2b140>]}
[0m17:08:55.011389 [info ] [MainThread]: Registered adapter: databricks=1.12.2
[0m17:08:55.137599 [debug] [MainThread]: checksum: f368f5348cf42803b94ef7fb8257ecf3bf9a9a16dd9c8c51fe5172f2dbeb457f, vars: {}, profile: , target: , version: 1.11.12
[0m17:08:55.444909 [info ] [MainThread]: Unable to do partial parsing because of a version mismatch
[0m17:08:55.445958 [debug] [MainThread]: Sending event: {'category': 'dbt', 'action': 'partial_parser', 'label': '635722f2-a86f-40f5-910a-8cade25e4034', 'context': [<snowplow_tracker.self_describing_json.SelfDescribingJson object at 0xffb0f571b830>]}
[0m17:08:57.149536 [warn ] [MainThread]: [[33mWARNING[0m][PropertyMovedToConfigDeprecation]: Deprecated functionality
Found `freshness` as a top-level property of `sources[0].tables[0]` in file
`models/staging/src_bronze.yml`. The `freshness` top-level property should be
moved into the `config` of `sources[0].tables[0]`.
[0m17:08:57.155463 [debug] [MainThread]: Sending event: {'category': 'dbt', 'action': 'deprecation', 'label': '635722f2-a86f-40f5-910a-8cade25e4034', 'property_': 'warn', 'context': [<snowplow_tracker.self_describing_json.SelfDescribingJson object at 0xffb0f63378f0>]}
[0m17:08:59.397279 [debug] [MainThread]: Sending event: {'category': 'dbt', 'action': 'load_project', 'label': '635722f2-a86f-40f5-910a-8cade25e4034', 'context': [<snowplow_tracker.self_describing_json.SelfDescribingJson object at 0xffb0f444da60>]}
[0m17:08:59.739962 [debug] [MainThread]: Wrote artifact WritableManifest to /Workspace/Users/iamnovaryn@gmail.com/DataBricks_Project/globalmart_dbt/target/manifest.json
[0m17:08:59.771379 [debug] [MainThread]: Wrote artifact SemanticManifest to /Workspace/Users/iamnovaryn@gmail.com/DataBricks_Project/globalmart_dbt/target/semantic_manifest.json
[0m17:08:59.819146 [debug] [MainThread]: Sending event: {'category': 'dbt', 'action': 'resource_counts', 'label': '635722f2-a86f-40f5-910a-8cade25e4034', 'context': [<snowplow_tracker.self_describing_json.SelfDescribingJson object at 0xffb0f434b380>]}
[0m17:08:59.820364 [info ] [MainThread]: Found 5 models, 1 snapshot, 6 data tests, 2 sources, 770 macros
[0m17:08:59.821508 [debug] [MainThread]: Sending event: {'category': 'dbt', 'action': 'runnable_timing', 'label': '635722f2-a86f-40f5-910a-8cade25e4034', 'context': [<snowplow_tracker.self_describing_json.SelfDescribingJson object at 0xffb0f4329940>]}
[0m17:08:59.827331 [info ] [MainThread]: 
[0m17:08:59.828330 [info ] [MainThread]: Concurrency: 4 threads (target='dev')
[0m17:08:59.829288 [info ] [MainThread]: 
[0m17:08:59.830353 [debug] [MainThread]: Databricks adapter: DatabricksDBTConnection(session-id=None, name=master) - Creating connection
[0m17:08:59.831217 [debug] [MainThread]: Acquiring new databricks connection 'master'
[0m17:08:59.838308 [debug] [ThreadPool]: Databricks adapter: DatabricksDBTConnection(session-id=None, name=list_globalmart) - Creating connection
[0m17:08:59.840276 [debug] [ThreadPool]: Acquiring new databricks connection 'list_globalmart'
[0m17:08:59.853417 [debug] [ThreadPool]: Using databricks connection "list_globalmart"
[0m17:08:59.854257 [debug] [ThreadPool]: On list_globalmart: /* {"app": "dbt", "dbt_version": "1.11.12", "dbt_databricks_version": "1.12.2", "databricks_sql_connector_version": "4.3.0", "profile_name": "globalmart_dbt", "target_name": "dev", "invocation_id": "635722f2-a86f-40f5-910a-8cade25e4034", "connection_name": "list_globalmart"} */

    

  SHOW SCHEMAS IN `globalmart`


  
[0m17:08:59.854879 [debug] [ThreadPool]: Opening a new connection, currently in state init
[0m17:09:00.340772 [debug] [ThreadPool]: Databricks adapter: Connection(session-id=01f18aa7-06a5-1882-a0db-96ef81fe819c) - Created
[0m17:09:08.889511 [debug] [ThreadPool]: SQL status: OK in 9.030 seconds
[0m17:09:08.898900 [debug] [ThreadPool]: Databricks adapter: Cursor(session-id=01f18aa7-06a5-1882-a0db-96ef81fe819c, command-id=01f18aa7-06ce-18d0-8944-bec8573268f8) - Closing
[0m17:09:09.020825 [debug] [ThreadPool]: On list_globalmart: Close
[0m17:09:09.021984 [debug] [ThreadPool]: Databricks adapter: Connection(session-id=01f18aa7-06a5-1882-a0db-96ef81fe819c) - Closing
[0m17:09:09.079067 [debug] [ThreadPool]: Databricks adapter: DatabricksDBTConnection(session-id=None, name=list_globalmart_bronze_dev) - Creating connection
[0m17:09:09.080576 [debug] [ThreadPool]: Databricks adapter: DatabricksDBTConnection(session-id=None, name=list_globalmart_bronze) - Creating connection
[0m17:09:09.081466 [debug] [ThreadPool]: Acquiring new databricks connection 'list_globalmart_bronze_dev'
[0m17:09:09.083257 [debug] [ThreadPool]: Acquiring new databricks connection 'list_globalmart_bronze'
[0m17:09:09.089615 [debug] [ThreadPool]: Using databricks connection "list_globalmart_bronze_dev"
[0m17:09:09.093193 [debug] [ThreadPool]: Using databricks connection "list_globalmart_bronze"
[0m17:09:09.097007 [debug] [ThreadPool]: On list_globalmart_bronze: /* {"app": "dbt", "dbt_version": "1.11.12", "dbt_databricks_version": "1.12.2", "databricks_sql_connector_version": "4.3.0", "profile_name": "globalmart_dbt", "target_name": "dev", "invocation_id": "635722f2-a86f-40f5-910a-8cade25e4034", "connection_name": "list_globalmart_bronze"} */

    
SELECT
  table_name,
  if(table_type IN ('EXTERNAL', 'MANAGED', 'MANAGED_SHALLOW_CLONE', 'EXTERNAL_SHALLOW_CLONE'), 'table', lower(table_type)) AS table_type,
  lower(data_source_format) AS file_format,
  table_owner,
  if(
    table_type IN (
      'EXTERNAL',
      'MANAGED',
      'MANAGED_SHALLOW_CLONE',
      'EXTERNAL_SHALLOW_CLONE'
    ),
    lower(table_type),
    NULL
  ) AS databricks_table_type
FROM `system`.`information_schema`.`tables`
WHERE table_catalog = 'globalmart'
  AND table_schema = 'bronze'

  
[0m17:09:09.097812 [debug] [ThreadPool]: Opening a new connection, currently in state init
[0m17:09:09.095367 [debug] [ThreadPool]: On list_globalmart_bronze_dev: /* {"app": "dbt", "dbt_version": "1.11.12", "dbt_databricks_version": "1.12.2", "databricks_sql_connector_version": "4.3.0", "profile_name": "globalmart_dbt", "target_name": "dev", "invocation_id": "635722f2-a86f-40f5-910a-8cade25e4034", "connection_name": "list_globalmart_bronze_dev"} */

    
SELECT
  table_name,
  if(table_type IN ('EXTERNAL', 'MANAGED', 'MANAGED_SHALLOW_CLONE', 'EXTERNAL_SHALLOW_CLONE'), 'table', lower(table_type)) AS table_type,
  lower(data_source_format) AS file_format,
  table_owner,
  if(
    table_type IN (
      'EXTERNAL',
      'MANAGED',
      'MANAGED_SHALLOW_CLONE',
      'EXTERNAL_SHALLOW_CLONE'
    ),
    lower(table_type),
    NULL
  ) AS databricks_table_type
FROM `system`.`information_schema`.`tables`
WHERE table_catalog = 'globalmart'
  AND table_schema = 'bronze_dev'

  
[0m17:09:09.114313 [debug] [ThreadPool]: Opening a new connection, currently in state init
[0m17:09:09.319314 [debug] [ThreadPool]: Databricks adapter: Connection(session-id=01f18aa7-0c1a-1ae2-b7e4-38722ab29fe6) - Created
[0m17:09:09.319969 [debug] [ThreadPool]: Databricks adapter: Connection(session-id=01f18aa7-0c1d-1ea1-b61c-663d68a72144) - Created
[0m17:09:12.454069 [debug] [ThreadPool]: SQL status: OK in 3.340 seconds
[0m17:09:12.457908 [debug] [ThreadPool]: Databricks adapter: Cursor(session-id=01f18aa7-0c1d-1ea1-b61c-663d68a72144, command-id=01f18aa7-0c28-1797-ba08-4da894af07e2) - Closing
[0m17:09:12.459102 [debug] [ThreadPool]: On list_globalmart_bronze_dev: Close
[0m17:09:12.459885 [debug] [ThreadPool]: Databricks adapter: Connection(session-id=01f18aa7-0c1d-1ea1-b61c-663d68a72144) - Closing
[0m17:09:12.515432 [debug] [ThreadPool]: SQL status: OK in 3.420 seconds
[0m17:09:12.518875 [debug] [ThreadPool]: Databricks adapter: Cursor(session-id=01f18aa7-0c1a-1ae2-b7e4-38722ab29fe6, command-id=01f18aa7-0c28-1037-85da-af93a2ef5cb6) - Closing
[0m17:09:12.532976 [debug] [ThreadPool]: On list_globalmart_bronze: Close
[0m17:09:12.534635 [debug] [ThreadPool]: Databricks adapter: Connection(session-id=01f18aa7-0c1a-1ae2-b7e4-38722ab29fe6) - Closing
[0m17:09:12.596046 [debug] [MainThread]: Sending event: {'category': 'dbt', 'action': 'runnable_timing', 'label': '635722f2-a86f-40f5-910a-8cade25e4034', 'context': [<snowplow_tracker.self_describing_json.SelfDescribingJson object at 0xffb0f425cec0>]}
[0m17:09:12.601730 [debug] [Thread-3 (]: Began running node model.globalmart_dbt.stg_customers
[0m17:09:12.602693 [debug] [Thread-4 (]: Began running node model.globalmart_dbt.stg_orders
[0m17:09:12.603752 [info ] [Thread-3 (]: 1 of 5 START sql view model bronze_dev.stg_customers ........................... [RUN]
[0m17:09:12.605551 [info ] [Thread-4 (]: 2 of 5 START sql view model bronze_dev.stg_orders .............................. [RUN]
[0m17:09:12.606908 [debug] [Thread-3 (]: Databricks adapter: DatabricksDBTConnection(session-id=None, name=model.globalmart_dbt.stg_customers) - Creating connection
[0m17:09:12.607899 [debug] [Thread-4 (]: Databricks adapter: DatabricksDBTConnection(session-id=None, name=model.globalmart_dbt.stg_orders) - Creating connection
[0m17:09:12.608762 [debug] [Thread-3 (]: Acquiring new databricks connection 'model.globalmart_dbt.stg_customers'
[0m17:09:12.609557 [debug] [Thread-4 (]: Acquiring new databricks connection 'model.globalmart_dbt.stg_orders'
[0m17:09:12.611140 [debug] [Thread-3 (]: Began compiling node model.globalmart_dbt.stg_customers
[0m17:09:12.612015 [debug] [Thread-4 (]: Began compiling node model.globalmart_dbt.stg_orders
[0m17:09:12.619769 [debug] [Thread-3 (]: Writing injected SQL for node "model.globalmart_dbt.stg_customers"
[0m17:09:12.623871 [debug] [Thread-4 (]: Writing injected SQL for node "model.globalmart_dbt.stg_orders"
[0m17:09:12.709688 [debug] [Thread-3 (]: Began executing node model.globalmart_dbt.stg_customers
[0m17:09:12.731458 [debug] [Thread-3 (]: MATERIALIZING VIEW
[0m17:09:12.732565 [debug] [Thread-4 (]: Began executing node model.globalmart_dbt.stg_orders
[0m17:09:12.752961 [debug] [Thread-3 (]: Creating view `globalmart`.`bronze_dev`.`stg_customers`
[0m17:09:12.756344 [debug] [Thread-4 (]: MATERIALIZING VIEW
[0m17:09:12.768382 [debug] [Thread-3 (]: Writing runtime sql for node "model.globalmart_dbt.stg_customers"
[0m17:09:12.769919 [debug] [Thread-4 (]: Creating view `globalmart`.`bronze_dev`.`stg_orders`
[0m17:09:12.771497 [debug] [Thread-4 (]: Writing runtime sql for node "model.globalmart_dbt.stg_orders"
[0m17:09:12.826545 [debug] [Thread-3 (]: Using databricks connection "model.globalmart_dbt.stg_customers"
[0m17:09:12.827433 [debug] [Thread-3 (]: On model.globalmart_dbt.stg_customers: /* {"app": "dbt", "dbt_version": "1.11.12", "dbt_databricks_version": "1.12.2", "databricks_sql_connector_version": "4.3.0", "profile_name": "globalmart_dbt", "target_name": "dev", "invocation_id": "635722f2-a86f-40f5-910a-8cade25e4034", "node_id": "model.globalmart_dbt.stg_customers"} */

  
  
  
  create or replace view `globalmart`.`bronze_dev`.`stg_customers`
  
  as (
    with raw_customers as (
    select * from `globalmart`.`bronze`.`bronze_orders`
)
select distinct
    customer_id,
    order_priority,
    fulfillment_channel
from raw_customers
where customer_id is not null
  )

[0m17:09:12.828184 [debug] [Thread-3 (]: Opening a new connection, currently in state init
[0m17:09:12.843559 [debug] [Thread-4 (]: Using databricks connection "model.globalmart_dbt.stg_orders"
[0m17:09:12.844568 [debug] [Thread-4 (]: On model.globalmart_dbt.stg_orders: /* {"app": "dbt", "dbt_version": "1.11.12", "dbt_databricks_version": "1.12.2", "databricks_sql_connector_version": "4.3.0", "profile_name": "globalmart_dbt", "target_name": "dev", "invocation_id": "635722f2-a86f-40f5-910a-8cade25e4034", "node_id": "model.globalmart_dbt.stg_orders"} */

  
  
  
  create or replace view `globalmart`.`bronze_dev`.`stg_orders`
  
  as (
    with raw_orders as (
    select * from `globalmart`.`bronze`.`bronze_orders`
)
select
    order_id,
    customer_id,
    order_status,
    
    from_utc_timestamp(order_purchase_timestamp, 'Asia/Kolkata')
 as order_purchase_timestamp_ist,
    _ingested_at
from raw_orders
where order_id is not null
  )

[0m17:09:12.845378 [debug] [Thread-4 (]: Opening a new connection, currently in state init
[0m17:09:13.024305 [debug] [Thread-3 (]: Databricks adapter: Connection(session-id=01f18aa7-0e51-1af0-a368-63bf62f42bd5) - Created
[0m17:09:13.031304 [debug] [Thread-4 (]: Databricks adapter: Connection(session-id=01f18aa7-0e56-1445-b9d1-794636a451fc) - Created
[0m17:09:18.743523 [debug] [Thread-4 (]: SQL status: OK in 5.900 seconds
[0m17:09:18.745588 [debug] [Thread-4 (]: Databricks adapter: Cursor(session-id=01f18aa7-0e56-1445-b9d1-794636a451fc, command-id=01f18aa7-0e5e-1fe9-bc08-2402ab145312) - Closing
[0m17:09:18.818359 [debug] [Thread-3 (]: SQL status: OK in 5.990 seconds
[0m17:09:18.820007 [debug] [Thread-3 (]: Databricks adapter: Cursor(session-id=01f18aa7-0e51-1af0-a368-63bf62f42bd5, command-id=01f18aa7-0e5d-1c3c-b981-fea27ad3d469) - Closing
[0m17:09:18.889592 [debug] [Thread-4 (]: Applying tags to relation None
[0m17:09:18.892584 [debug] [Thread-4 (]: On model.globalmart_dbt.stg_orders: Close
[0m17:09:18.893419 [debug] [Thread-4 (]: Databricks adapter: Connection(session-id=01f18aa7-0e56-1445-b9d1-794636a451fc) - Closing
[0m17:09:18.919761 [debug] [Thread-3 (]: Applying tags to relation None
[0m17:09:18.954614 [debug] [Thread-3 (]: On model.globalmart_dbt.stg_customers: Close
[0m17:09:18.955684 [debug] [Thread-3 (]: Databricks adapter: Connection(session-id=01f18aa7-0e51-1af0-a368-63bf62f42bd5) - Closing
[0m17:09:19.017766 [debug] [Thread-4 (]: Sending event: {'category': 'dbt', 'action': 'run_model', 'label': '635722f2-a86f-40f5-910a-8cade25e4034', 'context': [<snowplow_tracker.self_describing_json.SelfDescribingJson object at 0xffb10a861220>]}
[0m17:09:19.018520 [debug] [Thread-3 (]: Sending event: {'category': 'dbt', 'action': 'run_model', 'label': '635722f2-a86f-40f5-910a-8cade25e4034', 'context': [<snowplow_tracker.self_describing_json.SelfDescribingJson object at 0xffb0f45b4fe0>]}
[0m17:09:19.019770 [info ] [Thread-4 (]: 2 of 5 OK created sql view model bronze_dev.stg_orders ......................... [[32mOK[0m in 6.41s]
[0m17:09:19.021054 [info ] [Thread-3 (]: 1 of 5 OK created sql view model bronze_dev.stg_customers ...................... [[32mOK[0m in 6.41s]
[0m17:09:19.025784 [debug] [Thread-3 (]: Finished running node model.globalmart_dbt.stg_customers
[0m17:09:19.022251 [debug] [Thread-4 (]: Finished running node model.globalmart_dbt.stg_orders
[0m17:09:19.028910 [debug] [Thread-6 (]: Began running node model.globalmart_dbt.dim_customer_summary
[0m17:09:19.029507 [debug] [Thread-5 (]: Began running node model.globalmart_dbt.fct_monthly_orders
[0m17:09:19.030197 [debug] [Thread-3 (]: Began running node model.globalmart_dbt.fct_orders_incremental
[0m17:09:19.031058 [info ] [Thread-6 (]: 3 of 5 START sql table model bronze_dev.dim_customer_summary ................... [RUN]
[0m17:09:19.032946 [info ] [Thread-5 (]: 4 of 5 START sql table model bronze_dev.fct_monthly_orders ..................... [RUN]
[0m17:09:19.033828 [info ] [Thread-3 (]: 5 of 5 START sql incremental model bronze_dev.fct_orders_incremental ........... [RUN]
[0m17:09:19.034998 [debug] [Thread-6 (]: Databricks adapter: DatabricksDBTConnection(session-id=None, name=model.globalmart_dbt.dim_customer_summary) - Creating connection
[0m17:09:19.035978 [debug] [Thread-5 (]: Databricks adapter: DatabricksDBTConnection(session-id=None, name=model.globalmart_dbt.fct_monthly_orders) - Creating connection
[0m17:09:19.036951 [debug] [Thread-3 (]: Databricks adapter: DatabricksDBTConnection(session-id=None, name=model.globalmart_dbt.fct_orders_incremental) - Creating connection
[0m17:09:19.037774 [debug] [Thread-6 (]: Acquiring new databricks connection 'model.globalmart_dbt.dim_customer_summary'
[0m17:09:19.038723 [debug] [Thread-5 (]: Acquiring new databricks connection 'model.globalmart_dbt.fct_monthly_orders'
[0m17:09:19.039509 [debug] [Thread-3 (]: Acquiring new databricks connection 'model.globalmart_dbt.fct_orders_incremental'
[0m17:09:19.040348 [debug] [Thread-6 (]: Began compiling node model.globalmart_dbt.dim_customer_summary
[0m17:09:19.041137 [debug] [Thread-5 (]: Began compiling node model.globalmart_dbt.fct_monthly_orders
[0m17:09:19.041949 [debug] [Thread-3 (]: Began compiling node model.globalmart_dbt.fct_orders_incremental
[0m17:09:19.046719 [debug] [Thread-6 (]: Writing injected SQL for node "model.globalmart_dbt.dim_customer_summary"
[0m17:09:19.050638 [debug] [Thread-5 (]: Writing injected SQL for node "model.globalmart_dbt.fct_monthly_orders"
[0m17:09:19.056537 [debug] [Thread-3 (]: Writing injected SQL for node "model.globalmart_dbt.fct_orders_incremental"
[0m17:09:19.089007 [debug] [Thread-6 (]: Began executing node model.globalmart_dbt.dim_customer_summary
[0m17:09:19.112446 [debug] [Thread-6 (]: MATERIALIZING TABLE
[0m17:09:19.131036 [debug] [Thread-5 (]: Began executing node model.globalmart_dbt.fct_monthly_orders
[0m17:09:19.135700 [debug] [Thread-5 (]: MATERIALIZING TABLE
[0m17:09:19.161074 [debug] [Thread-5 (]: Using databricks connection "model.globalmart_dbt.fct_monthly_orders"
[0m17:09:19.163286 [debug] [Thread-6 (]: Using databricks connection "model.globalmart_dbt.dim_customer_summary"
[0m17:09:19.164026 [debug] [Thread-3 (]: Began executing node model.globalmart_dbt.fct_orders_incremental
[0m17:09:19.165102 [debug] [Thread-5 (]: On model.globalmart_dbt.fct_monthly_orders: /* {"app": "dbt", "dbt_version": "1.11.12", "dbt_databricks_version": "1.12.2", "databricks_sql_connector_version": "4.3.0", "profile_name": "globalmart_dbt", "target_name": "dev", "invocation_id": "635722f2-a86f-40f5-910a-8cade25e4034", "node_id": "model.globalmart_dbt.fct_monthly_orders"} */
SELECT
    table_catalog,
    table_schema,
    table_name,
    filter_name,
    target_columns
  FROM `globalmart`.`information_schema`.`row_filters`
  WHERE table_catalog = 'globalmart'
    AND table_schema = 'bronze_dev'
    AND table_name = 'fct_monthly_orders'
[0m17:09:19.167416 [debug] [Thread-6 (]: On model.globalmart_dbt.dim_customer_summary: /* {"app": "dbt", "dbt_version": "1.11.12", "dbt_databricks_version": "1.12.2", "databricks_sql_connector_version": "4.3.0", "profile_name": "globalmart_dbt", "target_name": "dev", "invocation_id": "635722f2-a86f-40f5-910a-8cade25e4034", "node_id": "model.globalmart_dbt.dim_customer_summary"} */
SELECT
    table_catalog,
    table_schema,
    table_name,
    filter_name,
    target_columns
  FROM `globalmart`.`information_schema`.`row_filters`
  WHERE table_catalog = 'globalmart'
    AND table_schema = 'bronze_dev'
    AND table_name = 'dim_customer_summary'
[0m17:09:19.193976 [debug] [Thread-5 (]: Opening a new connection, currently in state init
[0m17:09:19.222452 [debug] [Thread-3 (]: MATERIALIZING INCREMENTAL
[0m17:09:19.223363 [debug] [Thread-6 (]: Opening a new connection, currently in state init
[0m17:09:19.254832 [debug] [Thread-3 (]: Using databricks connection "model.globalmart_dbt.fct_orders_incremental"
[0m17:09:19.257789 [debug] [Thread-3 (]: On model.globalmart_dbt.fct_orders_incremental: /* {"app": "dbt", "dbt_version": "1.11.12", "dbt_databricks_version": "1.12.2", "databricks_sql_connector_version": "4.3.0", "profile_name": "globalmart_dbt", "target_name": "dev", "invocation_id": "635722f2-a86f-40f5-910a-8cade25e4034", "node_id": "model.globalmart_dbt.fct_orders_incremental"} */
SELECT column_name
  FROM `globalmart`.`information_schema`.`columns`
  WHERE table_catalog = 'globalmart' 
    AND table_schema = 'bronze_dev'
    AND table_name = 'fct_orders_incremental'
    AND is_nullable = 'NO';
  
[0m17:09:19.258572 [debug] [Thread-3 (]: Opening a new connection, currently in state init
[0m17:09:19.499545 [debug] [Thread-5 (]: Databricks adapter: Connection(session-id=01f18aa7-122f-199d-b157-78de794e20c1) - Created
[0m17:09:19.500253 [debug] [Thread-3 (]: Databricks adapter: Connection(session-id=01f18aa7-1233-1980-9ba4-e811dbe589b3) - Created
[0m17:09:19.543729 [debug] [Thread-6 (]: Databricks adapter: Connection(session-id=01f18aa7-1235-14f9-84c5-c19a6704635c) - Created
[0m17:09:20.297705 [debug] [Thread-6 (]: SQL status: OK in 1.070 seconds
[0m17:09:20.302806 [debug] [Thread-6 (]: Databricks adapter: Cursor(session-id=01f18aa7-1235-14f9-84c5-c19a6704635c, command-id=01f18aa7-1240-1777-a045-8e4860b7d171) - Closing
[0m17:09:20.322934 [debug] [Thread-3 (]: SQL status: OK in 1.060 seconds
[0m17:09:20.324009 [debug] [Thread-5 (]: SQL status: OK in 1.130 seconds
[0m17:09:20.327148 [debug] [Thread-6 (]: Writing runtime sql for node "model.globalmart_dbt.dim_customer_summary"
[0m17:09:20.329353 [debug] [Thread-3 (]: Databricks adapter: Cursor(session-id=01f18aa7-1233-1980-9ba4-e811dbe589b3, command-id=01f18aa7-1239-1678-87b8-9f6471af82b4) - Closing
[0m17:09:20.344577 [debug] [Thread-3 (]: Using databricks connection "model.globalmart_dbt.fct_orders_incremental"
[0m17:09:20.345930 [debug] [Thread-3 (]: On model.globalmart_dbt.fct_orders_incremental: /* {"app": "dbt", "dbt_version": "1.11.12", "dbt_databricks_version": "1.12.2", "databricks_sql_connector_version": "4.3.0", "profile_name": "globalmart_dbt", "target_name": "dev", "invocation_id": "635722f2-a86f-40f5-910a-8cade25e4034", "node_id": "model.globalmart_dbt.fct_orders_incremental"} */
SELECT kcu.constraint_name, kcu.column_name
  FROM `globalmart`.information_schema.key_column_usage kcu
  WHERE kcu.table_catalog = 'globalmart' 
    AND kcu.table_schema = 'bronze_dev'
    AND kcu.table_name = 'fct_orders_incremental' 
    AND kcu.constraint_name = (
      SELECT constraint_name
      FROM `globalmart`.information_schema.table_constraints
      WHERE table_catalog = 'globalmart'
        AND table_schema = 'bronze_dev'
        AND table_name = 'fct_orders_incremental' 
        AND constraint_type = 'PRIMARY KEY'
    )
  ORDER BY kcu.ordinal_position;
  
[0m17:09:20.331818 [debug] [Thread-5 (]: Databricks adapter: Cursor(session-id=01f18aa7-122f-199d-b157-78de794e20c1, command-id=01f18aa7-123a-117c-8517-c398087bd349) - Closing
[0m17:09:20.349051 [debug] [Thread-5 (]: Writing runtime sql for node "model.globalmart_dbt.fct_monthly_orders"
[0m17:09:20.380737 [debug] [Thread-6 (]: Using databricks connection "model.globalmart_dbt.dim_customer_summary"
[0m17:09:20.382443 [debug] [Thread-6 (]: On model.globalmart_dbt.dim_customer_summary: /* {"app": "dbt", "dbt_version": "1.11.12", "dbt_databricks_version": "1.12.2", "databricks_sql_connector_version": "4.3.0", "profile_name": "globalmart_dbt", "target_name": "dev", "invocation_id": "635722f2-a86f-40f5-910a-8cade25e4034", "node_id": "model.globalmart_dbt.dim_customer_summary"} */

  
    
        create or replace table `globalmart`.`bronze_dev`.`dim_customer_summary`
      
      
    using delta
  
      
      
      
      
      
      
      
      
      as
      with orders as (
    select * from `globalmart`.`bronze_dev`.`stg_orders`
)
select
    customer_id,
    count(distinct order_id) as total_orders_placed,
    min(order_purchase_timestamp_ist) as first_order_timestamp,
    max(order_purchase_timestamp_ist) as most_recent_order_timestamp
from orders
group by 1
  
[0m17:09:20.399280 [debug] [Thread-5 (]: Using databricks connection "model.globalmart_dbt.fct_monthly_orders"
[0m17:09:20.400353 [debug] [Thread-5 (]: On model.globalmart_dbt.fct_monthly_orders: /* {"app": "dbt", "dbt_version": "1.11.12", "dbt_databricks_version": "1.12.2", "databricks_sql_connector_version": "4.3.0", "profile_name": "globalmart_dbt", "target_name": "dev", "invocation_id": "635722f2-a86f-40f5-910a-8cade25e4034", "node_id": "model.globalmart_dbt.fct_monthly_orders"} */

  
    
        create or replace table `globalmart`.`bronze_dev`.`fct_monthly_orders`
      
      
    using delta
  
      
      
      
      
      
      
      
      
      as
      with orders as (
    select * from `globalmart`.`bronze_dev`.`stg_orders`
)
select
    date_trunc('month', order_purchase_timestamp_ist) as order_month,
    count(distinct order_id) as total_orders
from orders
group by 1
  
[0m17:09:22.239189 [debug] [Thread-3 (]: SQL status: OK in 1.890 seconds
[0m17:09:22.242137 [debug] [Thread-3 (]: Databricks adapter: Cursor(session-id=01f18aa7-1233-1980-9ba4-e811dbe589b3, command-id=01f18aa7-12ba-1cfa-9d39-7c0ca0b2ae57) - Closing
[0m17:09:22.249617 [debug] [Thread-3 (]: Using databricks connection "model.globalmart_dbt.fct_orders_incremental"
[0m17:09:22.251159 [debug] [Thread-3 (]: On model.globalmart_dbt.fct_orders_incremental: /* {"app": "dbt", "dbt_version": "1.11.12", "dbt_databricks_version": "1.12.2", "databricks_sql_connector_version": "4.3.0", "profile_name": "globalmart_dbt", "target_name": "dev", "invocation_id": "635722f2-a86f-40f5-910a-8cade25e4034", "node_id": "model.globalmart_dbt.fct_orders_incremental"} */
SELECT
    kcu.constraint_name,
    kcu.column_name AS from_column,
    ukcu.table_catalog AS to_catalog,
    ukcu.table_schema AS to_schema,
    ukcu.table_name AS to_table,
    ukcu.column_name AS to_column
  FROM `globalmart`.information_schema.key_column_usage kcu
  JOIN `globalmart`.information_schema.referential_constraints rc
    ON kcu.constraint_name = rc.constraint_name
  JOIN `globalmart`.information_schema.key_column_usage ukcu
    ON rc.unique_constraint_name = ukcu.constraint_name
    AND kcu.ordinal_position = ukcu.ordinal_position
  WHERE kcu.table_catalog = 'globalmart'
    AND kcu.table_schema = 'bronze_dev'
    AND kcu.table_name = 'fct_orders_incremental'
    AND kcu.constraint_name IN (
      SELECT constraint_name
      FROM `globalmart`.information_schema.table_constraints
      WHERE table_catalog = 'globalmart'
        AND table_schema = 'bronze_dev'
        AND table_name = 'fct_orders_incremental'
        AND constraint_type = 'FOREIGN KEY'
    )
  ORDER BY kcu.ordinal_position;
  
[0m17:09:24.864311 [debug] [Thread-3 (]: SQL status: OK in 2.610 seconds
[0m17:09:24.867709 [debug] [Thread-3 (]: Databricks adapter: Cursor(session-id=01f18aa7-1233-1980-9ba4-e811dbe589b3, command-id=01f18aa7-13dd-167c-9932-0364d010890e) - Closing
[0m17:09:24.874435 [debug] [Thread-3 (]: Using databricks connection "model.globalmart_dbt.fct_orders_incremental"
[0m17:09:24.875471 [debug] [Thread-3 (]: On model.globalmart_dbt.fct_orders_incremental: /* {"app": "dbt", "dbt_version": "1.11.12", "dbt_databricks_version": "1.12.2", "databricks_sql_connector_version": "4.3.0", "profile_name": "globalmart_dbt", "target_name": "dev", "invocation_id": "635722f2-a86f-40f5-910a-8cade25e4034", "node_id": "model.globalmart_dbt.fct_orders_incremental"} */
SELECT 
    column_name,
    mask_name,
    using_columns
  FROM `system`.`information_schema`.`column_masks`
  WHERE table_catalog = 'globalmart'
    AND table_schema = 'bronze_dev'
    AND table_name = 'fct_orders_incremental';
  
[0m17:09:25.578218 [debug] [Thread-3 (]: SQL status: OK in 0.700 seconds
[0m17:09:25.580865 [debug] [Thread-3 (]: Databricks adapter: Cursor(session-id=01f18aa7-1233-1980-9ba4-e811dbe589b3, command-id=01f18aa7-156d-1dd0-90cd-fc0ece807734) - Closing
[0m17:09:25.583929 [debug] [Thread-3 (]: Using databricks connection "model.globalmart_dbt.fct_orders_incremental"
[0m17:09:25.584824 [debug] [Thread-3 (]: On model.globalmart_dbt.fct_orders_incremental: /* {"app": "dbt", "dbt_version": "1.11.12", "dbt_databricks_version": "1.12.2", "databricks_sql_connector_version": "4.3.0", "profile_name": "globalmart_dbt", "target_name": "dev", "invocation_id": "635722f2-a86f-40f5-910a-8cade25e4034", "node_id": "model.globalmart_dbt.fct_orders_incremental"} */
SELECT
    table_catalog,
    table_schema,
    table_name,
    filter_name,
    target_columns
  FROM `globalmart`.`information_schema`.`row_filters`
  WHERE table_catalog = 'globalmart'
    AND table_schema = 'bronze_dev'
    AND table_name = 'fct_orders_incremental'
[0m17:09:26.328076 [debug] [Thread-3 (]: SQL status: OK in 0.740 seconds
[0m17:09:26.331140 [debug] [Thread-3 (]: Databricks adapter: Cursor(session-id=01f18aa7-1233-1980-9ba4-e811dbe589b3, command-id=01f18aa7-15da-14f0-a9e0-f086a975eafb) - Closing
[0m17:09:26.335567 [debug] [Thread-3 (]: Using databricks connection "model.globalmart_dbt.fct_orders_incremental"
[0m17:09:26.336403 [debug] [Thread-3 (]: On model.globalmart_dbt.fct_orders_incremental: /* {"app": "dbt", "dbt_version": "1.11.12", "dbt_databricks_version": "1.12.2", "databricks_sql_connector_version": "4.3.0", "profile_name": "globalmart_dbt", "target_name": "dev", "invocation_id": "635722f2-a86f-40f5-910a-8cade25e4034", "node_id": "model.globalmart_dbt.fct_orders_incremental"} */
SHOW TBLPROPERTIES `globalmart`.`bronze_dev`.`fct_orders_incremental`
  
[0m17:09:27.205423 [debug] [Thread-3 (]: SQL status: OK in 0.870 seconds
[0m17:09:27.207987 [debug] [Thread-3 (]: Databricks adapter: Cursor(session-id=01f18aa7-1233-1980-9ba4-e811dbe589b3, command-id=01f18aa7-164d-1167-8f3f-56c4dee02231) - Closing
[0m17:09:27.212561 [debug] [Thread-3 (]: Using databricks connection "model.globalmart_dbt.fct_orders_incremental"
[0m17:09:27.213433 [debug] [Thread-3 (]: On model.globalmart_dbt.fct_orders_incremental: /* {"app": "dbt", "dbt_version": "1.11.12", "dbt_databricks_version": "1.12.2", "databricks_sql_connector_version": "4.3.0", "profile_name": "globalmart_dbt", "target_name": "dev", "invocation_id": "635722f2-a86f-40f5-910a-8cade25e4034", "node_id": "model.globalmart_dbt.fct_orders_incremental"} */
describe extended `globalmart`.`bronze_dev`.`fct_orders_incremental`
  
[0m17:09:27.608104 [debug] [Thread-3 (]: SQL status: OK in 0.390 seconds
[0m17:09:27.614580 [debug] [Thread-3 (]: Databricks adapter: Cursor(session-id=01f18aa7-1233-1980-9ba4-e811dbe589b3, command-id=01f18aa7-16d2-1ca0-a753-9aaef2e03579) - Closing
[0m17:09:27.615806 [debug] [Thread-3 (]: Databricks adapter: Getting diff for ColumnCommentsConfig: comments={'order_id': '', 'customer_id': ''} persist=False and comments={'order_id': '', 'customer_id': '', 'order_status': '', 'order_purchase_timestamp': '', 'order_priority': '', 'fulfillment_channel': '', '_ingested_at': '', '': ''} persist=False
[0m17:09:27.628251 [debug] [Thread-3 (]: Using databricks connection "model.globalmart_dbt.fct_orders_incremental"
[0m17:09:27.630225 [debug] [Thread-3 (]: On model.globalmart_dbt.fct_orders_incremental: /* {"app": "dbt", "dbt_version": "1.11.12", "dbt_databricks_version": "1.12.2", "databricks_sql_connector_version": "4.3.0", "profile_name": "globalmart_dbt", "target_name": "dev", "invocation_id": "635722f2-a86f-40f5-910a-8cade25e4034", "node_id": "model.globalmart_dbt.fct_orders_incremental"} */

  
    create or replace temporary view `fct_orders_incremental__dbt_tmp` as
      with source_orders as (
    select * from `globalmart`.`bronze_dev`.`stg_orders`
)

select
    order_id,
    customer_id,
    order_status,
    order_purchase_timestamp_ist,
    _ingested_at
from source_orders


  where _ingested_at >= (select max(_ingested_at) - interval 3 days from `globalmart`.`bronze_dev`.`fct_orders_incremental`)
  
[0m17:09:28.263488 [debug] [Thread-3 (]: SQL status: OK in 0.630 seconds
[0m17:09:28.265171 [debug] [Thread-3 (]: Databricks adapter: Cursor(session-id=01f18aa7-1233-1980-9ba4-e811dbe589b3, command-id=01f18aa7-1712-178c-8382-ffe7ceeb6f0c) - Closing
[0m17:09:28.294382 [debug] [Thread-3 (]: Using databricks connection "model.globalmart_dbt.fct_orders_incremental"
[0m17:09:28.297353 [debug] [Thread-3 (]: On model.globalmart_dbt.fct_orders_incremental: /* {"app": "dbt", "dbt_version": "1.11.12", "dbt_databricks_version": "1.12.2", "databricks_sql_connector_version": "4.3.0", "profile_name": "globalmart_dbt", "target_name": "dev", "invocation_id": "635722f2-a86f-40f5-910a-8cade25e4034", "node_id": "model.globalmart_dbt.fct_orders_incremental"} */

    
  DESCRIBE TABLE EXTENDED `globalmart`.`bronze_dev`.`fct_orders_incremental` AS JSON

  
[0m17:09:28.729363 [debug] [Thread-3 (]: SQL status: OK in 0.430 seconds
[0m17:09:28.735646 [debug] [Thread-3 (]: Databricks adapter: Cursor(session-id=01f18aa7-1233-1980-9ba4-e811dbe589b3, command-id=01f18aa7-1778-1c69-9897-f99c7d4a91f6) - Closing
[0m17:09:28.738978 [debug] [Thread-3 (]: Using databricks connection "model.globalmart_dbt.fct_orders_incremental"
[0m17:09:28.742380 [debug] [Thread-3 (]: On model.globalmart_dbt.fct_orders_incremental: /* {"app": "dbt", "dbt_version": "1.11.12", "dbt_databricks_version": "1.12.2", "databricks_sql_connector_version": "4.3.0", "profile_name": "globalmart_dbt", "target_name": "dev", "invocation_id": "635722f2-a86f-40f5-910a-8cade25e4034", "node_id": "model.globalmart_dbt.fct_orders_incremental"} */

    
  DESCRIBE TABLE EXTENDED `fct_orders_incremental__dbt_tmp` AS JSON

  
[0m17:09:28.907481 [debug] [Thread-3 (]: SQL status: OK in 0.160 seconds
[0m17:09:28.931699 [debug] [Thread-3 (]: Databricks adapter: Cursor(session-id=01f18aa7-1233-1980-9ba4-e811dbe589b3, command-id=01f18aa7-17bc-13f0-92d4-ac7f85988c23) - Closing
[0m17:09:28.945722 [debug] [Thread-3 (]: Writing runtime sql for node "model.globalmart_dbt.fct_orders_incremental"
[0m17:09:28.967800 [debug] [Thread-3 (]: Using databricks connection "model.globalmart_dbt.fct_orders_incremental"
[0m17:09:28.968868 [debug] [Thread-3 (]: On model.globalmart_dbt.fct_orders_incremental: /* {"app": "dbt", "dbt_version": "1.11.12", "dbt_databricks_version": "1.12.2", "databricks_sql_connector_version": "4.3.0", "profile_name": "globalmart_dbt", "target_name": "dev", "invocation_id": "635722f2-a86f-40f5-910a-8cade25e4034", "node_id": "model.globalmart_dbt.fct_orders_incremental"} */
-- back compat for old kwarg name
  
  
  
  
  
  
      
          
          
      
  

    merge
    into
        `globalmart`.`bronze_dev`.`fct_orders_incremental` as DBT_INTERNAL_DEST
    using
        `fct_orders_incremental__dbt_tmp` as DBT_INTERNAL_SOURCE
    on
        
              DBT_INTERNAL_SOURCE.`order_id` <=> DBT_INTERNAL_DEST.`order_id`
          
    when matched
        then update set
            *
    when not matched
        then insert
            *

[0m17:09:29.792126 [debug] [Thread-3 (]: Databricks adapter: Exception while trying to execute query
/* {"app": "dbt", "dbt_version": "1.11.12", "dbt_databricks_version": "1.12.2", "databricks_sql_connector_version": "4.3.0", "profile_name": "globalmart_dbt", "target_name": "dev", "invocation_id": "635722f2-a86f-40f5-910a-8cade25e4034", "node_id": "model.globalmart_dbt.fct_orders_incremental"} */
-- back compat for old kwarg name
  
  
  
  
  
  
      
          
          
      
  

    merge
    into
        `globalmart`.`bronze_dev`.`fct_orders_incremental` as DBT_INTERNAL_DEST
    using
        `fct_orders_incremental__dbt_tmp` as DBT_INTERNAL_SOURCE
    on
        
              DBT_INTERNAL_SOURCE.`order_id` <=> DBT_INTERNAL_DEST.`order_id`
          
    when matched
        then update set
            *
    when not matched
        then insert
            *

: [DELTA_MERGE_UNRESOLVED_EXPRESSION] Cannot resolve order_purchase_timestamp in UPDATE clause given columns DBT_INTERNAL_SOURCE.order_id, DBT_INTERNAL_SOURCE.customer_id, DBT_INTERNAL_SOURCE.order_status, DBT_INTERNAL_SOURCE.order_purchase_timestamp_ist, DBT_INTERNAL_SOURCE._ingested_at.; line 15 pos 4
Error properties: diagnostic-info=org.apache.hive.service.cli.HiveSQLException: Error running query: [DELTA_MERGE_UNRESOLVED_EXPRESSION] com.databricks.sql.transaction.tahoe.DeltaAnalysisException: [DELTA_MERGE_UNRESOLVED_EXPRESSION] Cannot resolve order_purchase_timestamp in UPDATE clause given columns DBT_INTERNAL_SOURCE.order_id, DBT_INTERNAL_SOURCE.customer_id, DBT_INTERNAL_SOURCE.order_status, DBT_INTERNAL_SOURCE.order_purchase_timestamp_ist, DBT_INTERNAL_SOURCE._ingested_at.; line 15 pos 4
	at org.apache.spark.sql.hive.thriftserver.HiveThriftServerErrors$.runningQueryError(HiveThriftServerErrors.scala:58)
	at org.apache.spark.sql.hive.thriftserver.SparkExecuteStatementOperation.$anonfun$execute$1(SparkExecuteStatementOperation.scala:1205)
	at scala.runtime.java8.JFunction0$mcV$sp.apply(JFunction0$mcV$sp.scala:18)
	at com.databricks.unity.UCSEphemeralState$Handle.runWith(UCSEphemeralState.scala:51)
	at com.databricks.unity.HandleImpl.runWith(UCSHandle.scala:128)
	at org.apache.spark.sql.hive.thriftserver.SparkExecuteStatementOperation.org$apache$spark$sql$hive$thriftserver$SparkExecuteStatementOperation$$execute(SparkExecuteStatementOperation.scala:898)
	at org.apache.spark.sql.hive.thriftserver.SparkExecuteStatementOperation$$anon$2$$anon$3.$anonfun$run$6(SparkExecuteStatementOperation.scala:647)
	at scala.runtime.java8.JFunction0$mcV$sp.apply(JFunction0$mcV$sp.scala:18)
	at org.apache.spark.sql.execution.SQLExecution$.withRootExecution(SQLExecution.scala:1498)
	at org.apache.spark.sql.hive.thriftserver.SparkExecuteStatementOperation$$anon$2$$anon$3.$anonfun$run$3(SparkExecuteStatementOperation.scala:647)
	at scala.runtime.java8.JFunction0$mcV$sp.apply(JFunction0$mcV$sp.scala:18)
	at com.databricks.util.TracingSpanUtils$.withTracing(TracingSpanUtils.scala:251)
	at com.databricks.spark.util.DatabricksTracingHelper.withSpan(DatabricksSparkTracingHelper.scala:154)
	at com.databricks.spark.util.DBRTracing$.withSpan(DBRTracing.scala:87)
	at org.apache.spark.sql.hive.thriftserver.ThriftLocalProperties.$anonfun$withLocalProperties$18(ThriftLocalProperties.scala:366)
	at com.databricks.logging.AttributionContextTracing.$anonfun$withAttributionContext$1(AttributionContextTracing.scala:146)
	at com.databricks.logging.AttributionContext$.$anonfun$withValue$1(AttributionContext.scala:349)
	at scala.util.DynamicVariable.withValue(DynamicVariable.scala:59)
	at com.databricks.logging.AttributionContext$.withValue(AttributionContext.scala:345)
	at com.databricks.logging.AttributionContextTracing.withAttributionContext(AttributionContextTracing.scala:144)
	at com.databricks.logging.AttributionContextTracing.withAttributionContext$(AttributionContextTracing.scala:141)
	at com.databricks.spark.util.PublicDBLogging.withAttributionContext(DatabricksSparkUsageLogger.scala:29)
	at com.databricks.logging.AttributionContextTracing.withAttributionTags(AttributionContextTracing.scala:201)
	at com.databricks.logging.AttributionContextTracing.withAttributionTags$(AttributionContextTracing.scala:182)
	at com.databricks.spark.util.PublicDBLogging.withAttributionTags(DatabricksSparkUsageLogger.scala:29)
	at com.databricks.spark.util.PublicDBLogging.withAttributionTags0(DatabricksSparkUsageLogger.scala:108)
	at com.databricks.spark.util.DatabricksSparkUsageLogger.withAttributionTags(DatabricksSparkUsageLogger.scala:215)
	at com.databricks.spark.util.UsageLogging.$anonfun$withAttributionTags$1(UsageLogger.scala:668)
	at com.databricks.spark.util.UsageLogging$.withAttributionTags(UsageLogger.scala:780)
	at com.databricks.spark.util.UsageLogging$.withAttributionTags(UsageLogger.scala:789)
	at com.databricks.spark.util.UsageLogging.withAttributionTags(UsageLogger.scala:668)
	at com.databricks.spark.util.UsageLogging.withAttributionTags$(UsageLogger.scala:666)
	at org.apache.spark.sql.hive.thriftserver.SparkExecuteStatementOperation.withAttributionTags(SparkExecuteStatementOperation.scala:79)
	at org.apache.spark.sql.hive.thriftserver.ThriftLocalProperties.$anonfun$withLocalProperties$15(ThriftLocalProperties.scala:365)
	at com.databricks.spark.util.IdentityClaim$.withClaim(IdentityClaim.scala:48)
	at org.apache.spark.sql.hive.thriftserver.ThriftLocalProperties.withLocalProperties(ThriftLocalProperties.scala:360)
	at org.apache.spark.sql.hive.thriftserver.ThriftLocalProperties.withLocalProperties$(ThriftLocalProperties.scala:180)
	at org.apache.spark.sql.hive.thriftserver.SparkExecuteStatementOperation.withLocalProperties(SparkExecuteStatementOperation.scala:79)
	at org.apache.spark.sql.hive.thriftserver.SparkExecuteStatementOperation$$anon$2$$anon$3.$anonfun$run$2(SparkExecuteStatementOperation.scala:623)
	at scala.runtime.java8.JFunction0$mcV$sp.apply(JFunction0$mcV$sp.scala:18)
	at com.databricks.spark.util.DBRTracing$.withSpanFromParent(DBRTracing.scala:70)
	at org.apache.spark.sql.hive.thriftserver.SparkExecuteStatementOperation$$anon$2$$anon$3.run(SparkExecuteStatementOperation.scala:623)
	at org.apache.spark.sql.hive.thriftserver.SparkExecuteStatementOperation$$anon$2$$anon$3.run(SparkExecuteStatementOperation.scala:596)
	at java.base/java.security.AccessController.doPrivileged(AccessController.java:712)
	at java.base/javax.security.auth.Subject.doAs(Subject.java:439)
	at org.apache.hadoop.security.UserGroupInformation.doAs(UserGroupInformation.java:1953)
	at org.apache.spark.sql.hive.thriftserver.SparkExecuteStatementOperation$$anon$2.run(SparkExecuteStatementOperation.scala:661)
	at java.base/java.util.concurrent.Executors$RunnableAdapter.call(Executors.java:539)
	at java.base/java.util.concurrent.FutureTask.run(FutureTask.java:264)
	at java.base/java.util.concurrent.ThreadPoolExecutor.runWorker(ThreadPoolExecutor.java:1136)
	at java.base/java.util.concurrent.ThreadPoolExecutor$Worker.run(ThreadPoolExecutor.java:635)
	at java.base/java.lang.Thread.run(Thread.java:840)
Caused by: com.databricks.sql.transaction.tahoe.DeltaAnalysisException: [DELTA_MERGE_UNRESOLVED_EXPRESSION] Cannot resolve order_purchase_timestamp in UPDATE clause given columns DBT_INTERNAL_SOURCE.order_id, DBT_INTERNAL_SOURCE.customer_id, DBT_INTERNAL_SOURCE.order_status, DBT_INTERNAL_SOURCE.order_purchase_timestamp_ist, DBT_INTERNAL_SOURCE._ingested_at.; line 15 pos 4
	at com.databricks.sql.transaction.tahoe.ResolveDeltaMergeInto$.$anonfun$throwIfNotResolved$3(ResolveDeltaMergeInto.scala:57)
	at scala.collection.immutable.List.foreach(List.scala:334)
	at com.databricks.sql.transaction.tahoe.ResolveDeltaMergeInto$.throwIfNotResolved(ResolveDeltaMergeInto.scala:53)
	at com.databricks.sql.transaction.tahoe.ResolveDeltaMergeInto$.$anonfun$resolveOrFail$1(ResolveDeltaMergeInto.scala:74)
	at com.databricks.sql.transaction.tahoe.ResolveDeltaMergeInto$.$anonfun$resolveOrFail$1$adapted(ResolveDeltaMergeInto.scala:74)
	at scala.collection.immutable.List.foreach(List.scala:334)
	at com.databricks.sql.transaction.tahoe.ResolveDeltaMergeInto$.resolveOrFail(ResolveDeltaMergeInto.scala:74)
	at com.databricks.sql.transaction.tahoe.ResolveDeltaMergeInto$.resolveStar(ResolveDeltaMergeInto.scala:739)
	at com.databricks.sql.transaction.tahoe.ResolveDeltaMergeInto$.$anonfun$resolveClause$4(ResolveDeltaMergeInto.scala:316)
	at scala.collection.immutable.List.flatMap(List.scala:294)
	at scala.collection.immutable.List.flatMap(List.scala:79)
	at com.databricks.sql.transaction.tahoe.ResolveDeltaMergeInto$.resolveClause(ResolveDeltaMergeInto.scala:311)
	at com.databricks.sql.transaction.tahoe.ResolveDeltaMergeInto$.$anonfun$resolveReferencesAndSchema$1(ResolveDeltaMergeInto.scala:941)
	at scala.collection.immutable.List.map(List.scala:247)
	at scala.collection.immutable.List.map(List.scala:79)
	at com.databricks.sql.transaction.tahoe.ResolveDeltaMergeInto$.resolveReferencesAndSchema(ResolveDeltaMergeInto.scala:939)
	at com.databricks.sql.transaction.tahoe.DeltaAnalysis$$anonfun$apply$1.applyOrElse(DeltaAnalysis.scala:1496)
	at com.databricks.sql.transaction.tahoe.DeltaAnalysis$$anonfun$apply$1.applyOrElse(DeltaAnalysis.scala:166)
	at org.apache.spark.sql.catalyst.plans.logical.AnalysisHelper.$anonfun$resolveOperatorsDownWithPruning$2(AnalysisHelper.scala:201)
	at org.apache.spark.sql.catalyst.trees.CurrentOrigin$.withOrigin(origin.scala:142)
	at org.apache.spark.sql.catalyst.plans.logical.AnalysisHelper.$anonfun$resolveOperatorsDownWithPruning$1(AnalysisHelper.scala:201)
	at org.apache.spark.sql.catalyst.plans.logical.AnalysisHelper$.allowInvokingTransformsInAnalyzer(AnalysisHelper.scala:418)
	at org.apache.spark.sql.catalyst.plans.logical.AnalysisHelper.resolveOperatorsDownWithPruning(AnalysisHelper.scala:199)
	at org.apache.spark.sql.catalyst.plans.logical.AnalysisHelper.resolveOperatorsDownWithPruning$(AnalysisHelper.scala:195)
	at org.apache.spark.sql.catalyst.plans.logical.LogicalPlan.resolveOperatorsDownWithPruning(LogicalPlan.scala:48)
	at org.apache.spark.sql.catalyst.plans.logical.AnalysisHelper.resolveOperatorsDown(AnalysisHelper.scala:191)
	at org.apache.spark.sql.catalyst.plans.logical.AnalysisHelper.resolveOperatorsDown$(AnalysisHelper.scala:190)
	at org.apache.spark.sql.catalyst.plans.logical.LogicalPlan.resolveOperatorsDown(LogicalPlan.scala:48)
	at com.databricks.sql.transaction.tahoe.DeltaAnalysis.apply(DeltaAnalysis.scala:166)
	at com.databricks.sql.transaction.tahoe.DeltaAnalysis.apply(DeltaAnalysis.scala:152)
	at org.apache.spark.sql.catalyst.rules.RuleExecutor.$anonfun$execute$17(RuleExecutor.scala:521)
	at org.apache.spark.sql.catalyst.rules.RecoverableRuleExecutionHelper.processRule(RuleExecutor.scala:675)
	at org.apache.spark.sql.catalyst.rules.RecoverableRuleExecutionHelper.processRule$(RuleExecutor.scala:659)
	at org.apache.spark.sql.catalyst.rules.RuleExecutor.processRule(RuleExecutor.scala:155)
	at org.apache.spark.sql.catalyst.rules.RuleExecutor.$anonfun$execute$16(RuleExecutor.scala:521)
	at com.databricks.spark.util.MemoryTracker$.withThreadAllocatedBytes(MemoryTracker.scala:51)
	at org.apache.spark.sql.catalyst.QueryPlanningTracker$.measureRule(QueryPlanningTracker.scala:450)
	at org.apache.spark.sql.catalyst.rules.RuleExecutor.$anonfun$execute$15(RuleExecutor.scala:519)
	at com.databricks.spark.util.FrameProfiler$.$anonfun$record$1(FrameProfiler.scala:114)
	at com.databricks.spark.util.FrameProfilerExporter$.maybeExportFrameProfiler(FrameProfilerExporter.scala:146)
	at com.databricks.spark.util.FrameProfiler$.record(FrameProfiler.scala:105)
	at org.apache.spark.sql.catalyst.rules.RuleExecutor.$anonfun$execute$14(RuleExecutor.scala:518)
	at scala.collection.LinearSeqOps.foldLeft(LinearSeq.scala:183)
	at scala.collection.LinearSeqOps.foldLeft$(LinearSeq.scala:179)
	at scala.collection.immutable.List.foldLeft(List.scala:79)
	at org.apache.spark.sql.catalyst.rules.RuleExecutor.$anonfun$execute$13(RuleExecutor.scala:510)
	at scala.runtime.java8.JFunction0$mcV$sp.apply(JFunction0$mcV$sp.scala:18)
	at com.databricks.spark.util.FrameProfiler$.$anonfun$record$1(FrameProfiler.scala:114)
	at com.databricks.spark.util.FrameProfilerExporter$.maybeExportFrameProfiler(FrameProfilerExporter.scala:146)
	at com.databricks.spark.util.FrameProfiler$.record(FrameProfiler.scala:105)
	at org.apache.spark.sql.catalyst.rules.RuleExecutor.executeBatch$1(RuleExecutor.scala:484)
	at org.apache.spark.sql.catalyst.rules.RuleExecutor.$anonfun$execute$23(RuleExecutor.scala:631)
	at org.apache.spark.sql.catalyst.rules.RuleExecutor.$anonfun$execute$23$adapted(RuleExecutor.scala:631)
	at scala.collection.immutable.List.foreach(List.scala:334)
	at org.apache.spark.sql.catalyst.rules.RuleExecutor.$anonfun$execute$1(RuleExecutor.scala:631)
	at com.databricks.spark.util.FrameProfiler$.$anonfun$record$1(FrameProfiler.scala:114)
	at com.databricks.spark.util.FrameProfilerExporter$.maybeExportFrameProfiler(FrameProfilerExporter.scala:146)
	at com.databricks.spark.util.FrameProfiler$.record(FrameProfiler.scala:105)
	at org.apache.spark.sql.catalyst.rules.RuleExecutor.execute(RuleExecutor.scala:377)
	at org.apache.spark.sql.catalyst.analysis.Analyzer.super$execute(Analyzer.scala:728)
	at org.apache.spark.sql.catalyst.analysis.Analyzer.$anonfun$executeSameContext$1(Analyzer.scala:728)
	at com.databricks.sql.unity.SAMSnapshotHelper$.visitPlansDuringAnalysis(SAMSnapshotHelper.scala:43)
	at org.apache.spark.sql.catalyst.analysis.Analyzer.executeSameContext(Analyzer.scala:727)
	at org.apache.spark.sql.catalyst.analysis.Analyzer.$anonfun$execute$1(Analyzer.scala:700)
	at org.apache.spark.sql.catalyst.analysis.AnalysisContext$.withNewAnalysisContext(Analyzer.scala:520)
	at org.apache.spark.sql.catalyst.analysis.Analyzer.execute(Analyzer.scala:700)
	at org.apache.spark.sql.catalyst.analysis.Analyzer.execute(Analyzer.scala:610)
	at org.apache.spark.sql.catalyst.rules.RuleExecutor.$anonfun$executeAndTrack$1(RuleExecutor.scala:365)
	at org.apache.spark.sql.catalyst.QueryPlanningTracker$.withTracker(QueryPlanningTracker.scala:275)
	at org.apache.spark.sql.catalyst.rules.RuleExecutor.executeAndTrack(RuleExecutor.scala:365)
	at org.apache.spark.sql.catalyst.analysis.resolver.HybridAnalyzer.resolveInFixedPoint(HybridAnalyzer.scala:415)
	at org.apache.spark.sql.catalyst.analysis.resolver.HybridAnalyzer.resolveInSinglePassTentatively(HybridAnalyzer.scala:294)
	at org.apache.spark.sql.catalyst.analysis.resolver.HybridAnalyzer.$anonfun$apply$1(HybridAnalyzer.scala:94)
	at org.apache.spark.sql.catalyst.analysis.resolver.HybridAnalyzer.withTrackedAnalyzerBridgeState(HybridAnalyzer.scala:135)
	at org.apache.spark.sql.catalyst.analysis.resolver.HybridAnalyzer.apply(HybridAnalyzer.scala:91)
	at org.apache.spark.sql.catalyst.analysis.Analyzer.$anonfun$executeAndCheck$2(Analyzer.scala:677)
	at org.apache.spark.sql.catalyst.plans.logical.AnalysisHelper$.markInAnalyzer(AnalysisHelper.scala:425)
	at org.apache.spark.sql.catalyst.analysis.Analyzer.$anonfun$executeAndCheck$1(Analyzer.scala:677)
	at com.databricks.sql.unity.SAMSnapshotHelper$.visitPlansDuringAnalysis(SAMSnapshotHelper.scala:43)
	at org.apache.spark.sql.catalyst.analysis.Analyzer.executeAndCheck(Analyzer.scala:666)
	at org.apache.spark.sql.execution.QueryExecution.$anonfun$lazyAnalyzed$3(QueryExecution.scala:607)
	at com.databricks.spark.util.FrameProfiler$.$anonfun$record$1(FrameProfiler.scala:114)
	at com.databricks.spark.util.FrameProfilerExporter$.maybeExportFrameProfiler(FrameProfilerExporter.scala:146)
	at com.databricks.spark.util.FrameProfiler$.record(FrameProfiler.scala:105)
	at org.apache.spark.sql.catalyst.QueryPlanningTracker.measurePhase(QueryPlanningTracker.scala:1021)
	at org.apache.spark.sql.execution.QueryExecution.$anonfun$executePhase$8(QueryExecution.scala:1073)
	at org.apache.spark.sql.execution.SQLExecution$.$anonfun$withExecutionPhase$1(SQLExecution.scala:335)
	at com.databricks.util.TracingSpanUtils$.withTracing(TracingSpanUtils.scala:251)
	at com.databricks.spark.util.DatabricksTracingHelper.withSpan(DatabricksSparkTracingHelper.scala:154)
	at com.databricks.spark.util.DBRTracing$.withSpan(DBRTracing.scala:87)
	at org.apache.spark.sql.execution.SQLExecution$.withExecutionPhase(SQLExecution.scala:316)
	at org.apache.spark.sql.execution.QueryExecution.$anonfun$executePhase$7(QueryExecution.scala:1073)
	at org.apache.spark.sql.execution.QueryExecution$.withInternalError(QueryExecution.scala:1822)
	at org.apache.spark.sql.execution.QueryExecution.$anonfun$executePhase$5(QueryExecution.scala:1066)
	at com.databricks.util.LexicalThreadLocal$Handle.runWith(LexicalThreadLocal.scala:63)
	at org.apache.spark.sql.execution.QueryExecution.$anonfun$executePhase$4(QueryExecution.scala:1063)
	at com.databricks.util.LexicalThreadLocal$Handle.runWith(LexicalThreadLocal.scala:63)
	at org.apache.spark.sql.execution.QueryExecution.$anonfun$executePhase$3(QueryExecution.scala:1063)
	at com.databricks.util.LexicalThreadLocal$Handle.runWith(LexicalThreadLocal.scala:63)
	at org.apache.spark.sql.execution.QueryExecution.$anonfun$executePhase$2(QueryExecution.scala:1062)
	at com.databricks.util.LexicalThreadLocal$Handle.runWith(LexicalThreadLocal.scala:63)
	at org.apache.spark.sql.execution.QueryExecution.localBlock$1(QueryExecution.scala:1043)
	at org.apache.spark.sql.execution.QueryExecution.$anonfun$withQueryExecutionId$4(QueryExecution.scala:1053)
	at com.databricks.unity.UCSManager$.withTemporaryScope(UCSManager.scala:168)
	at org.apache.spark.sql.execution.QueryExecution.$anonfun$withQueryExecutionId$3(QueryExecution.scala:1052)
	at org.apache.spark.sql.execution.QueryExecution$.$anonfun$runWithWrappers$2(QueryExecution.scala:2075)
	at org.apache.spark.sql.execution.QueryExecution$.org$apache$spark$sql$execution$QueryExecution$$runWithWrappers(QueryExecution.scala:2074)
	at org.apache.spark.sql.execution.QueryExecution.withQueryExecutionId(QueryExecution.scala:1053)
	at org.apache.spark.sql.execution.QueryExecution.$anonfun$executePhase$1(QueryExecution.scala:1061)
	at org.apache.spark.sql.SparkSession.withActive(SparkSession.scala:866)
	at org.apache.spark.sql.execution.QueryExecution.executePhase(QueryExecution.scala:1060)
	at org.apache.spark.sql.execution.QueryExecution.$anonfun$lazyAnalyzed$2(QueryExecution.scala:598)
	at com.databricks.sql.util.MemoryTrackerHelper.withMemoryTracking(MemoryTrackerHelper.scala:111)
	at org.apache.spark.sql.execution.QueryExecution.$anonfun$lazyAnalyzed$1(QueryExecution.scala:597)
	at scala.util.Try$.apply(Try.scala:217)
	at org.apache.spark.util.Utils$.doTryWithCallerStacktrace(Utils.scala:1796)
	at org.apache.spark.util.Utils$.getTryWithCallerStacktrace(Utils.scala:1846)
	at org.apache.spark.util.LazyTry.get(LazyTry.scala:78)
	at org.apache.spark.sql.execution.QueryExecution.analyzed(QueryExecution.scala:661)
	at org.apache.spark.sql.hive.thriftserver.SparkExecuteStatementOperation.$anonfun$getOrCreateDF$1(SparkExecuteStatementOperation.scala:752)
	at org.apache.spark.sql.hive.thriftserver.SparkExecuteStatementOperation.withSuspendedQueryHangingDetection(SparkExecuteStatementOperation.scala:202)
	at org.apache.spark.sql.hive.thriftserver.SparkExecuteStatementOperation.getOrCreateDF(SparkExecuteStatementOperation.scala:750)
	at org.apache.spark.sql.hive.thriftserver.SparkExecuteStatementOperation.analyzeQuery(SparkExecuteStatementOperation.scala:780)
	at org.apache.spark.sql.hive.thriftserver.SparkExecuteStatementOperation.$anonfun$execute$6(SparkExecuteStatementOperation.scala:974)
	at org.apache.spark.util.Utils$.timeTakenMs(Utils.scala:599)
	at org.apache.spark.sql.hive.thriftserver.SparkExecuteStatementOperation.$anonfun$execute$1(SparkExecuteStatementOperation.scala:974)
	... 50 more
, operation-id=01f18aa7-17de-1b3f-bee0-6294595f1a43
[0m17:09:29.799189 [debug] [Thread-3 (]: On model.globalmart_dbt.fct_orders_incremental: Close
[0m17:09:29.799957 [debug] [Thread-3 (]: Databricks adapter: Connection(session-id=01f18aa7-1233-1980-9ba4-e811dbe589b3) - Closing
[0m17:09:29.852324 [debug] [Thread-3 (]: Database Error in model fct_orders_incremental (models/marts/fct_orders_incremental.sql)
  [DELTA_MERGE_UNRESOLVED_EXPRESSION] Cannot resolve order_purchase_timestamp in UPDATE clause given columns DBT_INTERNAL_SOURCE.order_id, DBT_INTERNAL_SOURCE.customer_id, DBT_INTERNAL_SOURCE.order_status, DBT_INTERNAL_SOURCE.order_purchase_timestamp_ist, DBT_INTERNAL_SOURCE._ingested_at.; line 15 pos 4
  compiled code at target/run/globalmart_dbt/models/marts/fct_orders_incremental.sql
[0m17:09:29.853565 [debug] [Thread-3 (]: Sending event: {'category': 'dbt', 'action': 'run_model', 'label': '635722f2-a86f-40f5-910a-8cade25e4034', 'context': [<snowplow_tracker.self_describing_json.SelfDescribingJson object at 0xffb0f4835f40>]}
[0m17:09:29.854672 [error] [Thread-3 (]: 5 of 5 ERROR creating sql incremental model bronze_dev.fct_orders_incremental .. [[31mERROR[0m in 10.82s]
[0m17:09:29.855971 [debug] [Thread-3 (]: Finished running node model.globalmart_dbt.fct_orders_incremental
[0m17:09:29.856883 [debug] [Thread-9 (]: Marking all children of 'model.globalmart_dbt.fct_orders_incremental' to be skipped because of status 'error'.  Reason: Database Error in model fct_orders_incremental (models/marts/fct_orders_incremental.sql)
  [DELTA_MERGE_UNRESOLVED_EXPRESSION] Cannot resolve order_purchase_timestamp in UPDATE clause given columns DBT_INTERNAL_SOURCE.order_id, DBT_INTERNAL_SOURCE.customer_id, DBT_INTERNAL_SOURCE.order_status, DBT_INTERNAL_SOURCE.order_purchase_timestamp_ist, DBT_INTERNAL_SOURCE._ingested_at.; line 15 pos 4
  compiled code at target/run/globalmart_dbt/models/marts/fct_orders_incremental.sql.
[0m17:09:32.915870 [debug] [Thread-6 (]: SQL status: OK in 12.530 seconds
[0m17:09:32.918371 [debug] [Thread-6 (]: Databricks adapter: Cursor(session-id=01f18aa7-1235-14f9-84c5-c19a6704635c, command-id=01f18aa7-12c0-16f0-858a-337808ab58ff) - Closing
[0m17:09:32.920608 [debug] [Thread-5 (]: SQL status: OK in 12.520 seconds
[0m17:09:32.923339 [debug] [Thread-5 (]: Databricks adapter: Cursor(session-id=01f18aa7-122f-199d-b157-78de794e20c1, command-id=01f18aa7-12c3-1702-a384-e3e193174301) - Closing
[0m17:09:33.012483 [debug] [Thread-6 (]: Applying tags to relation None
[0m17:09:33.030590 [debug] [Thread-6 (]: On model.globalmart_dbt.dim_customer_summary: Close
[0m17:09:33.031900 [debug] [Thread-5 (]: Applying tags to relation None
[0m17:09:33.033581 [debug] [Thread-6 (]: Databricks adapter: Connection(session-id=01f18aa7-1235-14f9-84c5-c19a6704635c) - Closing
[0m17:09:33.099269 [debug] [Thread-5 (]: On model.globalmart_dbt.fct_monthly_orders: Close
[0m17:09:33.100313 [debug] [Thread-5 (]: Databricks adapter: Connection(session-id=01f18aa7-122f-199d-b157-78de794e20c1) - Closing
[0m17:09:33.180396 [debug] [Thread-6 (]: Sending event: {'category': 'dbt', 'action': 'run_model', 'label': '635722f2-a86f-40f5-910a-8cade25e4034', 'context': [<snowplow_tracker.self_describing_json.SelfDescribingJson object at 0xffb0f416d130>]}
[0m17:09:33.181237 [debug] [Thread-5 (]: Sending event: {'category': 'dbt', 'action': 'run_model', 'label': '635722f2-a86f-40f5-910a-8cade25e4034', 'context': [<snowplow_tracker.self_describing_json.SelfDescribingJson object at 0xffb0f416dbb0>]}
[0m17:09:33.182553 [info ] [Thread-6 (]: 3 of 5 OK created sql table model bronze_dev.dim_customer_summary .............. [[32mOK[0m in 14.15s]
[0m17:09:33.183753 [info ] [Thread-5 (]: 4 of 5 OK created sql table model bronze_dev.fct_monthly_orders ................ [[32mOK[0m in 14.15s]
[0m17:09:33.184918 [debug] [Thread-6 (]: Finished running node model.globalmart_dbt.dim_customer_summary
[0m17:09:33.185876 [debug] [Thread-5 (]: Finished running node model.globalmart_dbt.fct_monthly_orders
[0m17:09:33.187915 [debug] [MainThread]: Databricks adapter: DatabricksDBTConnection(session-id=None, name=master) - Creating connection
[0m17:09:33.188676 [debug] [MainThread]: Acquiring new databricks connection 'master'
[0m17:09:33.189610 [info ] [MainThread]: 
[0m17:09:33.190446 [info ] [MainThread]: Finished running 1 incremental model, 2 table models, 2 view models in 0 hours 0 minutes and 33.36 seconds (33.36s).
[0m17:09:33.192047 [debug] [MainThread]: Command end result
[0m17:09:33.250133 [debug] [MainThread]: Wrote artifact WritableManifest to /Workspace/Users/iamnovaryn@gmail.com/DataBricks_Project/globalmart_dbt/target/manifest.json
[0m17:09:33.253687 [debug] [MainThread]: Wrote artifact SemanticManifest to /Workspace/Users/iamnovaryn@gmail.com/DataBricks_Project/globalmart_dbt/target/semantic_manifest.json
[0m17:09:33.281964 [debug] [MainThread]: Wrote artifact RunExecutionResult to /Workspace/Users/iamnovaryn@gmail.com/DataBricks_Project/globalmart_dbt/target/run_results.json
[0m17:09:33.282735 [info ] [MainThread]: 
[0m17:09:33.283536 [info ] [MainThread]: [31mCompleted with 1 error, 0 partial successes, and 0 warnings:[0m
[0m17:09:33.284506 [info ] [MainThread]: 
[0m17:09:33.285517 [error] [MainThread]: [31mFailure in model fct_orders_incremental (models/marts/fct_orders_incremental.sql)[0m
[0m17:09:33.286382 [error] [MainThread]:   Database Error in model fct_orders_incremental (models/marts/fct_orders_incremental.sql)
  [DELTA_MERGE_UNRESOLVED_EXPRESSION] Cannot resolve order_purchase_timestamp in UPDATE clause given columns DBT_INTERNAL_SOURCE.order_id, DBT_INTERNAL_SOURCE.customer_id, DBT_INTERNAL_SOURCE.order_status, DBT_INTERNAL_SOURCE.order_purchase_timestamp_ist, DBT_INTERNAL_SOURCE._ingested_at.; line 15 pos 4
  compiled code at target/run/globalmart_dbt/models/marts/fct_orders_incremental.sql
[0m17:09:33.287838 [info ] [MainThread]: 
[0m17:09:33.290049 [info ] [MainThread]:   compiled code at target/compiled/globalmart_dbt/models/marts/fct_orders_incremental.sql
[0m17:09:33.290817 [info ] [MainThread]: 
[0m17:09:33.291534 [info ] [MainThread]: Done. PASS=4 WARN=0 ERROR=1 SKIP=0 NO-OP=0 TOTAL=5
[0m17:09:33.292588 [warn ] [MainThread]: [[33mWARNING[0m][DeprecationsSummary]: Deprecated functionality
Summary of encountered deprecations:
- PropertyMovedToConfigDeprecation: 4 occurrences
To see all deprecation instances instead of just the first occurrence of each,
run command again with the `--show-all-deprecations` flag. You may also need to
run with `--no-partial-parse` as some deprecations are only encountered during
parsing.
[0m17:09:33.294251 [debug] [MainThread]: Resource report: {"command_name": "run", "command_success": false, "command_wall_clock_time": 40.460964, "process_in_blocks": "6064", "process_kernel_time": 0.436277, "process_mem_max_rss": "288892", "process_out_blocks": "8", "process_user_time": 7.664602}
[0m17:09:33.296221 [debug] [MainThread]: Command `dbt run` failed at 17:09:33.296042 after 40.46 seconds
[0m17:09:33.297041 [debug] [MainThread]: Sending event: {'category': 'dbt', 'action': 'invocation', 'label': 'end', 'context': [<snowplow_tracker.self_describing_json.SelfDescribingJson object at 0xffb0f4328b30>, <snowplow_tracker.self_describing_json.SelfDescribingJson object at 0xffb0f42a24b0>, <snowplow_tracker.self_describing_json.SelfDescribingJson object at 0xffb0f579e2a0>]}
[0m17:09:33.297762 [debug] [MainThread]: Flushing usage events
[0m17:09:33.380586 [debug] [MainThread]: An error was encountered while trying to flush usage events
[0m17:09:35.519955 [debug] [MainThread]: Sending event: {'category': 'dbt', 'action': 'invocation', 'label': 'start', 'context': [<snowplow_tracker.self_describing_json.SelfDescribingJson object at 0xffe2242c2b70>, <snowplow_tracker.self_describing_json.SelfDescribingJson object at 0xffe225ba82f0>, <snowplow_tracker.self_describing_json.SelfDescribingJson object at 0xffe222f953a0>]}


============================== 17:09:35.523521 | ee8d02c9-7c34-4b38-9a75-240a8996df36 ==============================
[0m17:09:35.523521 [info ] [MainThread]: Running with dbt=1.11.12
[0m17:09:35.524509 [debug] [MainThread]: running dbt with arguments {'log_format': 'default', 'invocation_command': 'dbt docs generate', 'log_path': '/Workspace/Users/iamnovaryn@gmail.com/DataBricks_Project/globalmart_dbt/logs', 'send_anonymous_usage_stats': 'True', 'warn_error': 'None', 'static_parser': 'True', 'indirect_selection': 'eager', 'partial_parse': 'True', 'version_check': 'True', 'target_path': 'None', 'use_colors': 'True', 'cache_selected_only': 'False', 'fail_fast': 'False', 'warn_error_options': 'WarnErrorOptionsV2(error=[], warn=[], silence=[])', 'no_print': 'None', 'log_cache_events': 'False', 'quiet': 'False', 'debug': 'False', 'use_experimental_parser': 'False', 'printer_width': '80', 'introspect': 'True', 'profiles_dir': '/home/spark-34194391-b5d8-4658-bd2e-7a/.dbt', 'write_json': 'True', 'empty': 'None'}
[0m17:09:36.439037 [debug] [MainThread]: Spark adapter: Setting pyhive.hive logging to ERROR
[0m17:09:36.440093 [debug] [MainThread]: Spark adapter: Setting thrift.transport logging to ERROR
[0m17:09:36.440919 [debug] [MainThread]: Spark adapter: Setting thrift.protocol logging to ERROR
[0m17:09:37.175577 [debug] [MainThread]: Sending event: {'category': 'dbt', 'action': 'project_id', 'label': 'ee8d02c9-7c34-4b38-9a75-240a8996df36', 'context': [<snowplow_tracker.self_describing_json.SelfDescribingJson object at 0xffe2257cfec0>]}
[0m17:09:37.258103 [debug] [MainThread]: Sending event: {'category': 'dbt', 'action': 'adapter_info', 'label': 'ee8d02c9-7c34-4b38-9a75-240a8996df36', 'context': [<snowplow_tracker.self_describing_json.SelfDescribingJson object at 0xffe20fa51d30>]}
[0m17:09:37.259296 [info ] [MainThread]: Registered adapter: databricks=1.12.2
[0m17:09:37.383933 [debug] [MainThread]: checksum: f368f5348cf42803b94ef7fb8257ecf3bf9a9a16dd9c8c51fe5172f2dbeb457f, vars: {}, profile: , target: , version: 1.11.12
[0m17:09:37.629868 [debug] [MainThread]: Partial parsing enabled: 0 files deleted, 0 files added, 0 files changed.
[0m17:09:37.630918 [debug] [MainThread]: Nothing changed, skipping partial parsing.
[0m17:09:37.631706 [debug] [MainThread]: Partial parsing enabled, no changes found, skipping parsing
[0m17:09:37.693579 [debug] [MainThread]: Sending event: {'category': 'dbt', 'action': 'load_project', 'label': 'ee8d02c9-7c34-4b38-9a75-240a8996df36', 'context': [<snowplow_tracker.self_describing_json.SelfDescribingJson object at 0xffe20f06b710>]}
[0m17:09:37.707376 [debug] [MainThread]: Sending event: {'category': 'dbt', 'action': 'resource_counts', 'label': 'ee8d02c9-7c34-4b38-9a75-240a8996df36', 'context': [<snowplow_tracker.self_describing_json.SelfDescribingJson object at 0xffe20ef69ac0>]}
[0m17:09:37.708567 [info ] [MainThread]: Found 5 models, 1 snapshot, 6 data tests, 2 sources, 770 macros
[0m17:09:37.709375 [debug] [MainThread]: Sending event: {'category': 'dbt', 'action': 'runnable_timing', 'label': 'ee8d02c9-7c34-4b38-9a75-240a8996df36', 'context': [<snowplow_tracker.self_describing_json.SelfDescribingJson object at 0xffe20f3f5400>]}
[0m17:09:37.713445 [info ] [MainThread]: 
[0m17:09:37.714761 [info ] [MainThread]: Concurrency: 4 threads (target='dev')
[0m17:09:37.715644 [info ] [MainThread]: 
[0m17:09:37.716700 [debug] [MainThread]: Databricks adapter: DatabricksDBTConnection(session-id=None, name=master) - Creating connection
[0m17:09:37.717590 [debug] [MainThread]: Acquiring new databricks connection 'master'
[0m17:09:37.726981 [debug] [ThreadPool]: Databricks adapter: DatabricksDBTConnection(session-id=None, name=list_globalmart_bronze_dev) - Creating connection
[0m17:09:37.727821 [debug] [ThreadPool]: Databricks adapter: DatabricksDBTConnection(session-id=None, name=list_globalmart_bronze) - Creating connection
[0m17:09:37.729525 [debug] [ThreadPool]: Acquiring new databricks connection 'list_globalmart_bronze_dev'
[0m17:09:37.731076 [debug] [ThreadPool]: Acquiring new databricks connection 'list_globalmart_bronze'
[0m17:09:37.748378 [debug] [ThreadPool]: Using databricks connection "list_globalmart_bronze_dev"
[0m17:09:37.751058 [debug] [ThreadPool]: Using databricks connection "list_globalmart_bronze"
[0m17:09:37.751946 [debug] [ThreadPool]: On list_globalmart_bronze_dev: /* {"app": "dbt", "dbt_version": "1.11.12", "dbt_databricks_version": "1.12.2", "databricks_sql_connector_version": "4.3.0", "profile_name": "globalmart_dbt", "target_name": "dev", "invocation_id": "ee8d02c9-7c34-4b38-9a75-240a8996df36", "connection_name": "list_globalmart_bronze_dev"} */

    
SELECT
  table_name,
  if(table_type IN ('EXTERNAL', 'MANAGED', 'MANAGED_SHALLOW_CLONE', 'EXTERNAL_SHALLOW_CLONE'), 'table', lower(table_type)) AS table_type,
  lower(data_source_format) AS file_format,
  table_owner,
  if(
    table_type IN (
      'EXTERNAL',
      'MANAGED',
      'MANAGED_SHALLOW_CLONE',
      'EXTERNAL_SHALLOW_CLONE'
    ),
    lower(table_type),
    NULL
  ) AS databricks_table_type
FROM `system`.`information_schema`.`tables`
WHERE table_catalog = 'globalmart'
  AND table_schema = 'bronze_dev'

  
[0m17:09:37.752830 [debug] [ThreadPool]: On list_globalmart_bronze: /* {"app": "dbt", "dbt_version": "1.11.12", "dbt_databricks_version": "1.12.2", "databricks_sql_connector_version": "4.3.0", "profile_name": "globalmart_dbt", "target_name": "dev", "invocation_id": "ee8d02c9-7c34-4b38-9a75-240a8996df36", "connection_name": "list_globalmart_bronze"} */

    
SELECT
  table_name,
  if(table_type IN ('EXTERNAL', 'MANAGED', 'MANAGED_SHALLOW_CLONE', 'EXTERNAL_SHALLOW_CLONE'), 'table', lower(table_type)) AS table_type,
  lower(data_source_format) AS file_format,
  table_owner,
  if(
    table_type IN (
      'EXTERNAL',
      'MANAGED',
      'MANAGED_SHALLOW_CLONE',
      'EXTERNAL_SHALLOW_CLONE'
    ),
    lower(table_type),
    NULL
  ) AS databricks_table_type
FROM `system`.`information_schema`.`tables`
WHERE table_catalog = 'globalmart'
  AND table_schema = 'bronze'

  
[0m17:09:37.753709 [debug] [ThreadPool]: Opening a new connection, currently in state init
[0m17:09:37.754619 [debug] [ThreadPool]: Opening a new connection, currently in state init
[0m17:09:38.094622 [debug] [ThreadPool]: Databricks adapter: Connection(session-id=01f18aa7-1d41-1c3e-9d55-9f572ba35fb3) - Created
[0m17:09:38.095428 [debug] [ThreadPool]: Databricks adapter: Connection(session-id=01f18aa7-1d42-1315-b39a-1ae08d68fe0c) - Created
[0m17:09:38.477150 [debug] [ThreadPool]: SQL status: OK in 0.720 seconds
[0m17:09:38.482100 [debug] [ThreadPool]: Databricks adapter: Cursor(session-id=01f18aa7-1d41-1c3e-9d55-9f572ba35fb3, command-id=01f18aa7-1d4f-13f7-9f30-559eef0f1f60) - Closing
[0m17:09:38.483329 [debug] [ThreadPool]: On list_globalmart_bronze_dev: Close
[0m17:09:38.484124 [debug] [ThreadPool]: Databricks adapter: Connection(session-id=01f18aa7-1d41-1c3e-9d55-9f572ba35fb3) - Closing
[0m17:09:38.550959 [debug] [ThreadPool]: SQL status: OK in 0.800 seconds
[0m17:09:38.554367 [debug] [ThreadPool]: Databricks adapter: Cursor(session-id=01f18aa7-1d42-1315-b39a-1ae08d68fe0c, command-id=01f18aa7-1d4e-1ef2-8dc2-ab718d8d97e4) - Closing
[0m17:09:38.556861 [debug] [ThreadPool]: On list_globalmart_bronze: Close
[0m17:09:38.557817 [debug] [ThreadPool]: Databricks adapter: Connection(session-id=01f18aa7-1d42-1315-b39a-1ae08d68fe0c) - Closing
[0m17:09:38.629537 [debug] [MainThread]: Sending event: {'category': 'dbt', 'action': 'runnable_timing', 'label': 'ee8d02c9-7c34-4b38-9a75-240a8996df36', 'context': [<snowplow_tracker.self_describing_json.SelfDescribingJson object at 0xffe20eff8410>]}
[0m17:09:38.633469 [debug] [Thread-2 (]: Began running node model.globalmart_dbt.stg_customers
[0m17:09:38.635858 [debug] [Thread-2 (]: Databricks adapter: DatabricksDBTConnection(session-id=None, name=model.globalmart_dbt.stg_customers) - Creating connection
[0m17:09:38.634071 [debug] [Thread-3 (]: Began running node model.globalmart_dbt.stg_orders
[0m17:09:38.636768 [debug] [Thread-2 (]: Acquiring new databricks connection 'model.globalmart_dbt.stg_customers'
[0m17:09:38.638713 [debug] [Thread-3 (]: Databricks adapter: DatabricksDBTConnection(session-id=None, name=model.globalmart_dbt.stg_orders) - Creating connection
[0m17:09:38.639551 [debug] [Thread-2 (]: Began compiling node model.globalmart_dbt.stg_customers
[0m17:09:38.640399 [debug] [Thread-3 (]: Acquiring new databricks connection 'model.globalmart_dbt.stg_orders'
[0m17:09:38.649639 [debug] [Thread-2 (]: Writing injected SQL for node "model.globalmart_dbt.stg_customers"
[0m17:09:38.650973 [debug] [Thread-3 (]: Began compiling node model.globalmart_dbt.stg_orders
[0m17:09:38.656653 [debug] [Thread-3 (]: Writing injected SQL for node "model.globalmart_dbt.stg_orders"
[0m17:09:38.658778 [debug] [Thread-2 (]: Began executing node model.globalmart_dbt.stg_customers
[0m17:09:38.661130 [debug] [Thread-2 (]: Finished running node model.globalmart_dbt.stg_customers
[0m17:09:38.659614 [debug] [Thread-3 (]: Began executing node model.globalmart_dbt.stg_orders
[0m17:09:38.662566 [debug] [Thread-3 (]: Finished running node model.globalmart_dbt.stg_orders
[0m17:09:38.664099 [debug] [Thread-5 (]: Began running node model.globalmart_dbt.dim_customer_summary
[0m17:09:38.664784 [debug] [Thread-4 (]: Began running node model.globalmart_dbt.fct_monthly_orders
[0m17:09:38.665747 [debug] [Thread-2 (]: Began running node model.globalmart_dbt.fct_orders_incremental
[0m17:09:38.666358 [debug] [Thread-3 (]: Began running node snapshot.globalmart_dbt.snap_customers
[0m17:09:38.667093 [debug] [Thread-5 (]: Databricks adapter: DatabricksDBTConnection(session-id=None, name=model.globalmart_dbt.dim_customer_summary) - Creating connection
[0m17:09:38.668929 [debug] [Thread-4 (]: Databricks adapter: DatabricksDBTConnection(session-id=None, name=model.globalmart_dbt.fct_monthly_orders) - Creating connection
[0m17:09:38.669881 [debug] [Thread-2 (]: Databricks adapter: DatabricksDBTConnection(session-id=None, name=model.globalmart_dbt.fct_orders_incremental) - Creating connection
[0m17:09:38.671140 [debug] [Thread-3 (]: Databricks adapter: DatabricksDBTConnection(session-id=None, name=snapshot.globalmart_dbt.snap_customers) - Creating connection
[0m17:09:38.672013 [debug] [Thread-5 (]: Acquiring new databricks connection 'model.globalmart_dbt.dim_customer_summary'
[0m17:09:38.672943 [debug] [Thread-4 (]: Acquiring new databricks connection 'model.globalmart_dbt.fct_monthly_orders'
[0m17:09:38.677342 [debug] [Thread-4 (]: Began compiling node model.globalmart_dbt.fct_monthly_orders
[0m17:09:38.674881 [debug] [Thread-3 (]: Acquiring new databricks connection 'snapshot.globalmart_dbt.snap_customers'
[0m17:09:38.675750 [debug] [Thread-5 (]: Began compiling node model.globalmart_dbt.dim_customer_summary
[0m17:09:38.674002 [debug] [Thread-2 (]: Acquiring new databricks connection 'model.globalmart_dbt.fct_orders_incremental'
[0m17:09:38.682512 [debug] [Thread-4 (]: Writing injected SQL for node "model.globalmart_dbt.fct_monthly_orders"
[0m17:09:38.684082 [debug] [Thread-3 (]: Began compiling node snapshot.globalmart_dbt.snap_customers
[0m17:09:38.689067 [debug] [Thread-5 (]: Writing injected SQL for node "model.globalmart_dbt.dim_customer_summary"
[0m17:09:38.690044 [debug] [Thread-2 (]: Began compiling node model.globalmart_dbt.fct_orders_incremental
[0m17:09:38.691983 [debug] [Thread-4 (]: Began executing node model.globalmart_dbt.fct_monthly_orders
[0m17:09:38.710888 [debug] [Thread-4 (]: Finished running node model.globalmart_dbt.fct_monthly_orders
[0m17:09:38.721796 [debug] [Thread-4 (]: Began running node test.globalmart_dbt.not_null_stg_orders_order_id.81cfe2fe64
[0m17:09:38.699379 [debug] [Thread-3 (]: Began executing node snapshot.globalmart_dbt.snap_customers
[0m17:09:38.711741 [debug] [Thread-5 (]: Began executing node model.globalmart_dbt.dim_customer_summary
[0m17:09:38.733936 [debug] [Thread-5 (]: Finished running node model.globalmart_dbt.dim_customer_summary
[0m17:09:38.734815 [debug] [Thread-5 (]: Began running node test.globalmart_dbt.unique_stg_orders_order_id.e3b841c71a
[0m17:09:38.735896 [debug] [Thread-5 (]: Databricks adapter: DatabricksDBTConnection(session-id=None, name=test.globalmart_dbt.unique_stg_orders_order_id.e3b841c71a) - Creating connection
[0m17:09:38.736754 [debug] [Thread-5 (]: Acquiring new databricks connection 'test.globalmart_dbt.unique_stg_orders_order_id.e3b841c71a'
[0m17:09:38.737584 [debug] [Thread-5 (]: Began compiling node test.globalmart_dbt.unique_stg_orders_order_id.e3b841c71a
[0m17:09:38.732788 [debug] [Thread-3 (]: Finished running node snapshot.globalmart_dbt.snap_customers
[0m17:09:38.753606 [debug] [Thread-3 (]: Began running node test.globalmart_dbt.assert_positive_total_orders
[0m17:09:38.731191 [debug] [Thread-4 (]: Databricks adapter: DatabricksDBTConnection(session-id=None, name=test.globalmart_dbt.not_null_stg_orders_order_id.81cfe2fe64) - Creating connection
[0m17:09:38.755587 [debug] [Thread-4 (]: Acquiring new databricks connection 'test.globalmart_dbt.not_null_stg_orders_order_id.81cfe2fe64'
[0m17:09:38.709418 [debug] [Thread-2 (]: Writing injected SQL for node "model.globalmart_dbt.fct_orders_incremental"
[0m17:09:38.754718 [debug] [Thread-3 (]: Databricks adapter: DatabricksDBTConnection(session-id=None, name=test.globalmart_dbt.assert_positive_total_orders) - Creating connection
[0m17:09:38.758046 [debug] [Thread-3 (]: Acquiring new databricks connection 'test.globalmart_dbt.assert_positive_total_orders'
[0m17:09:38.758928 [debug] [Thread-3 (]: Began compiling node test.globalmart_dbt.assert_positive_total_orders
[0m17:09:38.764040 [debug] [Thread-3 (]: Writing injected SQL for node "test.globalmart_dbt.assert_positive_total_orders"
[0m17:09:38.756488 [debug] [Thread-4 (]: Began compiling node test.globalmart_dbt.not_null_stg_orders_order_id.81cfe2fe64
[0m17:09:38.759669 [debug] [Thread-2 (]: Began executing node model.globalmart_dbt.fct_orders_incremental
[0m17:09:38.752537 [debug] [Thread-5 (]: Writing injected SQL for node "test.globalmart_dbt.unique_stg_orders_order_id.e3b841c71a"
[0m17:09:38.777034 [debug] [Thread-4 (]: Writing injected SQL for node "test.globalmart_dbt.not_null_stg_orders_order_id.81cfe2fe64"
[0m17:09:38.778968 [debug] [Thread-2 (]: Finished running node model.globalmart_dbt.fct_orders_incremental
[0m17:09:38.782247 [debug] [Thread-2 (]: Began running node test.globalmart_dbt.not_null_fct_orders_incremental_customer_id.10434cc363
[0m17:09:38.783277 [debug] [Thread-2 (]: Databricks adapter: DatabricksDBTConnection(session-id=None, name=test.globalmart_dbt.not_null_fct_orders_incremental_customer_id.10434cc363) - Creating connection
[0m17:09:38.784092 [debug] [Thread-2 (]: Acquiring new databricks connection 'test.globalmart_dbt.not_null_fct_orders_incremental_customer_id.10434cc363'
[0m17:09:38.784969 [debug] [Thread-2 (]: Began compiling node test.globalmart_dbt.not_null_fct_orders_incremental_customer_id.10434cc363
[0m17:09:38.790200 [debug] [Thread-2 (]: Writing injected SQL for node "test.globalmart_dbt.not_null_fct_orders_incremental_customer_id.10434cc363"
[0m17:09:38.814173 [debug] [Thread-3 (]: Began executing node test.globalmart_dbt.assert_positive_total_orders
[0m17:09:38.815758 [debug] [Thread-3 (]: Finished running node test.globalmart_dbt.assert_positive_total_orders
[0m17:09:38.822935 [debug] [Thread-3 (]: Began running node test.globalmart_dbt.not_null_fct_orders_incremental_order_id.79bde623c0
[0m17:09:38.824078 [debug] [Thread-3 (]: Databricks adapter: DatabricksDBTConnection(session-id=None, name=test.globalmart_dbt.not_null_fct_orders_incremental_order_id.79bde623c0) - Creating connection
[0m17:09:38.825040 [debug] [Thread-3 (]: Acquiring new databricks connection 'test.globalmart_dbt.not_null_fct_orders_incremental_order_id.79bde623c0'
[0m17:09:38.825912 [debug] [Thread-3 (]: Began compiling node test.globalmart_dbt.not_null_fct_orders_incremental_order_id.79bde623c0
[0m17:09:38.831308 [debug] [Thread-3 (]: Writing injected SQL for node "test.globalmart_dbt.not_null_fct_orders_incremental_order_id.79bde623c0"
[0m17:09:38.844461 [debug] [Thread-5 (]: Began executing node test.globalmart_dbt.unique_stg_orders_order_id.e3b841c71a
[0m17:09:38.849169 [debug] [Thread-5 (]: Finished running node test.globalmart_dbt.unique_stg_orders_order_id.e3b841c71a
[0m17:09:38.877027 [debug] [Thread-5 (]: Began running node test.globalmart_dbt.unique_fct_orders_incremental_order_id.dadaa56a56
[0m17:09:38.908787 [debug] [Thread-5 (]: Databricks adapter: DatabricksDBTConnection(session-id=None, name=test.globalmart_dbt.unique_fct_orders_incremental_order_id.dadaa56a56) - Creating connection
[0m17:09:38.910884 [debug] [Thread-5 (]: Acquiring new databricks connection 'test.globalmart_dbt.unique_fct_orders_incremental_order_id.dadaa56a56'
[0m17:09:38.912336 [debug] [Thread-2 (]: Began executing node test.globalmart_dbt.not_null_fct_orders_incremental_customer_id.10434cc363
[0m17:09:38.914477 [debug] [Thread-5 (]: Began compiling node test.globalmart_dbt.unique_fct_orders_incremental_order_id.dadaa56a56
[0m17:09:38.918534 [debug] [Thread-2 (]: Finished running node test.globalmart_dbt.not_null_fct_orders_incremental_customer_id.10434cc363
[0m17:09:38.924957 [debug] [Thread-5 (]: Writing injected SQL for node "test.globalmart_dbt.unique_fct_orders_incremental_order_id.dadaa56a56"
[0m17:09:38.942420 [debug] [Thread-4 (]: Began executing node test.globalmart_dbt.not_null_stg_orders_order_id.81cfe2fe64
[0m17:09:38.943899 [debug] [Thread-4 (]: Finished running node test.globalmart_dbt.not_null_stg_orders_order_id.81cfe2fe64
[0m17:09:38.959635 [debug] [Thread-3 (]: Began executing node test.globalmart_dbt.not_null_fct_orders_incremental_order_id.79bde623c0
[0m17:09:38.977748 [debug] [Thread-3 (]: Finished running node test.globalmart_dbt.not_null_fct_orders_incremental_order_id.79bde623c0
[0m17:09:38.996160 [debug] [Thread-5 (]: Began executing node test.globalmart_dbt.unique_fct_orders_incremental_order_id.dadaa56a56
[0m17:09:38.998331 [debug] [Thread-5 (]: Finished running node test.globalmart_dbt.unique_fct_orders_incremental_order_id.dadaa56a56
[0m17:09:39.003249 [debug] [MainThread]: Command end result
[0m17:09:39.180786 [debug] [MainThread]: Wrote artifact WritableManifest to /Workspace/Users/iamnovaryn@gmail.com/DataBricks_Project/globalmart_dbt/target/manifest.json
[0m17:09:39.189363 [debug] [MainThread]: Wrote artifact SemanticManifest to /Workspace/Users/iamnovaryn@gmail.com/DataBricks_Project/globalmart_dbt/target/semantic_manifest.json
[0m17:09:39.199086 [debug] [MainThread]: Wrote artifact RunExecutionResult to /Workspace/Users/iamnovaryn@gmail.com/DataBricks_Project/globalmart_dbt/target/run_results.json
[0m17:09:39.237566 [debug] [MainThread]: Databricks adapter: DatabricksDBTConnection(session-id=None, name=generate_catalog) - Creating connection
[0m17:09:39.249550 [debug] [MainThread]: Acquiring new databricks connection 'generate_catalog'
[0m17:09:39.250463 [info ] [MainThread]: Building catalog
[0m17:09:39.254591 [debug] [ThreadPool]: Databricks adapter: DatabricksDBTConnection(session-id=None, name=('globalmart', 'bronze_dev')) - Creating connection
[0m17:09:39.256071 [debug] [ThreadPool]: Databricks adapter: DatabricksDBTConnection(session-id=None, name=('globalmart', 'bronze')) - Creating connection
[0m17:09:39.258464 [debug] [ThreadPool]: Acquiring new databricks connection '('globalmart', 'bronze')'
[0m17:09:39.256952 [debug] [ThreadPool]: Acquiring new databricks connection '('globalmart', 'bronze_dev')'
[0m17:09:39.264130 [debug] [ThreadPool]: Using databricks connection "('globalmart', 'bronze')"
[0m17:09:39.267203 [debug] [ThreadPool]: Using databricks connection "('globalmart', 'bronze_dev')"
[0m17:09:39.268754 [debug] [ThreadPool]: On ('globalmart', 'bronze_dev'): /* {"app": "dbt", "dbt_version": "1.11.12", "dbt_databricks_version": "1.12.2", "databricks_sql_connector_version": "4.3.0", "profile_name": "globalmart_dbt", "target_name": "dev", "invocation_id": "ee8d02c9-7c34-4b38-9a75-240a8996df36", "connection_name": "('globalmart', 'bronze_dev')"} */

    
SELECT current_catalog()

  
[0m17:09:39.269474 [debug] [ThreadPool]: Opening a new connection, currently in state init
[0m17:09:39.267997 [debug] [ThreadPool]: On ('globalmart', 'bronze'): /* {"app": "dbt", "dbt_version": "1.11.12", "dbt_databricks_version": "1.12.2", "databricks_sql_connector_version": "4.3.0", "profile_name": "globalmart_dbt", "target_name": "dev", "invocation_id": "ee8d02c9-7c34-4b38-9a75-240a8996df36", "connection_name": "('globalmart', 'bronze')"} */

    
SELECT current_catalog()

  
[0m17:09:39.298869 [debug] [ThreadPool]: Opening a new connection, currently in state init
[0m17:09:39.476222 [debug] [ThreadPool]: Databricks adapter: Connection(session-id=01f18aa7-1e1b-1721-b74f-010c9021f92b) - Created
[0m17:09:39.476864 [debug] [ThreadPool]: Databricks adapter: Connection(session-id=01f18aa7-1e17-1db1-8374-f92895d143e9) - Created
[0m17:09:39.698857 [debug] [ThreadPool]: SQL status: OK in 0.400 seconds
[0m17:09:39.701907 [debug] [ThreadPool]: Databricks adapter: Cursor(session-id=01f18aa7-1e1b-1721-b74f-010c9021f92b, command-id=01f18aa7-1e21-1dcb-9fc2-e10dd51caa17) - Closing
[0m17:09:39.708970 [debug] [ThreadPool]: Using databricks connection "('globalmart', 'bronze')"
[0m17:09:39.711171 [debug] [ThreadPool]: On ('globalmart', 'bronze'): /* {"app": "dbt", "dbt_version": "1.11.12", "dbt_databricks_version": "1.12.2", "databricks_sql_connector_version": "4.3.0", "profile_name": "globalmart_dbt", "target_name": "dev", "invocation_id": "ee8d02c9-7c34-4b38-9a75-240a8996df36", "connection_name": "('globalmart', 'bronze')"} */

    
SHOW TABLE EXTENDED IN `globalmart`.`bronze` LIKE 'bronze_orders|snap_customers|orders_partitioned'

  
[0m17:09:39.711907 [debug] [ThreadPool]: SQL status: OK in 0.440 seconds
[0m17:09:39.714333 [debug] [ThreadPool]: Databricks adapter: Cursor(session-id=01f18aa7-1e17-1db1-8374-f92895d143e9, command-id=01f18aa7-1e21-1fbc-ac88-c231160d0d90) - Closing
[0m17:09:39.717033 [debug] [ThreadPool]: Using databricks connection "('globalmart', 'bronze_dev')"
[0m17:09:39.717713 [debug] [ThreadPool]: On ('globalmart', 'bronze_dev'): /* {"app": "dbt", "dbt_version": "1.11.12", "dbt_databricks_version": "1.12.2", "databricks_sql_connector_version": "4.3.0", "profile_name": "globalmart_dbt", "target_name": "dev", "invocation_id": "ee8d02c9-7c34-4b38-9a75-240a8996df36", "connection_name": "('globalmart', 'bronze_dev')"} */

    
SHOW TABLE EXTENDED IN `globalmart`.`bronze_dev` LIKE 'stg_orders|fct_monthly_orders|fct_orders_incremental|dim_customer_summary|stg_customers'

  
[0m17:09:40.961647 [debug] [ThreadPool]: SQL status: OK in 1.240 seconds
[0m17:09:40.965242 [debug] [ThreadPool]: Databricks adapter: Cursor(session-id=01f18aa7-1e17-1db1-8374-f92895d143e9, command-id=01f18aa7-1e46-1ca8-abca-c3d25b9fe6ee) - Closing
[0m17:09:40.971627 [debug] [ThreadPool]: On ('globalmart', 'bronze_dev'): Close
[0m17:09:40.973164 [debug] [ThreadPool]: Databricks adapter: Connection(session-id=01f18aa7-1e17-1db1-8374-f92895d143e9) - Closing
[0m17:09:41.244705 [debug] [ThreadPool]: SQL status: OK in 1.530 seconds
[0m17:09:41.247437 [debug] [ThreadPool]: Databricks adapter: Cursor(session-id=01f18aa7-1e1b-1721-b74f-010c9021f92b, command-id=01f18aa7-1e45-1b81-826f-b2633318a46a) - Closing
[0m17:09:41.251266 [debug] [ThreadPool]: On ('globalmart', 'bronze'): Close
[0m17:09:41.252189 [debug] [ThreadPool]: Databricks adapter: Connection(session-id=01f18aa7-1e1b-1721-b74f-010c9021f92b) - Closing
[0m17:09:41.361661 [debug] [MainThread]: Wrote artifact CatalogArtifact to /Workspace/Users/iamnovaryn@gmail.com/DataBricks_Project/globalmart_dbt/target/catalog.json
[0m17:09:41.426505 [debug] [MainThread]: Wrote artifact WritableManifest to /Workspace/Users/iamnovaryn@gmail.com/DataBricks_Project/globalmart_dbt/target/manifest.json
[0m17:09:41.430084 [debug] [MainThread]: Wrote artifact SemanticManifest to /Workspace/Users/iamnovaryn@gmail.com/DataBricks_Project/globalmart_dbt/target/semantic_manifest.json
[0m17:09:41.430809 [info ] [MainThread]: Catalog written to /Workspace/Users/iamnovaryn@gmail.com/DataBricks_Project/globalmart_dbt/target/catalog.json
[0m17:09:41.433011 [debug] [MainThread]: Resource report: {"command_name": "generate", "command_success": true, "command_wall_clock_time": 5.985522, "process_in_blocks": "0", "process_kernel_time": 0.364195, "process_mem_max_rss": "269360", "process_out_blocks": "0", "process_user_time": 4.552439}
[0m17:09:41.433954 [debug] [MainThread]: Command `dbt docs generate` succeeded at 17:09:41.433834 after 5.99 seconds
[0m17:09:41.434745 [debug] [MainThread]: Sending event: {'category': 'dbt', 'action': 'invocation', 'label': 'end', 'context': [<snowplow_tracker.self_describing_json.SelfDescribingJson object at 0xffe22315cb30>, <snowplow_tracker.self_describing_json.SelfDescribingJson object at 0xffe22418ac60>, <snowplow_tracker.self_describing_json.SelfDescribingJson object at 0xffe20ef69f40>]}
[0m17:09:41.435463 [debug] [MainThread]: Flushing usage events
[0m17:09:41.499439 [debug] [MainThread]: An error was encountered while trying to flush usage events
[0m17:10:36.030794 [debug] [MainThread]: Sending event: {'category': 'dbt', 'action': 'invocation', 'label': 'start', 'context': [<snowplow_tracker.self_describing_json.SelfDescribingJson object at 0xff34cd2344a0>, <snowplow_tracker.self_describing_json.SelfDescribingJson object at 0xff34ca6699d0>, <snowplow_tracker.self_describing_json.SelfDescribingJson object at 0xff34cbb94920>]}


============================== 17:10:36.034422 | 0985e645-e531-4100-b269-a434bc6907c3 ==============================
[0m17:10:36.034422 [info ] [MainThread]: Running with dbt=1.11.12
[0m17:10:36.035274 [debug] [MainThread]: running dbt with arguments {'indirect_selection': 'eager', 'log_cache_events': 'False', 'write_json': 'True', 'log_path': '/Workspace/Users/iamnovaryn@gmail.com/DataBricks_Project/globalmart_dbt/logs', 'use_experimental_parser': 'False', 'send_anonymous_usage_stats': 'True', 'fail_fast': 'False', 'warn_error': 'None', 'introspect': 'True', 'version_check': 'True', 'use_colors': 'True', 'target_path': 'None', 'log_format': 'default', 'profiles_dir': '/home/spark-34194391-b5d8-4658-bd2e-7a/.dbt', 'debug': 'False', 'printer_width': '80', 'warn_error_options': 'WarnErrorOptionsV2(error=[], warn=[], silence=[])', 'empty': 'False', 'partial_parse': 'True', 'invocation_command': 'dbt run --full-refresh', 'static_parser': 'True', 'quiet': 'False', 'no_print': 'None', 'cache_selected_only': 'False'}
[0m17:10:36.943533 [debug] [MainThread]: Spark adapter: Setting pyhive.hive logging to ERROR
[0m17:10:36.944659 [debug] [MainThread]: Spark adapter: Setting thrift.transport logging to ERROR
[0m17:10:36.945452 [debug] [MainThread]: Spark adapter: Setting thrift.protocol logging to ERROR
[0m17:10:37.642755 [debug] [MainThread]: Sending event: {'category': 'dbt', 'action': 'project_id', 'label': '0985e645-e531-4100-b269-a434bc6907c3', 'context': [<snowplow_tracker.self_describing_json.SelfDescribingJson object at 0xff34b6a2e360>]}
[0m17:10:37.741458 [debug] [MainThread]: Sending event: {'category': 'dbt', 'action': 'adapter_info', 'label': '0985e645-e531-4100-b269-a434bc6907c3', 'context': [<snowplow_tracker.self_describing_json.SelfDescribingJson object at 0xff34c8214410>]}
[0m17:10:37.742869 [info ] [MainThread]: Registered adapter: databricks=1.12.2
[0m17:10:37.864005 [debug] [MainThread]: checksum: f368f5348cf42803b94ef7fb8257ecf3bf9a9a16dd9c8c51fe5172f2dbeb457f, vars: {}, profile: , target: , version: 1.11.12
[0m17:10:38.203339 [debug] [MainThread]: Partial parsing enabled: 0 files deleted, 0 files added, 0 files changed.
[0m17:10:38.204212 [debug] [MainThread]: Nothing changed, skipping partial parsing.
[0m17:10:38.204911 [debug] [MainThread]: Partial parsing enabled, no changes found, skipping parsing
[0m17:10:38.266507 [debug] [MainThread]: Sending event: {'category': 'dbt', 'action': 'load_project', 'label': '0985e645-e531-4100-b269-a434bc6907c3', 'context': [<snowplow_tracker.self_describing_json.SelfDescribingJson object at 0xff34b6aadc40>]}
[0m17:10:38.419525 [debug] [MainThread]: Wrote artifact WritableManifest to /Workspace/Users/iamnovaryn@gmail.com/DataBricks_Project/globalmart_dbt/target/manifest.json
[0m17:10:38.440175 [debug] [MainThread]: Wrote artifact SemanticManifest to /Workspace/Users/iamnovaryn@gmail.com/DataBricks_Project/globalmart_dbt/target/semantic_manifest.json
[0m17:10:38.484791 [debug] [MainThread]: Sending event: {'category': 'dbt', 'action': 'resource_counts', 'label': '0985e645-e531-4100-b269-a434bc6907c3', 'context': [<snowplow_tracker.self_describing_json.SelfDescribingJson object at 0xff34b67a3830>]}
[0m17:10:38.485673 [info ] [MainThread]: Found 5 models, 1 snapshot, 6 data tests, 2 sources, 770 macros
[0m17:10:38.486432 [debug] [MainThread]: Sending event: {'category': 'dbt', 'action': 'runnable_timing', 'label': '0985e645-e531-4100-b269-a434bc6907c3', 'context': [<snowplow_tracker.self_describing_json.SelfDescribingJson object at 0xff34b6aae270>]}
[0m17:10:38.489560 [info ] [MainThread]: 
[0m17:10:38.490663 [info ] [MainThread]: Concurrency: 4 threads (target='dev')
[0m17:10:38.491465 [info ] [MainThread]: 
[0m17:10:38.493093 [debug] [MainThread]: Databricks adapter: DatabricksDBTConnection(session-id=None, name=master) - Creating connection
[0m17:10:38.493821 [debug] [MainThread]: Acquiring new databricks connection 'master'
[0m17:10:38.500629 [debug] [ThreadPool]: Databricks adapter: DatabricksDBTConnection(session-id=None, name=list_globalmart) - Creating connection
[0m17:10:38.502549 [debug] [ThreadPool]: Acquiring new databricks connection 'list_globalmart'
[0m17:10:38.516455 [debug] [ThreadPool]: Using databricks connection "list_globalmart"
[0m17:10:38.517283 [debug] [ThreadPool]: On list_globalmart: /* {"app": "dbt", "dbt_version": "1.11.12", "dbt_databricks_version": "1.12.2", "databricks_sql_connector_version": "4.3.0", "profile_name": "globalmart_dbt", "target_name": "dev", "invocation_id": "0985e645-e531-4100-b269-a434bc6907c3", "connection_name": "list_globalmart"} */

    

  SHOW SCHEMAS IN `globalmart`


  
[0m17:10:38.517948 [debug] [ThreadPool]: Opening a new connection, currently in state init
[0m17:10:38.828045 [debug] [ThreadPool]: Databricks adapter: Connection(session-id=01f18aa7-4173-18a4-9940-6bbaa91f36bd) - Created
[0m17:10:39.198941 [debug] [ThreadPool]: SQL status: OK in 0.680 seconds
[0m17:10:39.203415 [debug] [ThreadPool]: Databricks adapter: Cursor(session-id=01f18aa7-4173-18a4-9940-6bbaa91f36bd, command-id=01f18aa7-4190-1ab4-9a69-aa0781475705) - Closing
[0m17:10:39.204497 [debug] [ThreadPool]: On list_globalmart: Close
[0m17:10:39.205382 [debug] [ThreadPool]: Databricks adapter: Connection(session-id=01f18aa7-4173-18a4-9940-6bbaa91f36bd) - Closing
[0m17:10:39.275081 [debug] [ThreadPool]: Databricks adapter: DatabricksDBTConnection(session-id=None, name=list_globalmart_bronze_dev) - Creating connection
[0m17:10:39.276560 [debug] [ThreadPool]: Databricks adapter: DatabricksDBTConnection(session-id=None, name=list_globalmart_bronze) - Creating connection
[0m17:10:39.277326 [debug] [ThreadPool]: Acquiring new databricks connection 'list_globalmart_bronze_dev'
[0m17:10:39.278958 [debug] [ThreadPool]: Acquiring new databricks connection 'list_globalmart_bronze'
[0m17:10:39.284956 [debug] [ThreadPool]: Using databricks connection "list_globalmart_bronze_dev"
[0m17:10:39.287332 [debug] [ThreadPool]: Using databricks connection "list_globalmart_bronze"
[0m17:10:39.288319 [debug] [ThreadPool]: On list_globalmart_bronze_dev: /* {"app": "dbt", "dbt_version": "1.11.12", "dbt_databricks_version": "1.12.2", "databricks_sql_connector_version": "4.3.0", "profile_name": "globalmart_dbt", "target_name": "dev", "invocation_id": "0985e645-e531-4100-b269-a434bc6907c3", "connection_name": "list_globalmart_bronze_dev"} */

    
SELECT
  table_name,
  if(table_type IN ('EXTERNAL', 'MANAGED', 'MANAGED_SHALLOW_CLONE', 'EXTERNAL_SHALLOW_CLONE'), 'table', lower(table_type)) AS table_type,
  lower(data_source_format) AS file_format,
  table_owner,
  if(
    table_type IN (
      'EXTERNAL',
      'MANAGED',
      'MANAGED_SHALLOW_CLONE',
      'EXTERNAL_SHALLOW_CLONE'
    ),
    lower(table_type),
    NULL
  ) AS databricks_table_type
FROM `system`.`information_schema`.`tables`
WHERE table_catalog = 'globalmart'
  AND table_schema = 'bronze_dev'

  
[0m17:10:39.289278 [debug] [ThreadPool]: On list_globalmart_bronze: /* {"app": "dbt", "dbt_version": "1.11.12", "dbt_databricks_version": "1.12.2", "databricks_sql_connector_version": "4.3.0", "profile_name": "globalmart_dbt", "target_name": "dev", "invocation_id": "0985e645-e531-4100-b269-a434bc6907c3", "connection_name": "list_globalmart_bronze"} */

    
SELECT
  table_name,
  if(table_type IN ('EXTERNAL', 'MANAGED', 'MANAGED_SHALLOW_CLONE', 'EXTERNAL_SHALLOW_CLONE'), 'table', lower(table_type)) AS table_type,
  lower(data_source_format) AS file_format,
  table_owner,
  if(
    table_type IN (
      'EXTERNAL',
      'MANAGED',
      'MANAGED_SHALLOW_CLONE',
      'EXTERNAL_SHALLOW_CLONE'
    ),
    lower(table_type),
    NULL
  ) AS databricks_table_type
FROM `system`.`information_schema`.`tables`
WHERE table_catalog = 'globalmart'
  AND table_schema = 'bronze'

  
[0m17:10:39.290121 [debug] [ThreadPool]: Opening a new connection, currently in state init
[0m17:10:39.290874 [debug] [ThreadPool]: Opening a new connection, currently in state init
[0m17:10:39.521405 [debug] [ThreadPool]: Databricks adapter: Connection(session-id=01f18aa7-41e1-1560-92ea-72c740b0c7f8) - Created
[0m17:10:39.522656 [debug] [ThreadPool]: Databricks adapter: Connection(session-id=01f18aa7-41e1-1950-a4c0-fc32564510d5) - Created
[0m17:10:39.975962 [debug] [ThreadPool]: SQL status: OK in 0.690 seconds
[0m17:10:39.979179 [debug] [ThreadPool]: Databricks adapter: Cursor(session-id=01f18aa7-41e1-1560-92ea-72c740b0c7f8, command-id=01f18aa7-41ec-1e62-90af-0ff33c84c592) - Closing
[0m17:10:39.980308 [debug] [ThreadPool]: On list_globalmart_bronze_dev: Close
[0m17:10:39.981079 [debug] [ThreadPool]: Databricks adapter: Connection(session-id=01f18aa7-41e1-1560-92ea-72c740b0c7f8) - Closing
[0m17:10:39.988268 [debug] [ThreadPool]: SQL status: OK in 0.700 seconds
[0m17:10:39.990769 [debug] [ThreadPool]: Databricks adapter: Cursor(session-id=01f18aa7-41e1-1950-a4c0-fc32564510d5, command-id=01f18aa7-41ec-163d-8a5a-ca216d491524) - Closing
[0m17:10:40.039072 [debug] [ThreadPool]: On list_globalmart_bronze: Close
[0m17:10:40.040498 [debug] [ThreadPool]: Databricks adapter: Connection(session-id=01f18aa7-41e1-1950-a4c0-fc32564510d5) - Closing
[0m17:10:40.102678 [debug] [MainThread]: Sending event: {'category': 'dbt', 'action': 'runnable_timing', 'label': '0985e645-e531-4100-b269-a434bc6907c3', 'context': [<snowplow_tracker.self_describing_json.SelfDescribingJson object at 0xff34b6aee540>]}
[0m17:10:40.106047 [debug] [Thread-3 (]: Began running node model.globalmart_dbt.stg_customers
[0m17:10:40.106669 [debug] [Thread-4 (]: Began running node model.globalmart_dbt.stg_orders
[0m17:10:40.107992 [info ] [Thread-3 (]: 1 of 5 START sql view model bronze_dev.stg_customers ........................... [RUN]
[0m17:10:40.109829 [info ] [Thread-4 (]: 2 of 5 START sql view model bronze_dev.stg_orders .............................. [RUN]
[0m17:10:40.110755 [debug] [Thread-3 (]: Databricks adapter: DatabricksDBTConnection(session-id=None, name=model.globalmart_dbt.stg_customers) - Creating connection
[0m17:10:40.111743 [debug] [Thread-4 (]: Databricks adapter: DatabricksDBTConnection(session-id=None, name=model.globalmart_dbt.stg_orders) - Creating connection
[0m17:10:40.112553 [debug] [Thread-3 (]: Acquiring new databricks connection 'model.globalmart_dbt.stg_customers'
[0m17:10:40.113320 [debug] [Thread-4 (]: Acquiring new databricks connection 'model.globalmart_dbt.stg_orders'
[0m17:10:40.114040 [debug] [Thread-3 (]: Began compiling node model.globalmart_dbt.stg_customers
[0m17:10:40.114704 [debug] [Thread-4 (]: Began compiling node model.globalmart_dbt.stg_orders
[0m17:10:40.122004 [debug] [Thread-3 (]: Writing injected SQL for node "model.globalmart_dbt.stg_customers"
[0m17:10:40.126388 [debug] [Thread-4 (]: Writing injected SQL for node "model.globalmart_dbt.stg_orders"
[0m17:10:40.189811 [debug] [Thread-3 (]: Began executing node model.globalmart_dbt.stg_customers
[0m17:10:40.204865 [debug] [Thread-3 (]: MATERIALIZING VIEW
[0m17:10:40.216509 [debug] [Thread-4 (]: Began executing node model.globalmart_dbt.stg_orders
[0m17:10:40.225149 [debug] [Thread-3 (]: Creating view `globalmart`.`bronze_dev`.`stg_customers`
[0m17:10:40.243371 [debug] [Thread-4 (]: MATERIALIZING VIEW
[0m17:10:40.245849 [debug] [Thread-3 (]: Writing runtime sql for node "model.globalmart_dbt.stg_customers"
[0m17:10:40.247184 [debug] [Thread-4 (]: Creating view `globalmart`.`bronze_dev`.`stg_orders`
[0m17:10:40.248708 [debug] [Thread-4 (]: Writing runtime sql for node "model.globalmart_dbt.stg_orders"
[0m17:10:40.310615 [debug] [Thread-3 (]: Using databricks connection "model.globalmart_dbt.stg_customers"
[0m17:10:40.311624 [debug] [Thread-3 (]: On model.globalmart_dbt.stg_customers: /* {"app": "dbt", "dbt_version": "1.11.12", "dbt_databricks_version": "1.12.2", "databricks_sql_connector_version": "4.3.0", "profile_name": "globalmart_dbt", "target_name": "dev", "invocation_id": "0985e645-e531-4100-b269-a434bc6907c3", "node_id": "model.globalmart_dbt.stg_customers"} */

  
  
  
  create or replace view `globalmart`.`bronze_dev`.`stg_customers`
  
  as (
    with raw_customers as (
    select * from `globalmart`.`bronze`.`bronze_orders`
)
select distinct
    customer_id,
    order_priority,
    fulfillment_channel
from raw_customers
where customer_id is not null
  )

[0m17:10:40.312588 [debug] [Thread-3 (]: Opening a new connection, currently in state init
[0m17:10:40.325462 [debug] [Thread-4 (]: Using databricks connection "model.globalmart_dbt.stg_orders"
[0m17:10:40.326491 [debug] [Thread-4 (]: On model.globalmart_dbt.stg_orders: /* {"app": "dbt", "dbt_version": "1.11.12", "dbt_databricks_version": "1.12.2", "databricks_sql_connector_version": "4.3.0", "profile_name": "globalmart_dbt", "target_name": "dev", "invocation_id": "0985e645-e531-4100-b269-a434bc6907c3", "node_id": "model.globalmart_dbt.stg_orders"} */

  
  
  
  create or replace view `globalmart`.`bronze_dev`.`stg_orders`
  
  as (
    with raw_orders as (
    select * from `globalmart`.`bronze`.`bronze_orders`
)
select
    order_id,
    customer_id,
    order_status,
    
    from_utc_timestamp(order_purchase_timestamp, 'Asia/Kolkata')
 as order_purchase_timestamp_ist,
    _ingested_at
from raw_orders
where order_id is not null
  )

[0m17:10:40.327310 [debug] [Thread-4 (]: Opening a new connection, currently in state init
[0m17:10:40.502280 [debug] [Thread-3 (]: Databricks adapter: Connection(session-id=01f18aa7-4277-1ba3-95f7-2b65e130e778) - Created
[0m17:10:40.502970 [debug] [Thread-4 (]: Databricks adapter: Connection(session-id=01f18aa7-427a-1ca1-baf0-bd26a4305516) - Created
[0m17:10:42.177444 [debug] [Thread-4 (]: SQL status: OK in 1.850 seconds
[0m17:10:42.179319 [debug] [Thread-4 (]: Databricks adapter: Cursor(session-id=01f18aa7-427a-1ca1-baf0-bd26a4305516, command-id=01f18aa7-4282-15f3-993c-3e8019d1b560) - Closing
[0m17:10:42.190778 [debug] [Thread-4 (]: Applying tags to relation None
[0m17:10:42.193427 [debug] [Thread-4 (]: On model.globalmart_dbt.stg_orders: Close
[0m17:10:42.194169 [debug] [Thread-4 (]: Databricks adapter: Connection(session-id=01f18aa7-427a-1ca1-baf0-bd26a4305516) - Closing
[0m17:10:42.255261 [debug] [Thread-3 (]: SQL status: OK in 1.940 seconds
[0m17:10:42.258398 [debug] [Thread-3 (]: Databricks adapter: Cursor(session-id=01f18aa7-4277-1ba3-95f7-2b65e130e778, command-id=01f18aa7-4281-16ef-ad65-adb19c72be5a) - Closing
[0m17:10:42.259547 [debug] [Thread-3 (]: Applying tags to relation None
[0m17:10:42.260773 [debug] [Thread-3 (]: On model.globalmart_dbt.stg_customers: Close
[0m17:10:42.265005 [debug] [Thread-3 (]: Databricks adapter: Connection(session-id=01f18aa7-4277-1ba3-95f7-2b65e130e778) - Closing
[0m17:10:42.256609 [debug] [Thread-4 (]: Sending event: {'category': 'dbt', 'action': 'run_model', 'label': '0985e645-e531-4100-b269-a434bc6907c3', 'context': [<snowplow_tracker.self_describing_json.SelfDescribingJson object at 0xff34cb7c4da0>]}
[0m17:10:42.281179 [info ] [Thread-4 (]: 2 of 5 OK created sql view model bronze_dev.stg_orders ......................... [[32mOK[0m in 2.14s]
[0m17:10:42.284959 [debug] [Thread-4 (]: Finished running node model.globalmart_dbt.stg_orders
[0m17:10:42.289967 [debug] [Thread-6 (]: Began running node model.globalmart_dbt.dim_customer_summary
[0m17:10:42.290615 [debug] [Thread-5 (]: Began running node model.globalmart_dbt.fct_monthly_orders
[0m17:10:42.299723 [info ] [Thread-5 (]: 4 of 5 START sql table model bronze_dev.fct_monthly_orders ..................... [RUN]
[0m17:10:42.292178 [info ] [Thread-6 (]: 3 of 5 START sql table model bronze_dev.dim_customer_summary ................... [RUN]
[0m17:10:42.291193 [debug] [Thread-4 (]: Began running node model.globalmart_dbt.fct_orders_incremental
[0m17:10:42.310123 [info ] [Thread-4 (]: 5 of 5 START sql incremental model bronze_dev.fct_orders_incremental ........... [RUN]
[0m17:10:42.346675 [debug] [Thread-5 (]: Databricks adapter: DatabricksDBTConnection(session-id=None, name=model.globalmart_dbt.fct_monthly_orders) - Creating connection
[0m17:10:42.347322 [debug] [Thread-6 (]: Databricks adapter: DatabricksDBTConnection(session-id=None, name=model.globalmart_dbt.dim_customer_summary) - Creating connection
[0m17:10:42.347872 [debug] [Thread-4 (]: Databricks adapter: DatabricksDBTConnection(session-id=None, name=model.globalmart_dbt.fct_orders_incremental) - Creating connection
[0m17:10:42.348773 [debug] [Thread-3 (]: Sending event: {'category': 'dbt', 'action': 'run_model', 'label': '0985e645-e531-4100-b269-a434bc6907c3', 'context': [<snowplow_tracker.self_describing_json.SelfDescribingJson object at 0xff34b61f1af0>]}
[0m17:10:42.349643 [debug] [Thread-5 (]: Acquiring new databricks connection 'model.globalmart_dbt.fct_monthly_orders'
[0m17:10:42.353310 [debug] [Thread-5 (]: Began compiling node model.globalmart_dbt.fct_monthly_orders
[0m17:10:42.351317 [debug] [Thread-4 (]: Acquiring new databricks connection 'model.globalmart_dbt.fct_orders_incremental'
[0m17:10:42.352430 [info ] [Thread-3 (]: 1 of 5 OK created sql view model bronze_dev.stg_customers ...................... [[32mOK[0m in 2.24s]
[0m17:10:42.350445 [debug] [Thread-6 (]: Acquiring new databricks connection 'model.globalmart_dbt.dim_customer_summary'
[0m17:10:42.357639 [debug] [Thread-5 (]: Writing injected SQL for node "model.globalmart_dbt.fct_monthly_orders"
[0m17:10:42.358491 [debug] [Thread-4 (]: Began compiling node model.globalmart_dbt.fct_orders_incremental
[0m17:10:42.359508 [debug] [Thread-3 (]: Finished running node model.globalmart_dbt.stg_customers
[0m17:10:42.360276 [debug] [Thread-6 (]: Began compiling node model.globalmart_dbt.dim_customer_summary
[0m17:10:42.371768 [debug] [Thread-4 (]: Writing injected SQL for node "model.globalmart_dbt.fct_orders_incremental"
[0m17:10:42.376608 [debug] [Thread-6 (]: Writing injected SQL for node "model.globalmart_dbt.dim_customer_summary"
[0m17:10:42.425337 [debug] [Thread-5 (]: Began executing node model.globalmart_dbt.fct_monthly_orders
[0m17:10:42.445828 [debug] [Thread-5 (]: MATERIALIZING TABLE
[0m17:10:42.479625 [debug] [Thread-5 (]: Using databricks connection "model.globalmart_dbt.fct_monthly_orders"
[0m17:10:42.480461 [debug] [Thread-6 (]: Began executing node model.globalmart_dbt.dim_customer_summary
[0m17:10:42.481618 [debug] [Thread-5 (]: On model.globalmart_dbt.fct_monthly_orders: /* {"app": "dbt", "dbt_version": "1.11.12", "dbt_databricks_version": "1.12.2", "databricks_sql_connector_version": "4.3.0", "profile_name": "globalmart_dbt", "target_name": "dev", "invocation_id": "0985e645-e531-4100-b269-a434bc6907c3", "node_id": "model.globalmart_dbt.fct_monthly_orders"} */
SELECT
    table_catalog,
    table_schema,
    table_name,
    filter_name,
    target_columns
  FROM `globalmart`.`information_schema`.`row_filters`
  WHERE table_catalog = 'globalmart'
    AND table_schema = 'bronze_dev'
    AND table_name = 'fct_monthly_orders'
[0m17:10:42.484904 [debug] [Thread-6 (]: MATERIALIZING TABLE
[0m17:10:42.485975 [debug] [Thread-5 (]: Opening a new connection, currently in state init
[0m17:10:42.493007 [debug] [Thread-6 (]: Using databricks connection "model.globalmart_dbt.dim_customer_summary"
[0m17:10:42.501168 [debug] [Thread-6 (]: On model.globalmart_dbt.dim_customer_summary: /* {"app": "dbt", "dbt_version": "1.11.12", "dbt_databricks_version": "1.12.2", "databricks_sql_connector_version": "4.3.0", "profile_name": "globalmart_dbt", "target_name": "dev", "invocation_id": "0985e645-e531-4100-b269-a434bc6907c3", "node_id": "model.globalmart_dbt.dim_customer_summary"} */
SELECT
    table_catalog,
    table_schema,
    table_name,
    filter_name,
    target_columns
  FROM `globalmart`.`information_schema`.`row_filters`
  WHERE table_catalog = 'globalmart'
    AND table_schema = 'bronze_dev'
    AND table_name = 'dim_customer_summary'
[0m17:10:42.502196 [debug] [Thread-6 (]: Opening a new connection, currently in state init
[0m17:10:42.495298 [debug] [Thread-4 (]: Began executing node model.globalmart_dbt.fct_orders_incremental
[0m17:10:42.603709 [debug] [Thread-4 (]: MATERIALIZING INCREMENTAL
[0m17:10:42.635276 [debug] [Thread-4 (]: Using databricks connection "model.globalmart_dbt.fct_orders_incremental"
[0m17:10:42.643096 [debug] [Thread-4 (]: On model.globalmart_dbt.fct_orders_incremental: /* {"app": "dbt", "dbt_version": "1.11.12", "dbt_databricks_version": "1.12.2", "databricks_sql_connector_version": "4.3.0", "profile_name": "globalmart_dbt", "target_name": "dev", "invocation_id": "0985e645-e531-4100-b269-a434bc6907c3", "node_id": "model.globalmart_dbt.fct_orders_incremental"} */
SELECT
    table_catalog,
    table_schema,
    table_name,
    filter_name,
    target_columns
  FROM `globalmart`.`information_schema`.`row_filters`
  WHERE table_catalog = 'globalmart'
    AND table_schema = 'bronze_dev'
    AND table_name = 'fct_orders_incremental'
[0m17:10:42.648254 [debug] [Thread-4 (]: Opening a new connection, currently in state init
[0m17:10:42.732371 [debug] [Thread-6 (]: Databricks adapter: Connection(session-id=01f18aa7-43cb-171c-8576-dea15256ee8c) - Created
[0m17:10:42.733110 [debug] [Thread-5 (]: Databricks adapter: Connection(session-id=01f18aa7-43ca-105b-885d-21df1d378f24) - Created
[0m17:10:42.783070 [debug] [Thread-4 (]: Databricks adapter: Connection(session-id=01f18aa7-43d8-1437-9e20-8dbd25c4a4e2) - Created
[0m17:10:43.206101 [debug] [Thread-5 (]: SQL status: OK in 0.720 seconds
[0m17:10:43.209728 [debug] [Thread-5 (]: Databricks adapter: Cursor(session-id=01f18aa7-43ca-105b-885d-21df1d378f24, command-id=01f18aa7-43d5-1dae-8311-abe173cea236) - Closing
[0m17:10:43.227472 [debug] [Thread-5 (]: Writing runtime sql for node "model.globalmart_dbt.fct_monthly_orders"
[0m17:10:43.234358 [debug] [Thread-4 (]: SQL status: OK in 0.590 seconds
[0m17:10:43.245711 [debug] [Thread-4 (]: Databricks adapter: Cursor(session-id=01f18aa7-43d8-1437-9e20-8dbd25c4a4e2, command-id=01f18aa7-43dd-1897-a199-6e40751409f0) - Closing
[0m17:10:43.247186 [debug] [Thread-4 (]: Writing runtime sql for node "model.globalmart_dbt.fct_orders_incremental"
[0m17:10:43.256566 [debug] [Thread-5 (]: Using databricks connection "model.globalmart_dbt.fct_monthly_orders"
[0m17:10:43.257344 [debug] [Thread-5 (]: On model.globalmart_dbt.fct_monthly_orders: /* {"app": "dbt", "dbt_version": "1.11.12", "dbt_databricks_version": "1.12.2", "databricks_sql_connector_version": "4.3.0", "profile_name": "globalmart_dbt", "target_name": "dev", "invocation_id": "0985e645-e531-4100-b269-a434bc6907c3", "node_id": "model.globalmart_dbt.fct_monthly_orders"} */

  
    
        create or replace table `globalmart`.`bronze_dev`.`fct_monthly_orders`
      
      
    using delta
  
      
      
      
      
      
      
      
      
      as
      with orders as (
    select * from `globalmart`.`bronze_dev`.`stg_orders`
)
select
    date_trunc('month', order_purchase_timestamp_ist) as order_month,
    count(distinct order_id) as total_orders
from orders
group by 1
  
[0m17:10:43.269650 [debug] [Thread-4 (]: Using databricks connection "model.globalmart_dbt.fct_orders_incremental"
[0m17:10:43.270419 [debug] [Thread-4 (]: On model.globalmart_dbt.fct_orders_incremental: /* {"app": "dbt", "dbt_version": "1.11.12", "dbt_databricks_version": "1.12.2", "databricks_sql_connector_version": "4.3.0", "profile_name": "globalmart_dbt", "target_name": "dev", "invocation_id": "0985e645-e531-4100-b269-a434bc6907c3", "node_id": "model.globalmart_dbt.fct_orders_incremental"} */

  
    
        create or replace table `globalmart`.`bronze_dev`.`fct_orders_incremental`
      
      
    using delta
  
      
      
      
      
      
      
      
      
      as
      with source_orders as (
    select * from `globalmart`.`bronze_dev`.`stg_orders`
)

select
    order_id,
    customer_id,
    order_status,
    order_purchase_timestamp_ist,
    _ingested_at
from source_orders
  
[0m17:10:43.634334 [debug] [Thread-6 (]: SQL status: OK in 1.130 seconds
[0m17:10:43.637791 [debug] [Thread-6 (]: Databricks adapter: Cursor(session-id=01f18aa7-43cb-171c-8576-dea15256ee8c, command-id=01f18aa7-43d6-178f-9158-838affe9de91) - Closing
[0m17:10:43.643119 [debug] [Thread-6 (]: Writing runtime sql for node "model.globalmart_dbt.dim_customer_summary"
[0m17:10:43.659723 [debug] [Thread-6 (]: Using databricks connection "model.globalmart_dbt.dim_customer_summary"
[0m17:10:43.660575 [debug] [Thread-6 (]: On model.globalmart_dbt.dim_customer_summary: /* {"app": "dbt", "dbt_version": "1.11.12", "dbt_databricks_version": "1.12.2", "databricks_sql_connector_version": "4.3.0", "profile_name": "globalmart_dbt", "target_name": "dev", "invocation_id": "0985e645-e531-4100-b269-a434bc6907c3", "node_id": "model.globalmart_dbt.dim_customer_summary"} */

  
    
        create or replace table `globalmart`.`bronze_dev`.`dim_customer_summary`
      
      
    using delta
  
      
      
      
      
      
      
      
      
      as
      with orders as (
    select * from `globalmart`.`bronze_dev`.`stg_orders`
)
select
    customer_id,
    count(distinct order_id) as total_orders_placed,
    min(order_purchase_timestamp_ist) as first_order_timestamp,
    max(order_purchase_timestamp_ist) as most_recent_order_timestamp
from orders
group by 1
  
[0m17:10:47.175859 [debug] [Thread-5 (]: SQL status: OK in 3.920 seconds
[0m17:10:47.177742 [debug] [Thread-5 (]: Databricks adapter: Cursor(session-id=01f18aa7-43ca-105b-885d-21df1d378f24, command-id=01f18aa7-4429-151a-ac09-5befff2cc929) - Closing
[0m17:10:47.181470 [debug] [Thread-5 (]: Applying tags to relation None
[0m17:10:47.197958 [debug] [Thread-5 (]: On model.globalmart_dbt.fct_monthly_orders: Close
[0m17:10:47.198746 [debug] [Thread-5 (]: Databricks adapter: Connection(session-id=01f18aa7-43ca-105b-885d-21df1d378f24) - Closing
[0m17:10:47.275794 [debug] [Thread-5 (]: Sending event: {'category': 'dbt', 'action': 'run_model', 'label': '0985e645-e531-4100-b269-a434bc6907c3', 'context': [<snowplow_tracker.self_describing_json.SelfDescribingJson object at 0xff34b61fce00>]}
[0m17:10:47.276989 [info ] [Thread-5 (]: 4 of 5 OK created sql table model bronze_dev.fct_monthly_orders ................ [[32mOK[0m in 4.97s]
[0m17:10:47.278013 [debug] [Thread-5 (]: Finished running node model.globalmart_dbt.fct_monthly_orders
[0m17:10:47.411606 [debug] [Thread-6 (]: SQL status: OK in 3.750 seconds
[0m17:10:47.413260 [debug] [Thread-6 (]: Databricks adapter: Cursor(session-id=01f18aa7-43cb-171c-8576-dea15256ee8c, command-id=01f18aa7-4469-144e-aafb-de6c6808e196) - Closing
[0m17:10:47.414470 [debug] [Thread-6 (]: Applying tags to relation None
[0m17:10:47.415914 [debug] [Thread-6 (]: On model.globalmart_dbt.dim_customer_summary: Close
[0m17:10:47.416585 [debug] [Thread-6 (]: Databricks adapter: Connection(session-id=01f18aa7-43cb-171c-8576-dea15256ee8c) - Closing
[0m17:10:47.461678 [debug] [Thread-4 (]: SQL status: OK in 4.190 seconds
[0m17:10:47.463271 [debug] [Thread-4 (]: Databricks adapter: Cursor(session-id=01f18aa7-43d8-1437-9e20-8dbd25c4a4e2, command-id=01f18aa7-4428-1136-9756-2566619308c9) - Closing
[0m17:10:47.464325 [debug] [Thread-4 (]: Applying tags to relation None
[0m17:10:47.475088 [debug] [Thread-4 (]: On model.globalmart_dbt.fct_orders_incremental: Close
[0m17:10:47.475941 [debug] [Thread-4 (]: Databricks adapter: Connection(session-id=01f18aa7-43d8-1437-9e20-8dbd25c4a4e2) - Closing
[0m17:10:47.549603 [debug] [Thread-6 (]: Sending event: {'category': 'dbt', 'action': 'run_model', 'label': '0985e645-e531-4100-b269-a434bc6907c3', 'context': [<snowplow_tracker.self_describing_json.SelfDescribingJson object at 0xff34b61fde80>]}
[0m17:10:47.550358 [debug] [Thread-4 (]: Sending event: {'category': 'dbt', 'action': 'run_model', 'label': '0985e645-e531-4100-b269-a434bc6907c3', 'context': [<snowplow_tracker.self_describing_json.SelfDescribingJson object at 0xff34b61ff4d0>]}
[0m17:10:47.551508 [info ] [Thread-6 (]: 3 of 5 OK created sql table model bronze_dev.dim_customer_summary .............. [[32mOK[0m in 5.24s]
[0m17:10:47.552629 [info ] [Thread-4 (]: 5 of 5 OK created sql incremental model bronze_dev.fct_orders_incremental ...... [[32mOK[0m in 5.23s]
[0m17:10:47.553777 [debug] [Thread-6 (]: Finished running node model.globalmart_dbt.dim_customer_summary
[0m17:10:47.554874 [debug] [Thread-4 (]: Finished running node model.globalmart_dbt.fct_orders_incremental
[0m17:10:47.557228 [debug] [MainThread]: Databricks adapter: DatabricksDBTConnection(session-id=None, name=master) - Creating connection
[0m17:10:47.558052 [debug] [MainThread]: Acquiring new databricks connection 'master'
[0m17:10:47.559074 [info ] [MainThread]: 
[0m17:10:47.559999 [info ] [MainThread]: Finished running 1 incremental model, 2 table models, 2 view models in 0 hours 0 minutes and 9.07 seconds (9.07s).
[0m17:10:47.561779 [debug] [MainThread]: Command end result
[0m17:10:47.619521 [debug] [MainThread]: Wrote artifact WritableManifest to /Workspace/Users/iamnovaryn@gmail.com/DataBricks_Project/globalmart_dbt/target/manifest.json
[0m17:10:47.622850 [debug] [MainThread]: Wrote artifact SemanticManifest to /Workspace/Users/iamnovaryn@gmail.com/DataBricks_Project/globalmart_dbt/target/semantic_manifest.json
[0m17:10:47.644790 [debug] [MainThread]: Wrote artifact RunExecutionResult to /Workspace/Users/iamnovaryn@gmail.com/DataBricks_Project/globalmart_dbt/target/run_results.json
[0m17:10:47.645491 [info ] [MainThread]: 
[0m17:10:47.646249 [info ] [MainThread]: [32mCompleted successfully[0m
[0m17:10:47.647334 [info ] [MainThread]: 
[0m17:10:47.648151 [info ] [MainThread]: Done. PASS=5 WARN=0 ERROR=0 SKIP=0 NO-OP=0 TOTAL=5
[0m17:10:47.649610 [debug] [MainThread]: Resource report: {"command_name": "run", "command_success": true, "command_wall_clock_time": 11.763404, "process_in_blocks": "0", "process_kernel_time": 0.455213, "process_mem_max_rss": "275000", "process_out_blocks": "0", "process_user_time": 5.108512}
[0m17:10:47.650511 [debug] [MainThread]: Command `dbt run` succeeded at 17:10:47.650397 after 11.76 seconds
[0m17:10:47.651213 [debug] [MainThread]: Sending event: {'category': 'dbt', 'action': 'invocation', 'label': 'end', 'context': [<snowplow_tracker.self_describing_json.SelfDescribingJson object at 0xff34cb09fa40>, <snowplow_tracker.self_describing_json.SelfDescribingJson object at 0xff34b6b1e360>, <snowplow_tracker.self_describing_json.SelfDescribingJson object at 0xff34b6aee780>]}
[0m17:10:47.651956 [debug] [MainThread]: Flushing usage events
[0m17:10:47.733023 [debug] [MainThread]: An error was encountered while trying to flush usage events
[0m17:10:49.796163 [debug] [MainThread]: Sending event: {'category': 'dbt', 'action': 'invocation', 'label': 'start', 'context': [<snowplow_tracker.self_describing_json.SelfDescribingJson object at 0xffd48876d820>, <snowplow_tracker.self_describing_json.SelfDescribingJson object at 0xffd48921fb60>, <snowplow_tracker.self_describing_json.SelfDescribingJson object at 0xffd48876dc40>]}


============================== 17:10:49.799605 | be397071-8de7-416c-923a-7920b07f69a5 ==============================
[0m17:10:49.799605 [info ] [MainThread]: Running with dbt=1.11.12
[0m17:10:49.800512 [debug] [MainThread]: running dbt with arguments {'no_print': 'None', 'warn_error': 'None', 'partial_parse': 'True', 'target_path': 'None', 'profiles_dir': '/home/spark-34194391-b5d8-4658-bd2e-7a/.dbt', 'version_check': 'True', 'indirect_selection': 'eager', 'fail_fast': 'False', 'cache_selected_only': 'False', 'log_cache_events': 'False', 'log_format': 'default', 'invocation_command': 'dbt docs generate', 'log_path': '/Workspace/Users/iamnovaryn@gmail.com/DataBricks_Project/globalmart_dbt/logs', 'write_json': 'True', 'warn_error_options': 'WarnErrorOptionsV2(error=[], warn=[], silence=[])', 'empty': 'None', 'send_anonymous_usage_stats': 'True', 'introspect': 'True', 'use_experimental_parser': 'False', 'debug': 'False', 'quiet': 'False', 'static_parser': 'True', 'printer_width': '80', 'use_colors': 'True'}
[0m17:10:50.694720 [debug] [MainThread]: Spark adapter: Setting pyhive.hive logging to ERROR
[0m17:10:50.695901 [debug] [MainThread]: Spark adapter: Setting thrift.transport logging to ERROR
[0m17:10:50.697418 [debug] [MainThread]: Spark adapter: Setting thrift.protocol logging to ERROR
[0m17:10:51.577968 [debug] [MainThread]: Sending event: {'category': 'dbt', 'action': 'project_id', 'label': 'be397071-8de7-416c-923a-7920b07f69a5', 'context': [<snowplow_tracker.self_describing_json.SelfDescribingJson object at 0xffd473fe9400>]}
[0m17:10:51.665369 [debug] [MainThread]: Sending event: {'category': 'dbt', 'action': 'adapter_info', 'label': 'be397071-8de7-416c-923a-7920b07f69a5', 'context': [<snowplow_tracker.self_describing_json.SelfDescribingJson object at 0xffd47437c2f0>]}
[0m17:10:51.666677 [info ] [MainThread]: Registered adapter: databricks=1.12.2
[0m17:10:51.790598 [debug] [MainThread]: checksum: f368f5348cf42803b94ef7fb8257ecf3bf9a9a16dd9c8c51fe5172f2dbeb457f, vars: {}, profile: , target: , version: 1.11.12
[0m17:10:52.058105 [debug] [MainThread]: Partial parsing enabled: 0 files deleted, 0 files added, 0 files changed.
[0m17:10:52.059017 [debug] [MainThread]: Nothing changed, skipping partial parsing.
[0m17:10:52.059673 [debug] [MainThread]: Partial parsing enabled, no changes found, skipping parsing
[0m17:10:52.121096 [debug] [MainThread]: Sending event: {'category': 'dbt', 'action': 'load_project', 'label': 'be397071-8de7-416c-923a-7920b07f69a5', 'context': [<snowplow_tracker.self_describing_json.SelfDescribingJson object at 0xffd47423ef90>]}
[0m17:10:52.132402 [debug] [MainThread]: Sending event: {'category': 'dbt', 'action': 'resource_counts', 'label': 'be397071-8de7-416c-923a-7920b07f69a5', 'context': [<snowplow_tracker.self_describing_json.SelfDescribingJson object at 0xffd473cdc770>]}
[0m17:10:52.133236 [info ] [MainThread]: Found 5 models, 1 snapshot, 6 data tests, 2 sources, 770 macros
[0m17:10:52.134113 [debug] [MainThread]: Sending event: {'category': 'dbt', 'action': 'runnable_timing', 'label': 'be397071-8de7-416c-923a-7920b07f69a5', 'context': [<snowplow_tracker.self_describing_json.SelfDescribingJson object at 0xffd473db72f0>]}
[0m17:10:52.136529 [info ] [MainThread]: 
[0m17:10:52.138351 [info ] [MainThread]: Concurrency: 4 threads (target='dev')
[0m17:10:52.139221 [info ] [MainThread]: 
[0m17:10:52.140384 [debug] [MainThread]: Databricks adapter: DatabricksDBTConnection(session-id=None, name=master) - Creating connection
[0m17:10:52.141135 [debug] [MainThread]: Acquiring new databricks connection 'master'
[0m17:10:52.148510 [debug] [ThreadPool]: Databricks adapter: DatabricksDBTConnection(session-id=None, name=list_globalmart_bronze_dev) - Creating connection
[0m17:10:52.149688 [debug] [ThreadPool]: Databricks adapter: DatabricksDBTConnection(session-id=None, name=list_globalmart_bronze) - Creating connection
[0m17:10:52.150447 [debug] [ThreadPool]: Acquiring new databricks connection 'list_globalmart_bronze_dev'
[0m17:10:52.151884 [debug] [ThreadPool]: Acquiring new databricks connection 'list_globalmart_bronze'
[0m17:10:52.169583 [debug] [ThreadPool]: Using databricks connection "list_globalmart_bronze_dev"
[0m17:10:52.171997 [debug] [ThreadPool]: Using databricks connection "list_globalmart_bronze"
[0m17:10:52.172833 [debug] [ThreadPool]: On list_globalmart_bronze_dev: /* {"app": "dbt", "dbt_version": "1.11.12", "dbt_databricks_version": "1.12.2", "databricks_sql_connector_version": "4.3.0", "profile_name": "globalmart_dbt", "target_name": "dev", "invocation_id": "be397071-8de7-416c-923a-7920b07f69a5", "connection_name": "list_globalmart_bronze_dev"} */

    
SELECT
  table_name,
  if(table_type IN ('EXTERNAL', 'MANAGED', 'MANAGED_SHALLOW_CLONE', 'EXTERNAL_SHALLOW_CLONE'), 'table', lower(table_type)) AS table_type,
  lower(data_source_format) AS file_format,
  table_owner,
  if(
    table_type IN (
      'EXTERNAL',
      'MANAGED',
      'MANAGED_SHALLOW_CLONE',
      'EXTERNAL_SHALLOW_CLONE'
    ),
    lower(table_type),
    NULL
  ) AS databricks_table_type
FROM `system`.`information_schema`.`tables`
WHERE table_catalog = 'globalmart'
  AND table_schema = 'bronze_dev'

  
[0m17:10:52.173615 [debug] [ThreadPool]: On list_globalmart_bronze: /* {"app": "dbt", "dbt_version": "1.11.12", "dbt_databricks_version": "1.12.2", "databricks_sql_connector_version": "4.3.0", "profile_name": "globalmart_dbt", "target_name": "dev", "invocation_id": "be397071-8de7-416c-923a-7920b07f69a5", "connection_name": "list_globalmart_bronze"} */

    
SELECT
  table_name,
  if(table_type IN ('EXTERNAL', 'MANAGED', 'MANAGED_SHALLOW_CLONE', 'EXTERNAL_SHALLOW_CLONE'), 'table', lower(table_type)) AS table_type,
  lower(data_source_format) AS file_format,
  table_owner,
  if(
    table_type IN (
      'EXTERNAL',
      'MANAGED',
      'MANAGED_SHALLOW_CLONE',
      'EXTERNAL_SHALLOW_CLONE'
    ),
    lower(table_type),
    NULL
  ) AS databricks_table_type
FROM `system`.`information_schema`.`tables`
WHERE table_catalog = 'globalmart'
  AND table_schema = 'bronze'

  
[0m17:10:52.174282 [debug] [ThreadPool]: Opening a new connection, currently in state init
[0m17:10:52.174972 [debug] [ThreadPool]: Opening a new connection, currently in state init
[0m17:10:52.495390 [debug] [ThreadPool]: Databricks adapter: Connection(session-id=01f18aa7-4998-1f01-a75e-445621950279) - Created
[0m17:10:52.496278 [debug] [ThreadPool]: Databricks adapter: Connection(session-id=01f18aa7-4999-1497-aeb4-0d9379970664) - Created
[0m17:10:52.973545 [debug] [ThreadPool]: SQL status: OK in 0.800 seconds
[0m17:10:52.979404 [debug] [ThreadPool]: Databricks adapter: Cursor(session-id=01f18aa7-4999-1497-aeb4-0d9379970664, command-id=01f18aa7-49a8-1224-b390-f90785492127) - Closing
[0m17:10:52.981324 [debug] [ThreadPool]: On list_globalmart_bronze_dev: Close
[0m17:10:52.988452 [debug] [ThreadPool]: Databricks adapter: Connection(session-id=01f18aa7-4999-1497-aeb4-0d9379970664) - Closing
[0m17:10:53.141853 [debug] [ThreadPool]: SQL status: OK in 0.970 seconds
[0m17:10:53.145989 [debug] [ThreadPool]: Databricks adapter: Cursor(session-id=01f18aa7-4998-1f01-a75e-445621950279, command-id=01f18aa7-49a8-1381-8c94-f4080aca9733) - Closing
[0m17:10:53.148075 [debug] [ThreadPool]: On list_globalmart_bronze: Close
[0m17:10:53.148839 [debug] [ThreadPool]: Databricks adapter: Connection(session-id=01f18aa7-4998-1f01-a75e-445621950279) - Closing
[0m17:10:53.220275 [debug] [MainThread]: Sending event: {'category': 'dbt', 'action': 'runnable_timing', 'label': 'be397071-8de7-416c-923a-7920b07f69a5', 'context': [<snowplow_tracker.self_describing_json.SelfDescribingJson object at 0xffd48538c950>]}
[0m17:10:53.224917 [debug] [Thread-2 (]: Began running node model.globalmart_dbt.stg_customers
[0m17:10:53.225707 [debug] [Thread-3 (]: Began running node model.globalmart_dbt.stg_orders
[0m17:10:53.229003 [debug] [Thread-2 (]: Databricks adapter: DatabricksDBTConnection(session-id=None, name=model.globalmart_dbt.stg_customers) - Creating connection
[0m17:10:53.230805 [debug] [Thread-3 (]: Databricks adapter: DatabricksDBTConnection(session-id=None, name=model.globalmart_dbt.stg_orders) - Creating connection
[0m17:10:53.231642 [debug] [Thread-2 (]: Acquiring new databricks connection 'model.globalmart_dbt.stg_customers'
[0m17:10:53.232465 [debug] [Thread-3 (]: Acquiring new databricks connection 'model.globalmart_dbt.stg_orders'
[0m17:10:53.233316 [debug] [Thread-2 (]: Began compiling node model.globalmart_dbt.stg_customers
[0m17:10:53.234171 [debug] [Thread-3 (]: Began compiling node model.globalmart_dbt.stg_orders
[0m17:10:53.242712 [debug] [Thread-2 (]: Writing injected SQL for node "model.globalmart_dbt.stg_customers"
[0m17:10:53.247790 [debug] [Thread-3 (]: Writing injected SQL for node "model.globalmart_dbt.stg_orders"
[0m17:10:53.250258 [debug] [Thread-2 (]: Began executing node model.globalmart_dbt.stg_customers
[0m17:10:53.252876 [debug] [Thread-2 (]: Finished running node model.globalmart_dbt.stg_customers
[0m17:10:53.253954 [debug] [Thread-3 (]: Began executing node model.globalmart_dbt.stg_orders
[0m17:10:53.255208 [debug] [Thread-3 (]: Finished running node model.globalmart_dbt.stg_orders
[0m17:10:53.258110 [debug] [Thread-5 (]: Began running node model.globalmart_dbt.dim_customer_summary
[0m17:10:53.258688 [debug] [Thread-4 (]: Began running node model.globalmart_dbt.fct_monthly_orders
[0m17:10:53.259209 [debug] [Thread-2 (]: Began running node model.globalmart_dbt.fct_orders_incremental
[0m17:10:53.259902 [debug] [Thread-3 (]: Began running node snapshot.globalmart_dbt.snap_customers
[0m17:10:53.260795 [debug] [Thread-5 (]: Databricks adapter: DatabricksDBTConnection(session-id=None, name=model.globalmart_dbt.dim_customer_summary) - Creating connection
[0m17:10:53.262703 [debug] [Thread-4 (]: Databricks adapter: DatabricksDBTConnection(session-id=None, name=model.globalmart_dbt.fct_monthly_orders) - Creating connection
[0m17:10:53.263665 [debug] [Thread-2 (]: Databricks adapter: DatabricksDBTConnection(session-id=None, name=model.globalmart_dbt.fct_orders_incremental) - Creating connection
[0m17:10:53.264832 [debug] [Thread-3 (]: Databricks adapter: DatabricksDBTConnection(session-id=None, name=snapshot.globalmart_dbt.snap_customers) - Creating connection
[0m17:10:53.265641 [debug] [Thread-5 (]: Acquiring new databricks connection 'model.globalmart_dbt.dim_customer_summary'
[0m17:10:53.266558 [debug] [Thread-4 (]: Acquiring new databricks connection 'model.globalmart_dbt.fct_monthly_orders'
[0m17:10:53.267395 [debug] [Thread-2 (]: Acquiring new databricks connection 'model.globalmart_dbt.fct_orders_incremental'
[0m17:10:53.270538 [debug] [Thread-2 (]: Began compiling node model.globalmart_dbt.fct_orders_incremental
[0m17:10:53.268919 [debug] [Thread-5 (]: Began compiling node model.globalmart_dbt.dim_customer_summary
[0m17:10:53.269694 [debug] [Thread-4 (]: Began compiling node model.globalmart_dbt.fct_monthly_orders
[0m17:10:53.268155 [debug] [Thread-3 (]: Acquiring new databricks connection 'snapshot.globalmart_dbt.snap_customers'
[0m17:10:53.279462 [debug] [Thread-2 (]: Writing injected SQL for node "model.globalmart_dbt.fct_orders_incremental"
[0m17:10:53.282847 [debug] [Thread-5 (]: Writing injected SQL for node "model.globalmart_dbt.dim_customer_summary"
[0m17:10:53.286443 [debug] [Thread-4 (]: Writing injected SQL for node "model.globalmart_dbt.fct_monthly_orders"
[0m17:10:53.287299 [debug] [Thread-3 (]: Began compiling node snapshot.globalmart_dbt.snap_customers
[0m17:10:53.289314 [debug] [Thread-2 (]: Began executing node model.globalmart_dbt.fct_orders_incremental
[0m17:10:53.292904 [debug] [Thread-3 (]: Began executing node snapshot.globalmart_dbt.snap_customers
[0m17:10:53.294485 [debug] [Thread-2 (]: Finished running node model.globalmart_dbt.fct_orders_incremental
[0m17:10:53.295058 [debug] [Thread-4 (]: Began executing node model.globalmart_dbt.fct_monthly_orders
[0m17:10:53.295594 [debug] [Thread-5 (]: Began executing node model.globalmart_dbt.dim_customer_summary
[0m17:10:53.296571 [debug] [Thread-3 (]: Finished running node snapshot.globalmart_dbt.snap_customers
[0m17:10:53.297344 [debug] [Thread-2 (]: Began running node test.globalmart_dbt.not_null_stg_orders_order_id.81cfe2fe64
[0m17:10:53.298686 [debug] [Thread-4 (]: Finished running node model.globalmart_dbt.fct_monthly_orders
[0m17:10:53.299704 [debug] [Thread-5 (]: Finished running node model.globalmart_dbt.dim_customer_summary
[0m17:10:53.300554 [debug] [Thread-3 (]: Began running node test.globalmart_dbt.unique_stg_orders_order_id.e3b841c71a
[0m17:10:53.302653 [debug] [Thread-2 (]: Databricks adapter: DatabricksDBTConnection(session-id=None, name=test.globalmart_dbt.not_null_stg_orders_order_id.81cfe2fe64) - Creating connection
[0m17:10:53.303545 [debug] [Thread-4 (]: Began running node test.globalmart_dbt.not_null_fct_orders_incremental_customer_id.10434cc363
[0m17:10:53.304412 [debug] [Thread-5 (]: Began running node test.globalmart_dbt.not_null_fct_orders_incremental_order_id.79bde623c0
[0m17:10:53.305389 [debug] [Thread-3 (]: Databricks adapter: DatabricksDBTConnection(session-id=None, name=test.globalmart_dbt.unique_stg_orders_order_id.e3b841c71a) - Creating connection
[0m17:10:53.306111 [debug] [Thread-2 (]: Acquiring new databricks connection 'test.globalmart_dbt.not_null_stg_orders_order_id.81cfe2fe64'
[0m17:10:53.310410 [debug] [Thread-4 (]: Databricks adapter: DatabricksDBTConnection(session-id=None, name=test.globalmart_dbt.not_null_fct_orders_incremental_customer_id.10434cc363) - Creating connection
[0m17:10:53.311338 [debug] [Thread-5 (]: Databricks adapter: DatabricksDBTConnection(session-id=None, name=test.globalmart_dbt.not_null_fct_orders_incremental_order_id.79bde623c0) - Creating connection
[0m17:10:53.312169 [debug] [Thread-3 (]: Acquiring new databricks connection 'test.globalmart_dbt.unique_stg_orders_order_id.e3b841c71a'
[0m17:10:53.313076 [debug] [Thread-2 (]: Began compiling node test.globalmart_dbt.not_null_stg_orders_order_id.81cfe2fe64
[0m17:10:53.313866 [debug] [Thread-4 (]: Acquiring new databricks connection 'test.globalmart_dbt.not_null_fct_orders_incremental_customer_id.10434cc363'
[0m17:10:53.314729 [debug] [Thread-5 (]: Acquiring new databricks connection 'test.globalmart_dbt.not_null_fct_orders_incremental_order_id.79bde623c0'
[0m17:10:53.315519 [debug] [Thread-3 (]: Began compiling node test.globalmart_dbt.unique_stg_orders_order_id.e3b841c71a
[0m17:10:53.328073 [debug] [Thread-2 (]: Writing injected SQL for node "test.globalmart_dbt.not_null_stg_orders_order_id.81cfe2fe64"
[0m17:10:53.328950 [debug] [Thread-4 (]: Began compiling node test.globalmart_dbt.not_null_fct_orders_incremental_customer_id.10434cc363
[0m17:10:53.329775 [debug] [Thread-5 (]: Began compiling node test.globalmart_dbt.not_null_fct_orders_incremental_order_id.79bde623c0
[0m17:10:53.338196 [debug] [Thread-3 (]: Writing injected SQL for node "test.globalmart_dbt.unique_stg_orders_order_id.e3b841c71a"
[0m17:10:53.343395 [debug] [Thread-4 (]: Writing injected SQL for node "test.globalmart_dbt.not_null_fct_orders_incremental_customer_id.10434cc363"
[0m17:10:53.347722 [debug] [Thread-5 (]: Writing injected SQL for node "test.globalmart_dbt.not_null_fct_orders_incremental_order_id.79bde623c0"
[0m17:10:53.376217 [debug] [Thread-2 (]: Began executing node test.globalmart_dbt.not_null_stg_orders_order_id.81cfe2fe64
[0m17:10:53.377336 [debug] [Thread-2 (]: Finished running node test.globalmart_dbt.not_null_stg_orders_order_id.81cfe2fe64
[0m17:10:53.378118 [debug] [Thread-2 (]: Began running node test.globalmart_dbt.unique_fct_orders_incremental_order_id.dadaa56a56
[0m17:10:53.379133 [debug] [Thread-2 (]: Databricks adapter: DatabricksDBTConnection(session-id=None, name=test.globalmart_dbt.unique_fct_orders_incremental_order_id.dadaa56a56) - Creating connection
[0m17:10:53.379993 [debug] [Thread-2 (]: Acquiring new databricks connection 'test.globalmart_dbt.unique_fct_orders_incremental_order_id.dadaa56a56'
[0m17:10:53.380774 [debug] [Thread-2 (]: Began compiling node test.globalmart_dbt.unique_fct_orders_incremental_order_id.dadaa56a56
[0m17:10:53.385472 [debug] [Thread-2 (]: Writing injected SQL for node "test.globalmart_dbt.unique_fct_orders_incremental_order_id.dadaa56a56"
[0m17:10:53.390061 [debug] [Thread-5 (]: Began executing node test.globalmart_dbt.not_null_fct_orders_incremental_order_id.79bde623c0
[0m17:10:53.391154 [debug] [Thread-5 (]: Finished running node test.globalmart_dbt.not_null_fct_orders_incremental_order_id.79bde623c0
[0m17:10:53.391851 [debug] [Thread-5 (]: Began running node test.globalmart_dbt.assert_positive_total_orders
[0m17:10:53.392697 [debug] [Thread-5 (]: Databricks adapter: DatabricksDBTConnection(session-id=None, name=test.globalmart_dbt.assert_positive_total_orders) - Creating connection
[0m17:10:53.393366 [debug] [Thread-5 (]: Acquiring new databricks connection 'test.globalmart_dbt.assert_positive_total_orders'
[0m17:10:53.394017 [debug] [Thread-5 (]: Began compiling node test.globalmart_dbt.assert_positive_total_orders
[0m17:10:53.397146 [debug] [Thread-5 (]: Writing injected SQL for node "test.globalmart_dbt.assert_positive_total_orders"
[0m17:10:53.404370 [debug] [Thread-3 (]: Began executing node test.globalmart_dbt.unique_stg_orders_order_id.e3b841c71a
[0m17:10:53.405474 [debug] [Thread-3 (]: Finished running node test.globalmart_dbt.unique_stg_orders_order_id.e3b841c71a
[0m17:10:53.418962 [debug] [Thread-4 (]: Began executing node test.globalmart_dbt.not_null_fct_orders_incremental_customer_id.10434cc363
[0m17:10:53.420121 [debug] [Thread-4 (]: Finished running node test.globalmart_dbt.not_null_fct_orders_incremental_customer_id.10434cc363
[0m17:10:53.423623 [debug] [Thread-5 (]: Began executing node test.globalmart_dbt.assert_positive_total_orders
[0m17:10:53.424845 [debug] [Thread-5 (]: Finished running node test.globalmart_dbt.assert_positive_total_orders
[0m17:10:53.432807 [debug] [Thread-2 (]: Began executing node test.globalmart_dbt.unique_fct_orders_incremental_order_id.dadaa56a56
[0m17:10:53.434219 [debug] [Thread-2 (]: Finished running node test.globalmart_dbt.unique_fct_orders_incremental_order_id.dadaa56a56
[0m17:10:53.437179 [debug] [MainThread]: Command end result
[0m17:10:53.573501 [debug] [MainThread]: Wrote artifact WritableManifest to /Workspace/Users/iamnovaryn@gmail.com/DataBricks_Project/globalmart_dbt/target/manifest.json
[0m17:10:53.576813 [debug] [MainThread]: Wrote artifact SemanticManifest to /Workspace/Users/iamnovaryn@gmail.com/DataBricks_Project/globalmart_dbt/target/semantic_manifest.json
[0m17:10:53.584260 [debug] [MainThread]: Wrote artifact RunExecutionResult to /Workspace/Users/iamnovaryn@gmail.com/DataBricks_Project/globalmart_dbt/target/run_results.json
[0m17:10:53.604930 [debug] [MainThread]: Databricks adapter: DatabricksDBTConnection(session-id=None, name=generate_catalog) - Creating connection
[0m17:10:53.607552 [debug] [MainThread]: Acquiring new databricks connection 'generate_catalog'
[0m17:10:53.608326 [info ] [MainThread]: Building catalog
[0m17:10:53.611416 [debug] [ThreadPool]: Databricks adapter: DatabricksDBTConnection(session-id=None, name=('globalmart', 'bronze_dev')) - Creating connection
[0m17:10:53.612312 [debug] [ThreadPool]: Databricks adapter: DatabricksDBTConnection(session-id=None, name=('globalmart', 'bronze')) - Creating connection
[0m17:10:53.624187 [debug] [ThreadPool]: Acquiring new databricks connection '('globalmart', 'bronze')'
[0m17:10:53.622238 [debug] [ThreadPool]: Acquiring new databricks connection '('globalmart', 'bronze_dev')'
[0m17:10:53.631691 [debug] [ThreadPool]: Using databricks connection "('globalmart', 'bronze')"
[0m17:10:53.636095 [debug] [ThreadPool]: On ('globalmart', 'bronze'): /* {"app": "dbt", "dbt_version": "1.11.12", "dbt_databricks_version": "1.12.2", "databricks_sql_connector_version": "4.3.0", "profile_name": "globalmart_dbt", "target_name": "dev", "invocation_id": "be397071-8de7-416c-923a-7920b07f69a5", "connection_name": "('globalmart', 'bronze')"} */

    
SELECT current_catalog()

  
[0m17:10:53.636930 [debug] [ThreadPool]: Opening a new connection, currently in state init
[0m17:10:53.635080 [debug] [ThreadPool]: Using databricks connection "('globalmart', 'bronze_dev')"
[0m17:10:53.644544 [debug] [ThreadPool]: On ('globalmart', 'bronze_dev'): /* {"app": "dbt", "dbt_version": "1.11.12", "dbt_databricks_version": "1.12.2", "databricks_sql_connector_version": "4.3.0", "profile_name": "globalmart_dbt", "target_name": "dev", "invocation_id": "be397071-8de7-416c-923a-7920b07f69a5", "connection_name": "('globalmart', 'bronze_dev')"} */

    
SELECT current_catalog()

  
[0m17:10:53.645362 [debug] [ThreadPool]: Opening a new connection, currently in state init
[0m17:10:53.857929 [debug] [ThreadPool]: Databricks adapter: Connection(session-id=01f18aa7-4a6c-1d2a-b372-f2821a4d1cc4) - Created
[0m17:10:53.859680 [debug] [ThreadPool]: Databricks adapter: Connection(session-id=01f18aa7-4a6c-1d8f-967b-2040d791948c) - Created
[0m17:10:54.076076 [debug] [ThreadPool]: SQL status: OK in 0.440 seconds
[0m17:10:54.078691 [debug] [ThreadPool]: Databricks adapter: Cursor(session-id=01f18aa7-4a6c-1d8f-967b-2040d791948c, command-id=01f18aa7-4a78-1290-8078-8b15ad20868c) - Closing
[0m17:10:54.085253 [debug] [ThreadPool]: Using databricks connection "('globalmart', 'bronze')"
[0m17:10:54.085948 [debug] [ThreadPool]: On ('globalmart', 'bronze'): /* {"app": "dbt", "dbt_version": "1.11.12", "dbt_databricks_version": "1.12.2", "databricks_sql_connector_version": "4.3.0", "profile_name": "globalmart_dbt", "target_name": "dev", "invocation_id": "be397071-8de7-416c-923a-7920b07f69a5", "connection_name": "('globalmart', 'bronze')"} */

    
SHOW TABLE EXTENDED IN `globalmart`.`bronze` LIKE 'bronze_orders|snap_customers|orders_partitioned'

  
[0m17:10:54.095040 [debug] [ThreadPool]: SQL status: OK in 0.450 seconds
[0m17:10:54.097322 [debug] [ThreadPool]: Databricks adapter: Cursor(session-id=01f18aa7-4a6c-1d2a-b372-f2821a4d1cc4, command-id=01f18aa7-4a78-10ee-a267-983846fb02e9) - Closing
[0m17:10:54.100610 [debug] [ThreadPool]: Using databricks connection "('globalmart', 'bronze_dev')"
[0m17:10:54.101364 [debug] [ThreadPool]: On ('globalmart', 'bronze_dev'): /* {"app": "dbt", "dbt_version": "1.11.12", "dbt_databricks_version": "1.12.2", "databricks_sql_connector_version": "4.3.0", "profile_name": "globalmart_dbt", "target_name": "dev", "invocation_id": "be397071-8de7-416c-923a-7920b07f69a5", "connection_name": "('globalmart', 'bronze_dev')"} */

    
SHOW TABLE EXTENDED IN `globalmart`.`bronze_dev` LIKE 'stg_orders|fct_monthly_orders|fct_orders_incremental|dim_customer_summary|stg_customers'

  
[0m17:10:54.878258 [debug] [ThreadPool]: SQL status: OK in 0.780 seconds
[0m17:10:54.881605 [debug] [ThreadPool]: Databricks adapter: Cursor(session-id=01f18aa7-4a6c-1d2a-b372-f2821a4d1cc4, command-id=01f18aa7-4a9c-1956-92ca-529a984fe0a1) - Closing
[0m17:10:54.888613 [debug] [ThreadPool]: SQL status: OK in 0.800 seconds
[0m17:10:54.890254 [debug] [ThreadPool]: On ('globalmart', 'bronze_dev'): Close
[0m17:10:54.892850 [debug] [ThreadPool]: Databricks adapter: Cursor(session-id=01f18aa7-4a6c-1d8f-967b-2040d791948c, command-id=01f18aa7-4a99-1ef3-a742-f3483ff088e4) - Closing
[0m17:10:54.893713 [debug] [ThreadPool]: Databricks adapter: Connection(session-id=01f18aa7-4a6c-1d2a-b372-f2821a4d1cc4) - Closing
[0m17:10:54.955114 [debug] [ThreadPool]: On ('globalmart', 'bronze'): Close
[0m17:10:54.956076 [debug] [ThreadPool]: Databricks adapter: Connection(session-id=01f18aa7-4a6c-1d8f-967b-2040d791948c) - Closing
[0m17:10:55.053834 [debug] [MainThread]: Wrote artifact CatalogArtifact to /Workspace/Users/iamnovaryn@gmail.com/DataBricks_Project/globalmart_dbt/target/catalog.json
[0m17:10:55.111295 [debug] [MainThread]: Wrote artifact WritableManifest to /Workspace/Users/iamnovaryn@gmail.com/DataBricks_Project/globalmart_dbt/target/manifest.json
[0m17:10:55.114395 [debug] [MainThread]: Wrote artifact SemanticManifest to /Workspace/Users/iamnovaryn@gmail.com/DataBricks_Project/globalmart_dbt/target/semantic_manifest.json
[0m17:10:55.115186 [info ] [MainThread]: Catalog written to /Workspace/Users/iamnovaryn@gmail.com/DataBricks_Project/globalmart_dbt/target/catalog.json
[0m17:10:55.118303 [debug] [MainThread]: Resource report: {"command_name": "generate", "command_success": true, "command_wall_clock_time": 5.3975205, "process_in_blocks": "0", "process_kernel_time": 0.424495, "process_mem_max_rss": "269248", "process_out_blocks": "0", "process_user_time": 4.462141}
[0m17:10:55.119129 [debug] [MainThread]: Command `dbt docs generate` succeeded at 17:10:55.119020 after 5.40 seconds
[0m17:10:55.119861 [debug] [MainThread]: Sending event: {'category': 'dbt', 'action': 'invocation', 'label': 'end', 'context': [<snowplow_tracker.self_describing_json.SelfDescribingJson object at 0xffd487a61df0>, <snowplow_tracker.self_describing_json.SelfDescribingJson object at 0xffd487a63620>, <snowplow_tracker.self_describing_json.SelfDescribingJson object at 0xffd48538c950>]}
[0m17:10:55.120546 [debug] [MainThread]: Flushing usage events
[0m17:10:55.185700 [debug] [MainThread]: An error was encountered while trying to flush usage events
[0m17:28:25.772350 [debug] [MainThread]: Sending event: {'category': 'dbt', 'action': 'invocation', 'label': 'start', 'context': [<snowplow_tracker.self_describing_json.SelfDescribingJson object at 0xff28cca7dfa0>, <snowplow_tracker.self_describing_json.SelfDescribingJson object at 0xff28cc7dee40>, <snowplow_tracker.self_describing_json.SelfDescribingJson object at 0xff28cc7ddbb0>]}


============================== 17:28:25.776285 | ced560f3-b73d-4a45-9ef3-a533da6ad418 ==============================
[0m17:28:25.776285 [info ] [MainThread]: Running with dbt=1.11.12
[0m17:28:25.777853 [debug] [MainThread]: running dbt with arguments {'use_colors': 'True', 'use_experimental_parser': 'False', 'printer_width': '80', 'invocation_command': 'dbt run --select fct_orders_incremental', 'log_path': '/Workspace/Users/iamnovaryn@gmail.com/DataBricks_Project/globalmart_dbt/logs', 'empty': 'False', 'debug': 'False', 'introspect': 'True', 'indirect_selection': 'eager', 'warn_error_options': 'WarnErrorOptionsV2(error=[], warn=[], silence=[])', 'no_print': 'None', 'send_anonymous_usage_stats': 'True', 'cache_selected_only': 'False', 'static_parser': 'True', 'warn_error': 'None', 'partial_parse': 'True', 'profiles_dir': '/home/spark-58690ef7-a781-46db-bb93-20/.dbt', 'target_path': 'None', 'log_cache_events': 'False', 'log_format': 'default', 'quiet': 'False', 'fail_fast': 'False', 'write_json': 'True', 'version_check': 'True'}
[0m17:28:26.757143 [debug] [MainThread]: Spark adapter: Setting pyhive.hive logging to ERROR
[0m17:28:26.758365 [debug] [MainThread]: Spark adapter: Setting thrift.transport logging to ERROR
[0m17:28:26.759215 [debug] [MainThread]: Spark adapter: Setting thrift.protocol logging to ERROR
[0m17:28:27.567130 [debug] [MainThread]: Sending event: {'category': 'dbt', 'action': 'project_id', 'label': 'ced560f3-b73d-4a45-9ef3-a533da6ad418', 'context': [<snowplow_tracker.self_describing_json.SelfDescribingJson object at 0xff28cc81d820>]}
[0m17:28:27.678651 [debug] [MainThread]: Sending event: {'category': 'dbt', 'action': 'adapter_info', 'label': 'ced560f3-b73d-4a45-9ef3-a533da6ad418', 'context': [<snowplow_tracker.self_describing_json.SelfDescribingJson object at 0xff28b8044d40>]}
[0m17:28:27.680029 [info ] [MainThread]: Registered adapter: databricks=1.12.2
[0m17:28:27.805652 [debug] [MainThread]: checksum: f368f5348cf42803b94ef7fb8257ecf3bf9a9a16dd9c8c51fe5172f2dbeb457f, vars: {}, profile: , target: , version: 1.11.12
[0m17:28:30.108025 [debug] [MainThread]: Partial parsing enabled: 0 files deleted, 0 files added, 0 files changed.
[0m17:28:30.109020 [debug] [MainThread]: Nothing changed, skipping partial parsing.
[0m17:28:30.109755 [debug] [MainThread]: Partial parsing enabled, no changes found, skipping parsing
[0m17:28:30.172666 [debug] [MainThread]: Sending event: {'category': 'dbt', 'action': 'load_project', 'label': 'ced560f3-b73d-4a45-9ef3-a533da6ad418', 'context': [<snowplow_tracker.self_describing_json.SelfDescribingJson object at 0xff28b8180140>]}
[0m17:28:30.352190 [debug] [MainThread]: Wrote artifact WritableManifest to /Workspace/Users/iamnovaryn@gmail.com/DataBricks_Project/globalmart_dbt/target/manifest.json
[0m17:28:30.393717 [debug] [MainThread]: Wrote artifact SemanticManifest to /Workspace/Users/iamnovaryn@gmail.com/DataBricks_Project/globalmart_dbt/target/semantic_manifest.json
[0m17:28:30.474786 [debug] [MainThread]: Sending event: {'category': 'dbt', 'action': 'resource_counts', 'label': 'ced560f3-b73d-4a45-9ef3-a533da6ad418', 'context': [<snowplow_tracker.self_describing_json.SelfDescribingJson object at 0xff28cc0ac2c0>]}
[0m17:28:30.476196 [info ] [MainThread]: Found 5 models, 1 snapshot, 6 data tests, 2 sources, 770 macros
[0m17:28:30.477184 [debug] [MainThread]: Sending event: {'category': 'dbt', 'action': 'runnable_timing', 'label': 'ced560f3-b73d-4a45-9ef3-a533da6ad418', 'context': [<snowplow_tracker.self_describing_json.SelfDescribingJson object at 0xff28cc81ccb0>]}
[0m17:28:30.480782 [info ] [MainThread]: 
[0m17:28:30.481726 [info ] [MainThread]: Concurrency: 4 threads (target='dev')
[0m17:28:30.483293 [info ] [MainThread]: 
[0m17:28:30.484456 [debug] [MainThread]: Databricks adapter: DatabricksDBTConnection(session-id=None, name=master) - Creating connection
[0m17:28:30.485329 [debug] [MainThread]: Acquiring new databricks connection 'master'
[0m17:28:30.487001 [debug] [ThreadPool]: Databricks adapter: DatabricksDBTConnection(session-id=None, name=list_globalmart) - Creating connection
[0m17:28:30.489033 [debug] [ThreadPool]: Acquiring new databricks connection 'list_globalmart'
[0m17:28:30.506327 [debug] [ThreadPool]: Using databricks connection "list_globalmart"
[0m17:28:30.507508 [debug] [ThreadPool]: On list_globalmart: /* {"app": "dbt", "dbt_version": "1.11.12", "dbt_databricks_version": "1.12.2", "databricks_sql_connector_version": "4.3.0", "profile_name": "globalmart_dbt", "target_name": "dev", "invocation_id": "ced560f3-b73d-4a45-9ef3-a533da6ad418", "connection_name": "list_globalmart"} */

    

  SHOW SCHEMAS IN `globalmart`


  
[0m17:28:30.508326 [debug] [ThreadPool]: Opening a new connection, currently in state init
[0m17:28:30.983481 [debug] [ThreadPool]: Databricks adapter: Connection(session-id=01f18aa9-c067-1af2-b67f-8ba7758105b1) - Created
[0m17:28:39.402048 [debug] [ThreadPool]: SQL status: OK in 8.890 seconds
[0m17:28:39.409788 [debug] [ThreadPool]: Databricks adapter: Cursor(session-id=01f18aa9-c067-1af2-b67f-8ba7758105b1, command-id=01f18aa9-c090-1c1a-a9ca-49865a0b0b12) - Closing
[0m17:28:39.540467 [debug] [ThreadPool]: On list_globalmart: Close
[0m17:28:39.541660 [debug] [ThreadPool]: Databricks adapter: Connection(session-id=01f18aa9-c067-1af2-b67f-8ba7758105b1) - Closing
[0m17:28:39.620818 [debug] [ThreadPool]: Databricks adapter: DatabricksDBTConnection(session-id=None, name=list_globalmart_bronze_dev) - Creating connection
[0m17:28:39.627680 [debug] [ThreadPool]: Acquiring new databricks connection 'list_globalmart_bronze_dev'
[0m17:28:39.622543 [debug] [ThreadPool]: Databricks adapter: DatabricksDBTConnection(session-id=None, name=list_globalmart_bronze) - Creating connection
[0m17:28:39.634326 [debug] [ThreadPool]: Using databricks connection "list_globalmart_bronze_dev"
[0m17:28:39.636108 [debug] [ThreadPool]: Acquiring new databricks connection 'list_globalmart_bronze'
[0m17:28:39.637004 [debug] [ThreadPool]: On list_globalmart_bronze_dev: /* {"app": "dbt", "dbt_version": "1.11.12", "dbt_databricks_version": "1.12.2", "databricks_sql_connector_version": "4.3.0", "profile_name": "globalmart_dbt", "target_name": "dev", "invocation_id": "ced560f3-b73d-4a45-9ef3-a533da6ad418", "connection_name": "list_globalmart_bronze_dev"} */

    
SELECT
  table_name,
  if(table_type IN ('EXTERNAL', 'MANAGED', 'MANAGED_SHALLOW_CLONE', 'EXTERNAL_SHALLOW_CLONE'), 'table', lower(table_type)) AS table_type,
  lower(data_source_format) AS file_format,
  table_owner,
  if(
    table_type IN (
      'EXTERNAL',
      'MANAGED',
      'MANAGED_SHALLOW_CLONE',
      'EXTERNAL_SHALLOW_CLONE'
    ),
    lower(table_type),
    NULL
  ) AS databricks_table_type
FROM `system`.`information_schema`.`tables`
WHERE table_catalog = 'globalmart'
  AND table_schema = 'bronze_dev'

  
[0m17:28:39.639764 [debug] [ThreadPool]: Using databricks connection "list_globalmart_bronze"
[0m17:28:39.640559 [debug] [ThreadPool]: Opening a new connection, currently in state init
[0m17:28:39.641966 [debug] [ThreadPool]: On list_globalmart_bronze: /* {"app": "dbt", "dbt_version": "1.11.12", "dbt_databricks_version": "1.12.2", "databricks_sql_connector_version": "4.3.0", "profile_name": "globalmart_dbt", "target_name": "dev", "invocation_id": "ced560f3-b73d-4a45-9ef3-a533da6ad418", "connection_name": "list_globalmart_bronze"} */

    
SELECT
  table_name,
  if(table_type IN ('EXTERNAL', 'MANAGED', 'MANAGED_SHALLOW_CLONE', 'EXTERNAL_SHALLOW_CLONE'), 'table', lower(table_type)) AS table_type,
  lower(data_source_format) AS file_format,
  table_owner,
  if(
    table_type IN (
      'EXTERNAL',
      'MANAGED',
      'MANAGED_SHALLOW_CLONE',
      'EXTERNAL_SHALLOW_CLONE'
    ),
    lower(table_type),
    NULL
  ) AS databricks_table_type
FROM `system`.`information_schema`.`tables`
WHERE table_catalog = 'globalmart'
  AND table_schema = 'bronze'

  
[0m17:28:39.643237 [debug] [ThreadPool]: Opening a new connection, currently in state init
[0m17:28:39.869848 [debug] [ThreadPool]: Databricks adapter: Connection(session-id=01f18aa9-c5cf-1139-86c0-7e820084129e) - Created
[0m17:28:39.870555 [debug] [ThreadPool]: Databricks adapter: Connection(session-id=01f18aa9-c5cf-16b9-a181-a07115985daf) - Created
[0m17:28:43.707881 [debug] [ThreadPool]: SQL status: OK in 4.070 seconds
[0m17:28:43.711555 [debug] [ThreadPool]: Databricks adapter: Cursor(session-id=01f18aa9-c5cf-16b9-a181-a07115985daf, command-id=01f18aa9-c5dc-184c-be87-a6a4a8b559f6) - Closing
[0m17:28:43.712878 [debug] [ThreadPool]: On list_globalmart_bronze_dev: Close
[0m17:28:43.713644 [debug] [ThreadPool]: Databricks adapter: Connection(session-id=01f18aa9-c5cf-16b9-a181-a07115985daf) - Closing
[0m17:28:43.755224 [debug] [ThreadPool]: SQL status: OK in 4.110 seconds
[0m17:28:43.758424 [debug] [ThreadPool]: Databricks adapter: Cursor(session-id=01f18aa9-c5cf-1139-86c0-7e820084129e, command-id=01f18aa9-c5de-1ed5-a4a7-28b8f4a48a7c) - Closing
[0m17:28:43.786737 [debug] [ThreadPool]: On list_globalmart_bronze: Close
[0m17:28:43.788426 [debug] [ThreadPool]: Databricks adapter: Connection(session-id=01f18aa9-c5cf-1139-86c0-7e820084129e) - Closing
[0m17:28:43.849890 [debug] [MainThread]: Sending event: {'category': 'dbt', 'action': 'runnable_timing', 'label': 'ced560f3-b73d-4a45-9ef3-a533da6ad418', 'context': [<snowplow_tracker.self_describing_json.SelfDescribingJson object at 0xff28b83add60>]}
[0m17:28:43.855848 [debug] [Thread-3 (]: Began running node model.globalmart_dbt.fct_orders_incremental
[0m17:28:43.857861 [info ] [Thread-3 (]: 1 of 1 START sql incremental model bronze_dev.fct_orders_incremental ........... [RUN]
[0m17:28:43.859025 [debug] [Thread-3 (]: Databricks adapter: DatabricksDBTConnection(session-id=None, name=model.globalmart_dbt.fct_orders_incremental) - Creating connection
[0m17:28:43.859789 [debug] [Thread-3 (]: Acquiring new databricks connection 'model.globalmart_dbt.fct_orders_incremental'
[0m17:28:43.860669 [debug] [Thread-3 (]: Began compiling node model.globalmart_dbt.fct_orders_incremental
[0m17:28:43.874795 [debug] [Thread-3 (]: Writing injected SQL for node "model.globalmart_dbt.fct_orders_incremental"
[0m17:28:43.967417 [debug] [Thread-3 (]: Began executing node model.globalmart_dbt.fct_orders_incremental
[0m17:28:44.010068 [debug] [Thread-3 (]: MATERIALIZING INCREMENTAL
[0m17:28:44.043850 [debug] [Thread-3 (]: Using databricks connection "model.globalmart_dbt.fct_orders_incremental"
[0m17:28:44.044953 [debug] [Thread-3 (]: On model.globalmart_dbt.fct_orders_incremental: /* {"app": "dbt", "dbt_version": "1.11.12", "dbt_databricks_version": "1.12.2", "databricks_sql_connector_version": "4.3.0", "profile_name": "globalmart_dbt", "target_name": "dev", "invocation_id": "ced560f3-b73d-4a45-9ef3-a533da6ad418", "node_id": "model.globalmart_dbt.fct_orders_incremental"} */
SELECT column_name
  FROM `globalmart`.`information_schema`.`columns`
  WHERE table_catalog = 'globalmart' 
    AND table_schema = 'bronze_dev'
    AND table_name = 'fct_orders_incremental'
    AND is_nullable = 'NO';
  
[0m17:28:44.045739 [debug] [Thread-3 (]: Opening a new connection, currently in state init
[0m17:28:44.187854 [debug] [Thread-3 (]: Databricks adapter: Connection(session-id=01f18aa9-c865-16ac-802f-d681abcd85f4) - Created
[0m17:28:46.482756 [debug] [Thread-3 (]: SQL status: OK in 2.440 seconds
[0m17:28:46.485588 [debug] [Thread-3 (]: Databricks adapter: Cursor(session-id=01f18aa9-c865-16ac-802f-d681abcd85f4, command-id=01f18aa9-c86f-15bd-a673-4b43579a9bc3) - Closing
[0m17:28:46.493812 [debug] [Thread-3 (]: Using databricks connection "model.globalmart_dbt.fct_orders_incremental"
[0m17:28:46.494834 [debug] [Thread-3 (]: On model.globalmart_dbt.fct_orders_incremental: /* {"app": "dbt", "dbt_version": "1.11.12", "dbt_databricks_version": "1.12.2", "databricks_sql_connector_version": "4.3.0", "profile_name": "globalmart_dbt", "target_name": "dev", "invocation_id": "ced560f3-b73d-4a45-9ef3-a533da6ad418", "node_id": "model.globalmart_dbt.fct_orders_incremental"} */
SELECT kcu.constraint_name, kcu.column_name
  FROM `globalmart`.information_schema.key_column_usage kcu
  WHERE kcu.table_catalog = 'globalmart' 
    AND kcu.table_schema = 'bronze_dev'
    AND kcu.table_name = 'fct_orders_incremental' 
    AND kcu.constraint_name = (
      SELECT constraint_name
      FROM `globalmart`.information_schema.table_constraints
      WHERE table_catalog = 'globalmart'
        AND table_schema = 'bronze_dev'
        AND table_name = 'fct_orders_incremental' 
        AND constraint_type = 'PRIMARY KEY'
    )
  ORDER BY kcu.ordinal_position;
  
[0m17:28:48.895212 [debug] [Thread-3 (]: SQL status: OK in 2.400 seconds
[0m17:28:48.898284 [debug] [Thread-3 (]: Databricks adapter: Cursor(session-id=01f18aa9-c865-16ac-802f-d681abcd85f4, command-id=01f18aa9-c9cf-146c-8f8b-a7597d8545ab) - Closing
[0m17:28:48.906525 [debug] [Thread-3 (]: Using databricks connection "model.globalmart_dbt.fct_orders_incremental"
[0m17:28:48.907622 [debug] [Thread-3 (]: On model.globalmart_dbt.fct_orders_incremental: /* {"app": "dbt", "dbt_version": "1.11.12", "dbt_databricks_version": "1.12.2", "databricks_sql_connector_version": "4.3.0", "profile_name": "globalmart_dbt", "target_name": "dev", "invocation_id": "ced560f3-b73d-4a45-9ef3-a533da6ad418", "node_id": "model.globalmart_dbt.fct_orders_incremental"} */
SELECT
    kcu.constraint_name,
    kcu.column_name AS from_column,
    ukcu.table_catalog AS to_catalog,
    ukcu.table_schema AS to_schema,
    ukcu.table_name AS to_table,
    ukcu.column_name AS to_column
  FROM `globalmart`.information_schema.key_column_usage kcu
  JOIN `globalmart`.information_schema.referential_constraints rc
    ON kcu.constraint_name = rc.constraint_name
  JOIN `globalmart`.information_schema.key_column_usage ukcu
    ON rc.unique_constraint_name = ukcu.constraint_name
    AND kcu.ordinal_position = ukcu.ordinal_position
  WHERE kcu.table_catalog = 'globalmart'
    AND kcu.table_schema = 'bronze_dev'
    AND kcu.table_name = 'fct_orders_incremental'
    AND kcu.constraint_name IN (
      SELECT constraint_name
      FROM `globalmart`.information_schema.table_constraints
      WHERE table_catalog = 'globalmart'
        AND table_schema = 'bronze_dev'
        AND table_name = 'fct_orders_incremental'
        AND constraint_type = 'FOREIGN KEY'
    )
  ORDER BY kcu.ordinal_position;
  
[0m17:28:51.324090 [debug] [Thread-3 (]: SQL status: OK in 2.420 seconds
[0m17:28:51.328320 [debug] [Thread-3 (]: Databricks adapter: Cursor(session-id=01f18aa9-c865-16ac-802f-d681abcd85f4, command-id=01f18aa9-cb3f-1d03-80ee-6d28995f576b) - Closing
[0m17:28:51.334911 [debug] [Thread-3 (]: Using databricks connection "model.globalmart_dbt.fct_orders_incremental"
[0m17:28:51.335881 [debug] [Thread-3 (]: On model.globalmart_dbt.fct_orders_incremental: /* {"app": "dbt", "dbt_version": "1.11.12", "dbt_databricks_version": "1.12.2", "databricks_sql_connector_version": "4.3.0", "profile_name": "globalmart_dbt", "target_name": "dev", "invocation_id": "ced560f3-b73d-4a45-9ef3-a533da6ad418", "node_id": "model.globalmart_dbt.fct_orders_incremental"} */
SELECT 
    column_name,
    mask_name,
    using_columns
  FROM `system`.`information_schema`.`column_masks`
  WHERE table_catalog = 'globalmart'
    AND table_schema = 'bronze_dev'
    AND table_name = 'fct_orders_incremental';
  
[0m17:28:52.021509 [debug] [Thread-3 (]: SQL status: OK in 0.680 seconds
[0m17:28:52.024073 [debug] [Thread-3 (]: Databricks adapter: Cursor(session-id=01f18aa9-c865-16ac-802f-d681abcd85f4, command-id=01f18aa9-ccb1-1efd-b102-b0e41a00b521) - Closing
[0m17:28:52.030426 [debug] [Thread-3 (]: Using databricks connection "model.globalmart_dbt.fct_orders_incremental"
[0m17:28:52.031356 [debug] [Thread-3 (]: On model.globalmart_dbt.fct_orders_incremental: /* {"app": "dbt", "dbt_version": "1.11.12", "dbt_databricks_version": "1.12.2", "databricks_sql_connector_version": "4.3.0", "profile_name": "globalmart_dbt", "target_name": "dev", "invocation_id": "ced560f3-b73d-4a45-9ef3-a533da6ad418", "node_id": "model.globalmart_dbt.fct_orders_incremental"} */
SELECT
    table_catalog,
    table_schema,
    table_name,
    filter_name,
    target_columns
  FROM `globalmart`.`information_schema`.`row_filters`
  WHERE table_catalog = 'globalmart'
    AND table_schema = 'bronze_dev'
    AND table_name = 'fct_orders_incremental'
[0m17:28:52.609333 [debug] [Thread-3 (]: SQL status: OK in 0.580 seconds
[0m17:28:52.612523 [debug] [Thread-3 (]: Databricks adapter: Cursor(session-id=01f18aa9-c865-16ac-802f-d681abcd85f4, command-id=01f18aa9-cd1b-1a03-bedb-1f2bfe96a311) - Closing
[0m17:28:52.617416 [debug] [Thread-3 (]: Using databricks connection "model.globalmart_dbt.fct_orders_incremental"
[0m17:28:52.618449 [debug] [Thread-3 (]: On model.globalmart_dbt.fct_orders_incremental: /* {"app": "dbt", "dbt_version": "1.11.12", "dbt_databricks_version": "1.12.2", "databricks_sql_connector_version": "4.3.0", "profile_name": "globalmart_dbt", "target_name": "dev", "invocation_id": "ced560f3-b73d-4a45-9ef3-a533da6ad418", "node_id": "model.globalmart_dbt.fct_orders_incremental"} */
SHOW TBLPROPERTIES `globalmart`.`bronze_dev`.`fct_orders_incremental`
  
[0m17:28:54.529931 [debug] [Thread-3 (]: SQL status: OK in 1.910 seconds
[0m17:28:54.533139 [debug] [Thread-3 (]: Databricks adapter: Cursor(session-id=01f18aa9-c865-16ac-802f-d681abcd85f4, command-id=01f18aa9-cd75-16d6-b15e-c9de1fc9adff) - Closing
[0m17:28:54.537982 [debug] [Thread-3 (]: Using databricks connection "model.globalmart_dbt.fct_orders_incremental"
[0m17:28:54.539539 [debug] [Thread-3 (]: On model.globalmart_dbt.fct_orders_incremental: /* {"app": "dbt", "dbt_version": "1.11.12", "dbt_databricks_version": "1.12.2", "databricks_sql_connector_version": "4.3.0", "profile_name": "globalmart_dbt", "target_name": "dev", "invocation_id": "ced560f3-b73d-4a45-9ef3-a533da6ad418", "node_id": "model.globalmart_dbt.fct_orders_incremental"} */
describe extended `globalmart`.`bronze_dev`.`fct_orders_incremental`
  
[0m17:28:55.080483 [debug] [Thread-3 (]: SQL status: OK in 0.540 seconds
[0m17:28:55.083355 [debug] [Thread-3 (]: Databricks adapter: Cursor(session-id=01f18aa9-c865-16ac-802f-d681abcd85f4, command-id=01f18aa9-ce9b-10c4-a808-1c1ed31d3602) - Closing
[0m17:28:55.084630 [debug] [Thread-3 (]: Databricks adapter: Getting diff for ColumnCommentsConfig: comments={'order_id': '', 'customer_id': ''} persist=False and comments={'order_id': '', 'customer_id': '', 'order_status': '', 'order_purchase_timestamp_ist': '', '_ingested_at': '', '': ''} persist=False
[0m17:28:55.095450 [debug] [Thread-3 (]: Using databricks connection "model.globalmart_dbt.fct_orders_incremental"
[0m17:28:55.096470 [debug] [Thread-3 (]: On model.globalmart_dbt.fct_orders_incremental: /* {"app": "dbt", "dbt_version": "1.11.12", "dbt_databricks_version": "1.12.2", "databricks_sql_connector_version": "4.3.0", "profile_name": "globalmart_dbt", "target_name": "dev", "invocation_id": "ced560f3-b73d-4a45-9ef3-a533da6ad418", "node_id": "model.globalmart_dbt.fct_orders_incremental"} */

  
    create or replace temporary view `fct_orders_incremental__dbt_tmp` as
      with source_orders as (
    select * from `globalmart`.`bronze_dev`.`stg_orders`
)

select
    order_id,
    customer_id,
    order_status,
    order_purchase_timestamp_ist,
    _ingested_at
from source_orders


  where _ingested_at >= (select max(_ingested_at) - interval 3 days from `globalmart`.`bronze_dev`.`fct_orders_incremental`)
  
[0m17:28:56.301231 [debug] [Thread-3 (]: SQL status: OK in 1.200 seconds
[0m17:28:56.303325 [debug] [Thread-3 (]: Databricks adapter: Cursor(session-id=01f18aa9-c865-16ac-802f-d681abcd85f4, command-id=01f18aa9-ceef-1718-b1c3-46a41e8e51f3) - Closing
[0m17:28:56.334314 [debug] [Thread-3 (]: Using databricks connection "model.globalmart_dbt.fct_orders_incremental"
[0m17:28:56.338132 [debug] [Thread-3 (]: On model.globalmart_dbt.fct_orders_incremental: /* {"app": "dbt", "dbt_version": "1.11.12", "dbt_databricks_version": "1.12.2", "databricks_sql_connector_version": "4.3.0", "profile_name": "globalmart_dbt", "target_name": "dev", "invocation_id": "ced560f3-b73d-4a45-9ef3-a533da6ad418", "node_id": "model.globalmart_dbt.fct_orders_incremental"} */

    
  DESCRIBE TABLE EXTENDED `globalmart`.`bronze_dev`.`fct_orders_incremental` AS JSON

  
[0m17:28:56.735745 [debug] [Thread-3 (]: SQL status: OK in 0.390 seconds
[0m17:28:56.741686 [debug] [Thread-3 (]: Databricks adapter: Cursor(session-id=01f18aa9-c865-16ac-802f-d681abcd85f4, command-id=01f18aa9-cfad-1476-9c07-f78055ba7f71) - Closing
[0m17:28:56.744964 [debug] [Thread-3 (]: Using databricks connection "model.globalmart_dbt.fct_orders_incremental"
[0m17:28:56.747781 [debug] [Thread-3 (]: On model.globalmart_dbt.fct_orders_incremental: /* {"app": "dbt", "dbt_version": "1.11.12", "dbt_databricks_version": "1.12.2", "databricks_sql_connector_version": "4.3.0", "profile_name": "globalmart_dbt", "target_name": "dev", "invocation_id": "ced560f3-b73d-4a45-9ef3-a533da6ad418", "node_id": "model.globalmart_dbt.fct_orders_incremental"} */

    
  DESCRIBE TABLE EXTENDED `fct_orders_incremental__dbt_tmp` AS JSON

  
[0m17:28:56.934635 [debug] [Thread-3 (]: SQL status: OK in 0.180 seconds
[0m17:28:56.940434 [debug] [Thread-3 (]: Databricks adapter: Cursor(session-id=01f18aa9-c865-16ac-802f-d681abcd85f4, command-id=01f18aa9-cfeb-1c4c-b3f5-20b06834f708) - Closing
[0m17:28:56.953570 [debug] [Thread-3 (]: Writing runtime sql for node "model.globalmart_dbt.fct_orders_incremental"
[0m17:28:57.028224 [debug] [Thread-3 (]: Using databricks connection "model.globalmart_dbt.fct_orders_incremental"
[0m17:28:57.029145 [debug] [Thread-3 (]: On model.globalmart_dbt.fct_orders_incremental: /* {"app": "dbt", "dbt_version": "1.11.12", "dbt_databricks_version": "1.12.2", "databricks_sql_connector_version": "4.3.0", "profile_name": "globalmart_dbt", "target_name": "dev", "invocation_id": "ced560f3-b73d-4a45-9ef3-a533da6ad418", "node_id": "model.globalmart_dbt.fct_orders_incremental"} */
-- back compat for old kwarg name
  
  
  
  
  
  
      
          
          
      
  

    merge
    into
        `globalmart`.`bronze_dev`.`fct_orders_incremental` as DBT_INTERNAL_DEST
    using
        `fct_orders_incremental__dbt_tmp` as DBT_INTERNAL_SOURCE
    on
        
              DBT_INTERNAL_SOURCE.`order_id` <=> DBT_INTERNAL_DEST.`order_id`
          
    when matched
        then update set
            *
    when not matched
        then insert
            *

[0m17:29:13.732897 [debug] [Thread-3 (]: SQL status: OK in 16.700 seconds
[0m17:29:13.734915 [debug] [Thread-3 (]: Databricks adapter: Cursor(session-id=01f18aa9-c865-16ac-802f-d681abcd85f4, command-id=01f18aa9-d016-16a4-9120-f23dbba11483) - Closing
[0m17:29:13.841038 [debug] [Thread-3 (]: On model.globalmart_dbt.fct_orders_incremental: Close
[0m17:29:13.842109 [debug] [Thread-3 (]: Databricks adapter: Connection(session-id=01f18aa9-c865-16ac-802f-d681abcd85f4) - Closing
[0m17:29:13.906252 [debug] [Thread-3 (]: Sending event: {'category': 'dbt', 'action': 'run_model', 'label': 'ced560f3-b73d-4a45-9ef3-a533da6ad418', 'context': [<snowplow_tracker.self_describing_json.SelfDescribingJson object at 0xff28b84b2630>]}
[0m17:29:13.908958 [info ] [Thread-3 (]: 1 of 1 OK created sql incremental model bronze_dev.fct_orders_incremental ...... [[32mOK[0m in 30.05s]
[0m17:29:13.911278 [debug] [Thread-3 (]: Finished running node model.globalmart_dbt.fct_orders_incremental
[0m17:29:13.913492 [debug] [MainThread]: Databricks adapter: DatabricksDBTConnection(session-id=None, name=master) - Creating connection
[0m17:29:13.914462 [debug] [MainThread]: Acquiring new databricks connection 'master'
[0m17:29:13.915355 [info ] [MainThread]: 
[0m17:29:13.916146 [info ] [MainThread]: Finished running 1 incremental model in 0 hours 0 minutes and 43.43 seconds (43.43s).
[0m17:29:13.918256 [debug] [MainThread]: Command end result
[0m17:29:13.991064 [debug] [MainThread]: Wrote artifact WritableManifest to /Workspace/Users/iamnovaryn@gmail.com/DataBricks_Project/globalmart_dbt/target/manifest.json
[0m17:29:13.995660 [debug] [MainThread]: Wrote artifact SemanticManifest to /Workspace/Users/iamnovaryn@gmail.com/DataBricks_Project/globalmart_dbt/target/semantic_manifest.json
[0m17:29:14.049087 [debug] [MainThread]: Wrote artifact RunExecutionResult to /Workspace/Users/iamnovaryn@gmail.com/DataBricks_Project/globalmart_dbt/target/run_results.json
[0m17:29:14.050010 [info ] [MainThread]: 
[0m17:29:14.050893 [info ] [MainThread]: [32mCompleted successfully[0m
[0m17:29:14.051729 [info ] [MainThread]: 
[0m17:29:14.052483 [info ] [MainThread]: Done. PASS=1 WARN=0 ERROR=0 SKIP=0 NO-OP=0 TOTAL=1
[0m17:29:14.054429 [debug] [MainThread]: Resource report: {"command_name": "run", "command_success": true, "command_wall_clock_time": 48.61983, "process_in_blocks": "23632", "process_kernel_time": 0.476382, "process_mem_max_rss": "268560", "process_out_blocks": "8", "process_user_time": 4.696676}
[0m17:29:14.055418 [debug] [MainThread]: Command `dbt run` succeeded at 17:29:14.055278 after 48.62 seconds
[0m17:29:14.056312 [debug] [MainThread]: Sending event: {'category': 'dbt', 'action': 'invocation', 'label': 'end', 'context': [<snowplow_tracker.self_describing_json.SelfDescribingJson object at 0xff28b7e83b30>, <snowplow_tracker.self_describing_json.SelfDescribingJson object at 0xff28cc7dff80>, <snowplow_tracker.self_describing_json.SelfDescribingJson object at 0xff28b82d6540>]}
[0m17:29:14.057695 [debug] [MainThread]: Flushing usage events
[0m17:29:14.126559 [debug] [MainThread]: An error was encountered while trying to flush usage events
[0m17:32:24.455489 [debug] [MainThread]: Sending event: {'category': 'dbt', 'action': 'invocation', 'label': 'start', 'context': [<snowplow_tracker.self_describing_json.SelfDescribingJson object at 0xff0b70ad9dc0>, <snowplow_tracker.self_describing_json.SelfDescribingJson object at 0xff0b72a56300>, <snowplow_tracker.self_describing_json.SelfDescribingJson object at 0xff0b70adbe90>]}


============================== 17:32:24.463623 | ac71cde7-ab36-4bd5-8c20-8928b1ba85ad ==============================
[0m17:32:24.463623 [info ] [MainThread]: Running with dbt=1.11.12
[0m17:32:24.464918 [debug] [MainThread]: running dbt with arguments {'target_path': 'None', 'debug': 'False', 'printer_width': '80', 'use_experimental_parser': 'False', 'warn_error_options': 'WarnErrorOptionsV2(error=[], warn=[], silence=[])', 'empty': 'False', 'no_print': 'None', 'write_json': 'True', 'log_cache_events': 'False', 'send_anonymous_usage_stats': 'True', 'cache_selected_only': 'False', 'partial_parse': 'True', 'introspect': 'True', 'indirect_selection': 'eager', 'static_parser': 'True', 'use_colors': 'True', 'warn_error': 'None', 'profiles_dir': '/home/spark-58690ef7-a781-46db-bb93-20/.dbt', 'log_format': 'default', 'fail_fast': 'False', 'quiet': 'False', 'invocation_command': 'dbt run --select stg_orders fct_orders_incremental --full-refresh', 'version_check': 'True', 'log_path': '/Workspace/Users/iamnovaryn@gmail.com/DataBricks_Project/globalmart_dbt/logs'}
[0m17:32:25.506110 [debug] [MainThread]: Spark adapter: Setting pyhive.hive logging to ERROR
[0m17:32:25.513169 [debug] [MainThread]: Spark adapter: Setting thrift.transport logging to ERROR
[0m17:32:25.514848 [debug] [MainThread]: Spark adapter: Setting thrift.protocol logging to ERROR
[0m17:32:26.416152 [debug] [MainThread]: Sending event: {'category': 'dbt', 'action': 'project_id', 'label': 'ac71cde7-ab36-4bd5-8c20-8928b1ba85ad', 'context': [<snowplow_tracker.self_describing_json.SelfDescribingJson object at 0xff0b63c07e30>]}
[0m17:32:26.524896 [debug] [MainThread]: Sending event: {'category': 'dbt', 'action': 'adapter_info', 'label': 'ac71cde7-ab36-4bd5-8c20-8928b1ba85ad', 'context': [<snowplow_tracker.self_describing_json.SelfDescribingJson object at 0xff0b728e3b00>]}
[0m17:32:26.526589 [info ] [MainThread]: Registered adapter: databricks=1.12.2
[0m17:32:26.664270 [debug] [MainThread]: checksum: f368f5348cf42803b94ef7fb8257ecf3bf9a9a16dd9c8c51fe5172f2dbeb457f, vars: {}, profile: , target: , version: 1.11.12
[0m17:32:27.066248 [debug] [MainThread]: Partial parsing enabled: 0 files deleted, 0 files added, 1 files changed.
[0m17:32:27.068464 [debug] [MainThread]: Partial parsing: updated file: globalmart_dbt://models/staging/stg_orders.sql
[0m17:32:27.659280 [debug] [MainThread]: Sending event: {'category': 'dbt', 'action': 'load_project', 'label': 'ac71cde7-ab36-4bd5-8c20-8928b1ba85ad', 'context': [<snowplow_tracker.self_describing_json.SelfDescribingJson object at 0xff0b5b349d00>]}
[0m17:32:27.820574 [debug] [MainThread]: Wrote artifact WritableManifest to /Workspace/Users/iamnovaryn@gmail.com/DataBricks_Project/globalmart_dbt/target/manifest.json
[0m17:32:27.840725 [debug] [MainThread]: Wrote artifact SemanticManifest to /Workspace/Users/iamnovaryn@gmail.com/DataBricks_Project/globalmart_dbt/target/semantic_manifest.json
[0m17:32:27.882764 [debug] [MainThread]: Sending event: {'category': 'dbt', 'action': 'resource_counts', 'label': 'ac71cde7-ab36-4bd5-8c20-8928b1ba85ad', 'context': [<snowplow_tracker.self_describing_json.SelfDescribingJson object at 0xff0b703e4440>]}
[0m17:32:27.884139 [info ] [MainThread]: Found 5 models, 1 snapshot, 6 data tests, 2 sources, 770 macros
[0m17:32:27.885081 [debug] [MainThread]: Sending event: {'category': 'dbt', 'action': 'runnable_timing', 'label': 'ac71cde7-ab36-4bd5-8c20-8928b1ba85ad', 'context': [<snowplow_tracker.self_describing_json.SelfDescribingJson object at 0xff0b5c487da0>]}
[0m17:32:27.888086 [info ] [MainThread]: 
[0m17:32:27.889072 [info ] [MainThread]: Concurrency: 4 threads (target='dev')
[0m17:32:27.889912 [info ] [MainThread]: 
[0m17:32:27.891089 [debug] [MainThread]: Databricks adapter: DatabricksDBTConnection(session-id=None, name=master) - Creating connection
[0m17:32:27.891908 [debug] [MainThread]: Acquiring new databricks connection 'master'
[0m17:32:27.899203 [debug] [ThreadPool]: Databricks adapter: DatabricksDBTConnection(session-id=None, name=list_globalmart) - Creating connection
[0m17:32:27.901236 [debug] [ThreadPool]: Acquiring new databricks connection 'list_globalmart'
[0m17:32:27.914751 [debug] [ThreadPool]: Using databricks connection "list_globalmart"
[0m17:32:27.915809 [debug] [ThreadPool]: On list_globalmart: /* {"app": "dbt", "dbt_version": "1.11.12", "dbt_databricks_version": "1.12.2", "databricks_sql_connector_version": "4.3.0", "profile_name": "globalmart_dbt", "target_name": "dev", "invocation_id": "ac71cde7-ab36-4bd5-8c20-8928b1ba85ad", "connection_name": "list_globalmart"} */

    

  SHOW SCHEMAS IN `globalmart`


  
[0m17:32:27.916537 [debug] [ThreadPool]: Opening a new connection, currently in state init
[0m17:32:28.185491 [debug] [ThreadPool]: Databricks adapter: Connection(session-id=01f18aaa-4de3-11d6-9f8e-72face0987ab) - Created
[0m17:32:28.482876 [debug] [ThreadPool]: SQL status: OK in 0.570 seconds
[0m17:32:28.488564 [debug] [ThreadPool]: Databricks adapter: Cursor(session-id=01f18aaa-4de3-11d6-9f8e-72face0987ab, command-id=01f18aaa-4df2-1d82-b92b-51dbd25b7f7f) - Closing
[0m17:32:28.489896 [debug] [ThreadPool]: On list_globalmart: Close
[0m17:32:28.490643 [debug] [ThreadPool]: Databricks adapter: Connection(session-id=01f18aaa-4de3-11d6-9f8e-72face0987ab) - Closing
[0m17:32:28.548466 [debug] [ThreadPool]: Databricks adapter: DatabricksDBTConnection(session-id=None, name=list_globalmart_bronze_dev) - Creating connection
[0m17:32:28.549895 [debug] [ThreadPool]: Databricks adapter: DatabricksDBTConnection(session-id=None, name=list_globalmart_bronze) - Creating connection
[0m17:32:28.550927 [debug] [ThreadPool]: Acquiring new databricks connection 'list_globalmart_bronze_dev'
[0m17:32:28.557117 [debug] [ThreadPool]: Acquiring new databricks connection 'list_globalmart_bronze'
[0m17:32:28.569046 [debug] [ThreadPool]: Using databricks connection "list_globalmart_bronze_dev"
[0m17:32:28.572960 [debug] [ThreadPool]: Using databricks connection "list_globalmart_bronze"
[0m17:32:28.574337 [debug] [ThreadPool]: On list_globalmart_bronze_dev: /* {"app": "dbt", "dbt_version": "1.11.12", "dbt_databricks_version": "1.12.2", "databricks_sql_connector_version": "4.3.0", "profile_name": "globalmart_dbt", "target_name": "dev", "invocation_id": "ac71cde7-ab36-4bd5-8c20-8928b1ba85ad", "connection_name": "list_globalmart_bronze_dev"} */

    
SELECT
  table_name,
  if(table_type IN ('EXTERNAL', 'MANAGED', 'MANAGED_SHALLOW_CLONE', 'EXTERNAL_SHALLOW_CLONE'), 'table', lower(table_type)) AS table_type,
  lower(data_source_format) AS file_format,
  table_owner,
  if(
    table_type IN (
      'EXTERNAL',
      'MANAGED',
      'MANAGED_SHALLOW_CLONE',
      'EXTERNAL_SHALLOW_CLONE'
    ),
    lower(table_type),
    NULL
  ) AS databricks_table_type
FROM `system`.`information_schema`.`tables`
WHERE table_catalog = 'globalmart'
  AND table_schema = 'bronze_dev'

  
[0m17:32:28.575193 [debug] [ThreadPool]: On list_globalmart_bronze: /* {"app": "dbt", "dbt_version": "1.11.12", "dbt_databricks_version": "1.12.2", "databricks_sql_connector_version": "4.3.0", "profile_name": "globalmart_dbt", "target_name": "dev", "invocation_id": "ac71cde7-ab36-4bd5-8c20-8928b1ba85ad", "connection_name": "list_globalmart_bronze"} */

    
SELECT
  table_name,
  if(table_type IN ('EXTERNAL', 'MANAGED', 'MANAGED_SHALLOW_CLONE', 'EXTERNAL_SHALLOW_CLONE'), 'table', lower(table_type)) AS table_type,
  lower(data_source_format) AS file_format,
  table_owner,
  if(
    table_type IN (
      'EXTERNAL',
      'MANAGED',
      'MANAGED_SHALLOW_CLONE',
      'EXTERNAL_SHALLOW_CLONE'
    ),
    lower(table_type),
    NULL
  ) AS databricks_table_type
FROM `system`.`information_schema`.`tables`
WHERE table_catalog = 'globalmart'
  AND table_schema = 'bronze'

  
[0m17:32:28.575932 [debug] [ThreadPool]: Opening a new connection, currently in state init
[0m17:32:28.576626 [debug] [ThreadPool]: Opening a new connection, currently in state init
[0m17:32:28.826694 [debug] [ThreadPool]: Databricks adapter: Connection(session-id=01f18aaa-4e46-129e-a6e2-88a4fa9fff13) - Created
[0m17:32:28.827449 [debug] [ThreadPool]: Databricks adapter: Connection(session-id=01f18aaa-4e46-1f04-afba-e511628ea8d1) - Created
[0m17:32:29.371305 [debug] [ThreadPool]: SQL status: OK in 0.790 seconds
[0m17:32:29.374658 [debug] [ThreadPool]: Databricks adapter: Cursor(session-id=01f18aaa-4e46-129e-a6e2-88a4fa9fff13, command-id=01f18aaa-4e54-18c8-b730-020b31b1a9ca) - Closing
[0m17:32:29.376337 [debug] [ThreadPool]: On list_globalmart_bronze: Close
[0m17:32:29.377199 [debug] [ThreadPool]: Databricks adapter: Connection(session-id=01f18aaa-4e46-129e-a6e2-88a4fa9fff13) - Closing
[0m17:32:29.434217 [debug] [ThreadPool]: SQL status: OK in 0.860 seconds
[0m17:32:29.437560 [debug] [ThreadPool]: Databricks adapter: Cursor(session-id=01f18aaa-4e46-1f04-afba-e511628ea8d1, command-id=01f18aaa-4e54-172a-a7cb-2629623c6ea3) - Closing
[0m17:32:29.453566 [debug] [ThreadPool]: On list_globalmart_bronze_dev: Close
[0m17:32:29.456632 [debug] [ThreadPool]: Databricks adapter: Connection(session-id=01f18aaa-4e46-1f04-afba-e511628ea8d1) - Closing
[0m17:32:29.525253 [debug] [MainThread]: Sending event: {'category': 'dbt', 'action': 'runnable_timing', 'label': 'ac71cde7-ab36-4bd5-8c20-8928b1ba85ad', 'context': [<snowplow_tracker.self_describing_json.SelfDescribingJson object at 0xff0b726ab050>]}
[0m17:32:29.529729 [debug] [Thread-3 (]: Began running node model.globalmart_dbt.stg_orders
[0m17:32:29.532668 [info ] [Thread-3 (]: 1 of 2 START sql view model bronze_dev.stg_orders .............................. [RUN]
[0m17:32:29.534507 [debug] [Thread-3 (]: Databricks adapter: DatabricksDBTConnection(session-id=None, name=model.globalmart_dbt.stg_orders) - Creating connection
[0m17:32:29.535760 [debug] [Thread-3 (]: Acquiring new databricks connection 'model.globalmart_dbt.stg_orders'
[0m17:32:29.536678 [debug] [Thread-3 (]: Began compiling node model.globalmart_dbt.stg_orders
[0m17:32:29.545855 [debug] [Thread-3 (]: Writing injected SQL for node "model.globalmart_dbt.stg_orders"
[0m17:32:29.617469 [debug] [Thread-3 (]: Began executing node model.globalmart_dbt.stg_orders
[0m17:32:29.634458 [debug] [Thread-3 (]: MATERIALIZING VIEW
[0m17:32:29.655679 [debug] [Thread-3 (]: Creating view `globalmart`.`bronze_dev`.`stg_orders`
[0m17:32:29.669113 [debug] [Thread-3 (]: Writing runtime sql for node "model.globalmart_dbt.stg_orders"
[0m17:32:29.772816 [debug] [Thread-3 (]: Using databricks connection "model.globalmart_dbt.stg_orders"
[0m17:32:29.773856 [debug] [Thread-3 (]: On model.globalmart_dbt.stg_orders: /* {"app": "dbt", "dbt_version": "1.11.12", "dbt_databricks_version": "1.12.2", "databricks_sql_connector_version": "4.3.0", "profile_name": "globalmart_dbt", "target_name": "dev", "invocation_id": "ac71cde7-ab36-4bd5-8c20-8928b1ba85ad", "node_id": "model.globalmart_dbt.stg_orders"} */

  
  
  
  create or replace view `globalmart`.`bronze_dev`.`stg_orders`
  
  as (
    with raw_orders as (
    select * from `globalmart`.`bronze`.`bronze_orders`
),
deduped as (
    select *,
        row_number() over (
            partition by order_id 
            order by _ingested_at desc, order_purchase_timestamp desc
        ) as rn
    from raw_orders
    where order_id is not null
)
select
    order_id,
    customer_id,
    order_status,
    
    from_utc_timestamp(order_purchase_timestamp, 'Asia/Kolkata')
 as order_purchase_timestamp_ist,
    _ingested_at
from deduped
where rn = 1
  )

[0m17:32:29.774735 [debug] [Thread-3 (]: Opening a new connection, currently in state init
[0m17:32:29.917698 [debug] [Thread-3 (]: Databricks adapter: Connection(session-id=01f18aaa-4ef1-1882-9ecc-ee6111ba81fc) - Created
[0m17:32:31.411700 [debug] [Thread-3 (]: SQL status: OK in 1.640 seconds
[0m17:32:31.413711 [debug] [Thread-3 (]: Databricks adapter: Cursor(session-id=01f18aaa-4ef1-1882-9ecc-ee6111ba81fc, command-id=01f18aaa-4efb-199c-80ae-15ab2e79df51) - Closing
[0m17:32:31.426736 [debug] [Thread-3 (]: Applying tags to relation None
[0m17:32:31.429811 [debug] [Thread-3 (]: On model.globalmart_dbt.stg_orders: Close
[0m17:32:31.430991 [debug] [Thread-3 (]: Databricks adapter: Connection(session-id=01f18aaa-4ef1-1882-9ecc-ee6111ba81fc) - Closing
[0m17:32:31.503542 [debug] [Thread-3 (]: Sending event: {'category': 'dbt', 'action': 'run_model', 'label': 'ac71cde7-ab36-4bd5-8c20-8928b1ba85ad', 'context': [<snowplow_tracker.self_describing_json.SelfDescribingJson object at 0xff0b5c7b23f0>]}
[0m17:32:31.505981 [info ] [Thread-3 (]: 1 of 2 OK created sql view model bronze_dev.stg_orders ......................... [[32mOK[0m in 1.97s]
[0m17:32:31.507493 [debug] [Thread-3 (]: Finished running node model.globalmart_dbt.stg_orders
[0m17:32:31.509114 [debug] [Thread-5 (]: Began running node model.globalmart_dbt.fct_orders_incremental
[0m17:32:31.512807 [info ] [Thread-5 (]: 2 of 2 START sql incremental model bronze_dev.fct_orders_incremental ........... [RUN]
[0m17:32:31.519715 [debug] [Thread-5 (]: Databricks adapter: DatabricksDBTConnection(session-id=None, name=model.globalmart_dbt.fct_orders_incremental) - Creating connection
[0m17:32:31.521006 [debug] [Thread-5 (]: Acquiring new databricks connection 'model.globalmart_dbt.fct_orders_incremental'
[0m17:32:31.523880 [debug] [Thread-5 (]: Began compiling node model.globalmart_dbt.fct_orders_incremental
[0m17:32:31.536661 [debug] [Thread-5 (]: Writing injected SQL for node "model.globalmart_dbt.fct_orders_incremental"
[0m17:32:31.571487 [debug] [Thread-5 (]: Began executing node model.globalmart_dbt.fct_orders_incremental
[0m17:32:31.620029 [debug] [Thread-5 (]: MATERIALIZING INCREMENTAL
[0m17:32:31.675132 [debug] [Thread-5 (]: Using databricks connection "model.globalmart_dbt.fct_orders_incremental"
[0m17:32:31.681021 [debug] [Thread-5 (]: On model.globalmart_dbt.fct_orders_incremental: /* {"app": "dbt", "dbt_version": "1.11.12", "dbt_databricks_version": "1.12.2", "databricks_sql_connector_version": "4.3.0", "profile_name": "globalmart_dbt", "target_name": "dev", "invocation_id": "ac71cde7-ab36-4bd5-8c20-8928b1ba85ad", "node_id": "model.globalmart_dbt.fct_orders_incremental"} */
SELECT
    table_catalog,
    table_schema,
    table_name,
    filter_name,
    target_columns
  FROM `globalmart`.`information_schema`.`row_filters`
  WHERE table_catalog = 'globalmart'
    AND table_schema = 'bronze_dev'
    AND table_name = 'fct_orders_incremental'
[0m17:32:31.686871 [debug] [Thread-5 (]: Opening a new connection, currently in state init
[0m17:32:31.864928 [debug] [Thread-5 (]: Databricks adapter: Connection(session-id=01f18aaa-5016-1ca2-a027-ea690d533b59) - Created
[0m17:32:32.337487 [debug] [Thread-5 (]: SQL status: OK in 0.650 seconds
[0m17:32:32.348373 [debug] [Thread-5 (]: Databricks adapter: Cursor(session-id=01f18aaa-5016-1ca2-a027-ea690d533b59, command-id=01f18aaa-5023-19c2-bf03-be020d6d2297) - Closing
[0m17:32:32.368494 [debug] [Thread-5 (]: Writing runtime sql for node "model.globalmart_dbt.fct_orders_incremental"
[0m17:32:32.402780 [debug] [Thread-5 (]: Using databricks connection "model.globalmart_dbt.fct_orders_incremental"
[0m17:32:32.403860 [debug] [Thread-5 (]: On model.globalmart_dbt.fct_orders_incremental: /* {"app": "dbt", "dbt_version": "1.11.12", "dbt_databricks_version": "1.12.2", "databricks_sql_connector_version": "4.3.0", "profile_name": "globalmart_dbt", "target_name": "dev", "invocation_id": "ac71cde7-ab36-4bd5-8c20-8928b1ba85ad", "node_id": "model.globalmart_dbt.fct_orders_incremental"} */

  
    
        create or replace table `globalmart`.`bronze_dev`.`fct_orders_incremental`
      
      
    using delta
  
      
      
      
      
      
      
      
      
      as
      with source_orders as (
    select * from `globalmart`.`bronze_dev`.`stg_orders`
)

select
    order_id,
    customer_id,
    order_status,
    order_purchase_timestamp_ist,
    _ingested_at
from source_orders
  
[0m17:32:36.329230 [debug] [Thread-5 (]: SQL status: OK in 3.920 seconds
[0m17:32:36.331142 [debug] [Thread-5 (]: Databricks adapter: Cursor(session-id=01f18aaa-5016-1ca2-a027-ea690d533b59, command-id=01f18aaa-5075-1ad1-ad8f-7c94f5c8e52f) - Closing
[0m17:32:36.339360 [debug] [Thread-5 (]: Applying tags to relation None
[0m17:32:36.351843 [debug] [Thread-5 (]: On model.globalmart_dbt.fct_orders_incremental: Close
[0m17:32:36.352931 [debug] [Thread-5 (]: Databricks adapter: Connection(session-id=01f18aaa-5016-1ca2-a027-ea690d533b59) - Closing
[0m17:32:36.424745 [debug] [Thread-5 (]: Sending event: {'category': 'dbt', 'action': 'run_model', 'label': 'ac71cde7-ab36-4bd5-8c20-8928b1ba85ad', 'context': [<snowplow_tracker.self_describing_json.SelfDescribingJson object at 0xff0b5b01a630>]}
[0m17:32:36.429084 [info ] [Thread-5 (]: 2 of 2 OK created sql incremental model bronze_dev.fct_orders_incremental ...... [[32mOK[0m in 4.91s]
[0m17:32:36.430829 [debug] [Thread-5 (]: Finished running node model.globalmart_dbt.fct_orders_incremental
[0m17:32:36.435904 [debug] [MainThread]: Databricks adapter: DatabricksDBTConnection(session-id=None, name=master) - Creating connection
[0m17:32:36.437020 [debug] [MainThread]: Acquiring new databricks connection 'master'
[0m17:32:36.438107 [info ] [MainThread]: 
[0m17:32:36.439133 [info ] [MainThread]: Finished running 1 incremental model, 1 view model in 0 hours 0 minutes and 8.55 seconds (8.55s).
[0m17:32:36.440619 [debug] [MainThread]: Command end result
[0m17:32:36.509512 [debug] [MainThread]: Wrote artifact WritableManifest to /Workspace/Users/iamnovaryn@gmail.com/DataBricks_Project/globalmart_dbt/target/manifest.json
[0m17:32:36.514548 [debug] [MainThread]: Wrote artifact SemanticManifest to /Workspace/Users/iamnovaryn@gmail.com/DataBricks_Project/globalmart_dbt/target/semantic_manifest.json
[0m17:32:36.543391 [debug] [MainThread]: Wrote artifact RunExecutionResult to /Workspace/Users/iamnovaryn@gmail.com/DataBricks_Project/globalmart_dbt/target/run_results.json
[0m17:32:36.552696 [info ] [MainThread]: 
[0m17:32:36.554492 [info ] [MainThread]: [32mCompleted successfully[0m
[0m17:32:36.556372 [info ] [MainThread]: 
[0m17:32:36.557354 [info ] [MainThread]: Done. PASS=2 WARN=0 ERROR=0 SKIP=0 NO-OP=0 TOTAL=2
[0m17:32:36.558967 [debug] [MainThread]: Resource report: {"command_name": "run", "command_success": true, "command_wall_clock_time": 12.262718, "process_in_blocks": "0", "process_kernel_time": 0.432189, "process_mem_max_rss": "281260", "process_out_blocks": "0", "process_user_time": 5.487805}
[0m17:32:36.560047 [debug] [MainThread]: Command `dbt run` succeeded at 17:32:36.559897 after 12.26 seconds
[0m17:32:36.561123 [debug] [MainThread]: Sending event: {'category': 'dbt', 'action': 'invocation', 'label': 'end', 'context': [<snowplow_tracker.self_describing_json.SelfDescribingJson object at 0xff0b70b19400>, <snowplow_tracker.self_describing_json.SelfDescribingJson object at 0xff0b5c4b59a0>, <snowplow_tracker.self_describing_json.SelfDescribingJson object at 0xff0b5bbac440>]}
[0m17:32:36.566395 [debug] [MainThread]: Flushing usage events
[0m17:32:36.631243 [debug] [MainThread]: An error was encountered while trying to flush usage events
[0m17:32:39.085407 [debug] [MainThread]: Sending event: {'category': 'dbt', 'action': 'invocation', 'label': 'start', 'context': [<snowplow_tracker.self_describing_json.SelfDescribingJson object at 0xff423ab4a6f0>, <snowplow_tracker.self_describing_json.SelfDescribingJson object at 0xff423ab4b080>, <snowplow_tracker.self_describing_json.SelfDescribingJson object at 0xff423a3220f0>]}


============================== 17:32:39.089294 | 01ead534-64af-413f-9648-a4dad71ed705 ==============================
[0m17:32:39.089294 [info ] [MainThread]: Running with dbt=1.11.12
[0m17:32:39.090460 [debug] [MainThread]: running dbt with arguments {'quiet': 'False', 'log_path': '/Workspace/Users/iamnovaryn@gmail.com/DataBricks_Project/globalmart_dbt/logs', 'debug': 'False', 'warn_error_options': 'WarnErrorOptionsV2(error=[], warn=[], silence=[])', 'invocation_command': 'dbt run --select fct_orders_incremental', 'log_cache_events': 'False', 'version_check': 'True', 'profiles_dir': '/home/spark-58690ef7-a781-46db-bb93-20/.dbt', 'send_anonymous_usage_stats': 'True', 'warn_error': 'None', 'fail_fast': 'False', 'use_experimental_parser': 'False', 'target_path': 'None', 'printer_width': '80', 'cache_selected_only': 'False', 'static_parser': 'True', 'indirect_selection': 'eager', 'log_format': 'default', 'no_print': 'None', 'empty': 'False', 'use_colors': 'True', 'partial_parse': 'True', 'write_json': 'True', 'introspect': 'True'}
[0m17:32:40.029790 [debug] [MainThread]: Spark adapter: Setting pyhive.hive logging to ERROR
[0m17:32:40.031163 [debug] [MainThread]: Spark adapter: Setting thrift.transport logging to ERROR
[0m17:32:40.032052 [debug] [MainThread]: Spark adapter: Setting thrift.protocol logging to ERROR
[0m17:32:40.937677 [debug] [MainThread]: Sending event: {'category': 'dbt', 'action': 'project_id', 'label': '01ead534-64af-413f-9648-a4dad71ed705', 'context': [<snowplow_tracker.self_describing_json.SelfDescribingJson object at 0xff4225ce2810>]}
[0m17:32:41.030219 [debug] [MainThread]: Sending event: {'category': 'dbt', 'action': 'adapter_info', 'label': '01ead534-64af-413f-9648-a4dad71ed705', 'context': [<snowplow_tracker.self_describing_json.SelfDescribingJson object at 0xff4237256750>]}
[0m17:32:41.032028 [info ] [MainThread]: Registered adapter: databricks=1.12.2
[0m17:32:41.165290 [debug] [MainThread]: checksum: f368f5348cf42803b94ef7fb8257ecf3bf9a9a16dd9c8c51fe5172f2dbeb457f, vars: {}, profile: , target: , version: 1.11.12
[0m17:32:41.444256 [debug] [MainThread]: Partial parsing enabled: 0 files deleted, 0 files added, 0 files changed.
[0m17:32:41.445359 [debug] [MainThread]: Nothing changed, skipping partial parsing.
[0m17:32:41.446226 [debug] [MainThread]: Partial parsing enabled, no changes found, skipping parsing
[0m17:32:41.516068 [debug] [MainThread]: Sending event: {'category': 'dbt', 'action': 'load_project', 'label': '01ead534-64af-413f-9648-a4dad71ed705', 'context': [<snowplow_tracker.self_describing_json.SelfDescribingJson object at 0xff42257cb0e0>]}
[0m17:32:41.675767 [debug] [MainThread]: Wrote artifact WritableManifest to /Workspace/Users/iamnovaryn@gmail.com/DataBricks_Project/globalmart_dbt/target/manifest.json
[0m17:32:41.679831 [debug] [MainThread]: Wrote artifact SemanticManifest to /Workspace/Users/iamnovaryn@gmail.com/DataBricks_Project/globalmart_dbt/target/semantic_manifest.json
[0m17:32:41.692428 [debug] [MainThread]: Sending event: {'category': 'dbt', 'action': 'resource_counts', 'label': '01ead534-64af-413f-9648-a4dad71ed705', 'context': [<snowplow_tracker.self_describing_json.SelfDescribingJson object at 0xff4239989220>]}
[0m17:32:41.693595 [info ] [MainThread]: Found 5 models, 1 snapshot, 6 data tests, 2 sources, 770 macros
[0m17:32:41.694511 [debug] [MainThread]: Sending event: {'category': 'dbt', 'action': 'runnable_timing', 'label': '01ead534-64af-413f-9648-a4dad71ed705', 'context': [<snowplow_tracker.self_describing_json.SelfDescribingJson object at 0xff42257837a0>]}
[0m17:32:41.697015 [info ] [MainThread]: 
[0m17:32:41.698635 [info ] [MainThread]: Concurrency: 4 threads (target='dev')
[0m17:32:41.700119 [info ] [MainThread]: 
[0m17:32:41.701700 [debug] [MainThread]: Databricks adapter: DatabricksDBTConnection(session-id=None, name=master) - Creating connection
[0m17:32:41.702522 [debug] [MainThread]: Acquiring new databricks connection 'master'
[0m17:32:41.704102 [debug] [ThreadPool]: Databricks adapter: DatabricksDBTConnection(session-id=None, name=list_globalmart) - Creating connection
[0m17:32:41.706100 [debug] [ThreadPool]: Acquiring new databricks connection 'list_globalmart'
[0m17:32:41.722887 [debug] [ThreadPool]: Using databricks connection "list_globalmart"
[0m17:32:41.723981 [debug] [ThreadPool]: On list_globalmart: /* {"app": "dbt", "dbt_version": "1.11.12", "dbt_databricks_version": "1.12.2", "databricks_sql_connector_version": "4.3.0", "profile_name": "globalmart_dbt", "target_name": "dev", "invocation_id": "01ead534-64af-413f-9648-a4dad71ed705", "connection_name": "list_globalmart"} */

    

  SHOW SCHEMAS IN `globalmart`


  
[0m17:32:41.724754 [debug] [ThreadPool]: Opening a new connection, currently in state init
[0m17:32:41.994943 [debug] [ThreadPool]: Databricks adapter: Connection(session-id=01f18aaa-561d-1462-b05b-288b1a14b717) - Created
[0m17:32:42.324396 [debug] [ThreadPool]: SQL status: OK in 0.600 seconds
[0m17:32:42.329849 [debug] [ThreadPool]: Databricks adapter: Cursor(session-id=01f18aaa-561d-1462-b05b-288b1a14b717, command-id=01f18aaa-562d-1f67-8723-e4717a2acdd5) - Closing
[0m17:32:42.331055 [debug] [ThreadPool]: On list_globalmart: Close
[0m17:32:42.331878 [debug] [ThreadPool]: Databricks adapter: Connection(session-id=01f18aaa-561d-1462-b05b-288b1a14b717) - Closing
[0m17:32:42.405149 [debug] [ThreadPool]: Databricks adapter: DatabricksDBTConnection(session-id=None, name=list_globalmart_bronze_dev) - Creating connection
[0m17:32:42.406170 [debug] [ThreadPool]: Databricks adapter: DatabricksDBTConnection(session-id=None, name=list_globalmart_bronze) - Creating connection
[0m17:32:42.408044 [debug] [ThreadPool]: Acquiring new databricks connection 'list_globalmart_bronze_dev'
[0m17:32:42.410669 [debug] [ThreadPool]: Acquiring new databricks connection 'list_globalmart_bronze'
[0m17:32:42.419240 [debug] [ThreadPool]: Using databricks connection "list_globalmart_bronze_dev"
[0m17:32:42.422983 [debug] [ThreadPool]: Using databricks connection "list_globalmart_bronze"
[0m17:32:42.424852 [debug] [ThreadPool]: On list_globalmart_bronze_dev: /* {"app": "dbt", "dbt_version": "1.11.12", "dbt_databricks_version": "1.12.2", "databricks_sql_connector_version": "4.3.0", "profile_name": "globalmart_dbt", "target_name": "dev", "invocation_id": "01ead534-64af-413f-9648-a4dad71ed705", "connection_name": "list_globalmart_bronze_dev"} */

    
SELECT
  table_name,
  if(table_type IN ('EXTERNAL', 'MANAGED', 'MANAGED_SHALLOW_CLONE', 'EXTERNAL_SHALLOW_CLONE'), 'table', lower(table_type)) AS table_type,
  lower(data_source_format) AS file_format,
  table_owner,
  if(
    table_type IN (
      'EXTERNAL',
      'MANAGED',
      'MANAGED_SHALLOW_CLONE',
      'EXTERNAL_SHALLOW_CLONE'
    ),
    lower(table_type),
    NULL
  ) AS databricks_table_type
FROM `system`.`information_schema`.`tables`
WHERE table_catalog = 'globalmart'
  AND table_schema = 'bronze_dev'

  
[0m17:32:42.425892 [debug] [ThreadPool]: On list_globalmart_bronze: /* {"app": "dbt", "dbt_version": "1.11.12", "dbt_databricks_version": "1.12.2", "databricks_sql_connector_version": "4.3.0", "profile_name": "globalmart_dbt", "target_name": "dev", "invocation_id": "01ead534-64af-413f-9648-a4dad71ed705", "connection_name": "list_globalmart_bronze"} */

    
SELECT
  table_name,
  if(table_type IN ('EXTERNAL', 'MANAGED', 'MANAGED_SHALLOW_CLONE', 'EXTERNAL_SHALLOW_CLONE'), 'table', lower(table_type)) AS table_type,
  lower(data_source_format) AS file_format,
  table_owner,
  if(
    table_type IN (
      'EXTERNAL',
      'MANAGED',
      'MANAGED_SHALLOW_CLONE',
      'EXTERNAL_SHALLOW_CLONE'
    ),
    lower(table_type),
    NULL
  ) AS databricks_table_type
FROM `system`.`information_schema`.`tables`
WHERE table_catalog = 'globalmart'
  AND table_schema = 'bronze'

  
[0m17:32:42.426954 [debug] [ThreadPool]: Opening a new connection, currently in state init
[0m17:32:42.427926 [debug] [ThreadPool]: Opening a new connection, currently in state init
[0m17:32:42.651646 [debug] [ThreadPool]: Databricks adapter: Connection(session-id=01f18aaa-5687-1cdc-9168-dd64be47ee9f) - Created
[0m17:32:42.652619 [debug] [ThreadPool]: Databricks adapter: Connection(session-id=01f18aaa-5687-15d5-8f65-9f7b013a0fb8) - Created
[0m17:32:43.195815 [debug] [ThreadPool]: SQL status: OK in 0.770 seconds
[0m17:32:43.198948 [debug] [ThreadPool]: Databricks adapter: Cursor(session-id=01f18aaa-5687-15d5-8f65-9f7b013a0fb8, command-id=01f18aaa-5692-1230-982b-db0c9cf9df29) - Closing
[0m17:32:43.200250 [debug] [ThreadPool]: On list_globalmart_bronze_dev: Close
[0m17:32:43.201199 [debug] [ThreadPool]: Databricks adapter: Connection(session-id=01f18aaa-5687-15d5-8f65-9f7b013a0fb8) - Closing
[0m17:32:43.488090 [debug] [ThreadPool]: SQL status: OK in 1.060 seconds
[0m17:32:43.491893 [debug] [ThreadPool]: Databricks adapter: Cursor(session-id=01f18aaa-5687-1cdc-9168-dd64be47ee9f, command-id=01f18aaa-5692-1234-a6dd-b23d7b42b57d) - Closing
[0m17:32:43.493480 [debug] [ThreadPool]: On list_globalmart_bronze: Close
[0m17:32:43.494334 [debug] [ThreadPool]: Databricks adapter: Connection(session-id=01f18aaa-5687-1cdc-9168-dd64be47ee9f) - Closing
[0m17:32:43.566476 [debug] [MainThread]: Sending event: {'category': 'dbt', 'action': 'runnable_timing', 'label': '01ead534-64af-413f-9648-a4dad71ed705', 'context': [<snowplow_tracker.self_describing_json.SelfDescribingJson object at 0xff423bcaf140>]}
[0m17:32:43.573090 [debug] [Thread-3 (]: Began running node model.globalmart_dbt.fct_orders_incremental
[0m17:32:43.576127 [info ] [Thread-3 (]: 1 of 1 START sql incremental model bronze_dev.fct_orders_incremental ........... [RUN]
[0m17:32:43.577771 [debug] [Thread-3 (]: Databricks adapter: DatabricksDBTConnection(session-id=None, name=model.globalmart_dbt.fct_orders_incremental) - Creating connection
[0m17:32:43.579061 [debug] [Thread-3 (]: Acquiring new databricks connection 'model.globalmart_dbt.fct_orders_incremental'
[0m17:32:43.580102 [debug] [Thread-3 (]: Began compiling node model.globalmart_dbt.fct_orders_incremental
[0m17:32:43.596993 [debug] [Thread-3 (]: Writing injected SQL for node "model.globalmart_dbt.fct_orders_incremental"
[0m17:32:43.599951 [debug] [Thread-3 (]: Began executing node model.globalmart_dbt.fct_orders_incremental
[0m17:32:43.644321 [debug] [Thread-3 (]: MATERIALIZING INCREMENTAL
[0m17:32:43.686532 [debug] [Thread-3 (]: Using databricks connection "model.globalmart_dbt.fct_orders_incremental"
[0m17:32:43.688156 [debug] [Thread-3 (]: On model.globalmart_dbt.fct_orders_incremental: /* {"app": "dbt", "dbt_version": "1.11.12", "dbt_databricks_version": "1.12.2", "databricks_sql_connector_version": "4.3.0", "profile_name": "globalmart_dbt", "target_name": "dev", "invocation_id": "01ead534-64af-413f-9648-a4dad71ed705", "node_id": "model.globalmart_dbt.fct_orders_incremental"} */
SELECT column_name
  FROM `globalmart`.`information_schema`.`columns`
  WHERE table_catalog = 'globalmart' 
    AND table_schema = 'bronze_dev'
    AND table_name = 'fct_orders_incremental'
    AND is_nullable = 'NO';
  
[0m17:32:43.689152 [debug] [Thread-3 (]: Opening a new connection, currently in state init
[0m17:32:43.879469 [debug] [Thread-3 (]: Databricks adapter: Connection(session-id=01f18aaa-573c-1f76-94c3-a2baeb15aa93) - Created
[0m17:32:44.354666 [debug] [Thread-3 (]: SQL status: OK in 0.670 seconds
[0m17:32:44.357566 [debug] [Thread-3 (]: Databricks adapter: Cursor(session-id=01f18aaa-573c-1f76-94c3-a2baeb15aa93, command-id=01f18aaa-574d-1220-bab9-c9fa4686484b) - Closing
[0m17:32:44.365365 [debug] [Thread-3 (]: Using databricks connection "model.globalmart_dbt.fct_orders_incremental"
[0m17:32:44.366486 [debug] [Thread-3 (]: On model.globalmart_dbt.fct_orders_incremental: /* {"app": "dbt", "dbt_version": "1.11.12", "dbt_databricks_version": "1.12.2", "databricks_sql_connector_version": "4.3.0", "profile_name": "globalmart_dbt", "target_name": "dev", "invocation_id": "01ead534-64af-413f-9648-a4dad71ed705", "node_id": "model.globalmart_dbt.fct_orders_incremental"} */
SELECT kcu.constraint_name, kcu.column_name
  FROM `globalmart`.information_schema.key_column_usage kcu
  WHERE kcu.table_catalog = 'globalmart' 
    AND kcu.table_schema = 'bronze_dev'
    AND kcu.table_name = 'fct_orders_incremental' 
    AND kcu.constraint_name = (
      SELECT constraint_name
      FROM `globalmart`.information_schema.table_constraints
      WHERE table_catalog = 'globalmart'
        AND table_schema = 'bronze_dev'
        AND table_name = 'fct_orders_incremental' 
        AND constraint_type = 'PRIMARY KEY'
    )
  ORDER BY kcu.ordinal_position;
  
[0m17:32:45.327066 [debug] [Thread-3 (]: SQL status: OK in 0.960 seconds
[0m17:32:45.343357 [debug] [Thread-3 (]: Databricks adapter: Cursor(session-id=01f18aaa-573c-1f76-94c3-a2baeb15aa93, command-id=01f18aaa-5797-1edf-a282-d9bbb5e08192) - Closing
[0m17:32:45.351632 [debug] [Thread-3 (]: Using databricks connection "model.globalmart_dbt.fct_orders_incremental"
[0m17:32:45.352874 [debug] [Thread-3 (]: On model.globalmart_dbt.fct_orders_incremental: /* {"app": "dbt", "dbt_version": "1.11.12", "dbt_databricks_version": "1.12.2", "databricks_sql_connector_version": "4.3.0", "profile_name": "globalmart_dbt", "target_name": "dev", "invocation_id": "01ead534-64af-413f-9648-a4dad71ed705", "node_id": "model.globalmart_dbt.fct_orders_incremental"} */
SELECT
    kcu.constraint_name,
    kcu.column_name AS from_column,
    ukcu.table_catalog AS to_catalog,
    ukcu.table_schema AS to_schema,
    ukcu.table_name AS to_table,
    ukcu.column_name AS to_column
  FROM `globalmart`.information_schema.key_column_usage kcu
  JOIN `globalmart`.information_schema.referential_constraints rc
    ON kcu.constraint_name = rc.constraint_name
  JOIN `globalmart`.information_schema.key_column_usage ukcu
    ON rc.unique_constraint_name = ukcu.constraint_name
    AND kcu.ordinal_position = ukcu.ordinal_position
  WHERE kcu.table_catalog = 'globalmart'
    AND kcu.table_schema = 'bronze_dev'
    AND kcu.table_name = 'fct_orders_incremental'
    AND kcu.constraint_name IN (
      SELECT constraint_name
      FROM `globalmart`.information_schema.table_constraints
      WHERE table_catalog = 'globalmart'
        AND table_schema = 'bronze_dev'
        AND table_name = 'fct_orders_incremental'
        AND constraint_type = 'FOREIGN KEY'
    )
  ORDER BY kcu.ordinal_position;
  
[0m17:32:46.712863 [debug] [Thread-3 (]: SQL status: OK in 1.360 seconds
[0m17:32:46.716073 [debug] [Thread-3 (]: Databricks adapter: Cursor(session-id=01f18aaa-573c-1f76-94c3-a2baeb15aa93, command-id=01f18aaa-582e-140c-b469-6ada6ef1b7ad) - Closing
[0m17:32:46.722825 [debug] [Thread-3 (]: Using databricks connection "model.globalmart_dbt.fct_orders_incremental"
[0m17:32:46.723916 [debug] [Thread-3 (]: On model.globalmart_dbt.fct_orders_incremental: /* {"app": "dbt", "dbt_version": "1.11.12", "dbt_databricks_version": "1.12.2", "databricks_sql_connector_version": "4.3.0", "profile_name": "globalmart_dbt", "target_name": "dev", "invocation_id": "01ead534-64af-413f-9648-a4dad71ed705", "node_id": "model.globalmart_dbt.fct_orders_incremental"} */
SELECT 
    column_name,
    mask_name,
    using_columns
  FROM `system`.`information_schema`.`column_masks`
  WHERE table_catalog = 'globalmart'
    AND table_schema = 'bronze_dev'
    AND table_name = 'fct_orders_incremental';
  
[0m17:32:47.098526 [debug] [Thread-3 (]: SQL status: OK in 0.370 seconds
[0m17:32:47.101710 [debug] [Thread-3 (]: Databricks adapter: Cursor(session-id=01f18aaa-573c-1f76-94c3-a2baeb15aa93, command-id=01f18aaa-5900-147c-b421-d4bba166dbba) - Closing
[0m17:32:47.109259 [debug] [Thread-3 (]: Using databricks connection "model.globalmart_dbt.fct_orders_incremental"
[0m17:32:47.110373 [debug] [Thread-3 (]: On model.globalmart_dbt.fct_orders_incremental: /* {"app": "dbt", "dbt_version": "1.11.12", "dbt_databricks_version": "1.12.2", "databricks_sql_connector_version": "4.3.0", "profile_name": "globalmart_dbt", "target_name": "dev", "invocation_id": "01ead534-64af-413f-9648-a4dad71ed705", "node_id": "model.globalmart_dbt.fct_orders_incremental"} */
SELECT
    table_catalog,
    table_schema,
    table_name,
    filter_name,
    target_columns
  FROM `globalmart`.`information_schema`.`row_filters`
  WHERE table_catalog = 'globalmart'
    AND table_schema = 'bronze_dev'
    AND table_name = 'fct_orders_incremental'
[0m17:32:47.562135 [debug] [Thread-3 (]: SQL status: OK in 0.450 seconds
[0m17:32:47.565086 [debug] [Thread-3 (]: Databricks adapter: Cursor(session-id=01f18aaa-573c-1f76-94c3-a2baeb15aa93, command-id=01f18aaa-593a-1356-ba2c-da4ea9d9fca8) - Closing
[0m17:32:47.571370 [debug] [Thread-3 (]: Using databricks connection "model.globalmart_dbt.fct_orders_incremental"
[0m17:32:47.573187 [debug] [Thread-3 (]: On model.globalmart_dbt.fct_orders_incremental: /* {"app": "dbt", "dbt_version": "1.11.12", "dbt_databricks_version": "1.12.2", "databricks_sql_connector_version": "4.3.0", "profile_name": "globalmart_dbt", "target_name": "dev", "invocation_id": "01ead534-64af-413f-9648-a4dad71ed705", "node_id": "model.globalmart_dbt.fct_orders_incremental"} */
SHOW TBLPROPERTIES `globalmart`.`bronze_dev`.`fct_orders_incremental`
  
[0m17:32:47.913849 [debug] [Thread-3 (]: SQL status: OK in 0.340 seconds
[0m17:32:47.917036 [debug] [Thread-3 (]: Databricks adapter: Cursor(session-id=01f18aaa-573c-1f76-94c3-a2baeb15aa93, command-id=01f18aaa-5982-12e1-be32-d8262a5ab336) - Closing
[0m17:32:47.922063 [debug] [Thread-3 (]: Using databricks connection "model.globalmart_dbt.fct_orders_incremental"
[0m17:32:47.923048 [debug] [Thread-3 (]: On model.globalmart_dbt.fct_orders_incremental: /* {"app": "dbt", "dbt_version": "1.11.12", "dbt_databricks_version": "1.12.2", "databricks_sql_connector_version": "4.3.0", "profile_name": "globalmart_dbt", "target_name": "dev", "invocation_id": "01ead534-64af-413f-9648-a4dad71ed705", "node_id": "model.globalmart_dbt.fct_orders_incremental"} */
describe extended `globalmart`.`bronze_dev`.`fct_orders_incremental`
  
[0m17:32:48.280722 [debug] [Thread-3 (]: SQL status: OK in 0.360 seconds
[0m17:32:48.283804 [debug] [Thread-3 (]: Databricks adapter: Cursor(session-id=01f18aaa-573c-1f76-94c3-a2baeb15aa93, command-id=01f18aaa-59b5-1cc5-93d1-ee80d0495611) - Closing
[0m17:32:48.285322 [debug] [Thread-3 (]: Databricks adapter: Getting diff for ColumnCommentsConfig: comments={'order_id': '', 'customer_id': ''} persist=False and comments={'order_id': '', 'customer_id': '', 'order_status': '', 'order_purchase_timestamp_ist': '', '_ingested_at': '', '': ''} persist=False
[0m17:32:48.296904 [debug] [Thread-3 (]: Using databricks connection "model.globalmart_dbt.fct_orders_incremental"
[0m17:32:48.298043 [debug] [Thread-3 (]: On model.globalmart_dbt.fct_orders_incremental: /* {"app": "dbt", "dbt_version": "1.11.12", "dbt_databricks_version": "1.12.2", "databricks_sql_connector_version": "4.3.0", "profile_name": "globalmart_dbt", "target_name": "dev", "invocation_id": "01ead534-64af-413f-9648-a4dad71ed705", "node_id": "model.globalmart_dbt.fct_orders_incremental"} */

  
    create or replace temporary view `fct_orders_incremental__dbt_tmp` as
      with source_orders as (
    select * from `globalmart`.`bronze_dev`.`stg_orders`
)

select
    order_id,
    customer_id,
    order_status,
    order_purchase_timestamp_ist,
    _ingested_at
from source_orders


  where _ingested_at >= (select max(_ingested_at) - interval 3 days from `globalmart`.`bronze_dev`.`fct_orders_incremental`)
  
[0m17:32:48.787918 [debug] [Thread-3 (]: SQL status: OK in 0.490 seconds
[0m17:32:48.789788 [debug] [Thread-3 (]: Databricks adapter: Cursor(session-id=01f18aaa-573c-1f76-94c3-a2baeb15aa93, command-id=01f18aaa-59ef-1ed1-b853-6448bdc4c2a6) - Closing
[0m17:32:48.822437 [debug] [Thread-3 (]: Using databricks connection "model.globalmart_dbt.fct_orders_incremental"
[0m17:32:48.825783 [debug] [Thread-3 (]: On model.globalmart_dbt.fct_orders_incremental: /* {"app": "dbt", "dbt_version": "1.11.12", "dbt_databricks_version": "1.12.2", "databricks_sql_connector_version": "4.3.0", "profile_name": "globalmart_dbt", "target_name": "dev", "invocation_id": "01ead534-64af-413f-9648-a4dad71ed705", "node_id": "model.globalmart_dbt.fct_orders_incremental"} */

    
  DESCRIBE TABLE EXTENDED `globalmart`.`bronze_dev`.`fct_orders_incremental` AS JSON

  
[0m17:32:49.186986 [debug] [Thread-3 (]: SQL status: OK in 0.360 seconds
[0m17:32:49.195286 [debug] [Thread-3 (]: Databricks adapter: Cursor(session-id=01f18aaa-573c-1f76-94c3-a2baeb15aa93, command-id=01f18aaa-5a40-10e1-a35f-637fcebe5ae7) - Closing
[0m17:32:49.199136 [debug] [Thread-3 (]: Using databricks connection "model.globalmart_dbt.fct_orders_incremental"
[0m17:32:49.204720 [debug] [Thread-3 (]: On model.globalmart_dbt.fct_orders_incremental: /* {"app": "dbt", "dbt_version": "1.11.12", "dbt_databricks_version": "1.12.2", "databricks_sql_connector_version": "4.3.0", "profile_name": "globalmart_dbt", "target_name": "dev", "invocation_id": "01ead534-64af-413f-9648-a4dad71ed705", "node_id": "model.globalmart_dbt.fct_orders_incremental"} */

    
  DESCRIBE TABLE EXTENDED `fct_orders_incremental__dbt_tmp` AS JSON

  
[0m17:32:49.371371 [debug] [Thread-3 (]: SQL status: OK in 0.160 seconds
[0m17:32:49.378199 [debug] [Thread-3 (]: Databricks adapter: Cursor(session-id=01f18aaa-573c-1f76-94c3-a2baeb15aa93, command-id=01f18aaa-5a7a-1537-ba2a-8bc173d9e57d) - Closing
[0m17:32:49.392932 [debug] [Thread-3 (]: Writing runtime sql for node "model.globalmart_dbt.fct_orders_incremental"
[0m17:32:49.395394 [debug] [Thread-3 (]: Using databricks connection "model.globalmart_dbt.fct_orders_incremental"
[0m17:32:49.396240 [debug] [Thread-3 (]: On model.globalmart_dbt.fct_orders_incremental: /* {"app": "dbt", "dbt_version": "1.11.12", "dbt_databricks_version": "1.12.2", "databricks_sql_connector_version": "4.3.0", "profile_name": "globalmart_dbt", "target_name": "dev", "invocation_id": "01ead534-64af-413f-9648-a4dad71ed705", "node_id": "model.globalmart_dbt.fct_orders_incremental"} */
-- back compat for old kwarg name
  
  
  
  
  
  
      
          
          
      
  

    merge
    into
        `globalmart`.`bronze_dev`.`fct_orders_incremental` as DBT_INTERNAL_DEST
    using
        `fct_orders_incremental__dbt_tmp` as DBT_INTERNAL_SOURCE
    on
        
              DBT_INTERNAL_SOURCE.`order_id` <=> DBT_INTERNAL_DEST.`order_id`
          
    when matched
        then update set
            *
    when not matched
        then insert
            *

[0m17:32:54.019487 [debug] [Thread-3 (]: SQL status: OK in 4.620 seconds
[0m17:32:54.021755 [debug] [Thread-3 (]: Databricks adapter: Cursor(session-id=01f18aaa-573c-1f76-94c3-a2baeb15aa93, command-id=01f18aaa-5a96-1936-8966-bc893ef495f0) - Closing
[0m17:32:54.043562 [debug] [Thread-3 (]: On model.globalmart_dbt.fct_orders_incremental: Close
[0m17:32:54.045495 [debug] [Thread-3 (]: Databricks adapter: Connection(session-id=01f18aaa-573c-1f76-94c3-a2baeb15aa93) - Closing
[0m17:32:54.110642 [debug] [Thread-3 (]: Sending event: {'category': 'dbt', 'action': 'run_model', 'label': '01ead534-64af-413f-9648-a4dad71ed705', 'context': [<snowplow_tracker.self_describing_json.SelfDescribingJson object at 0xff42250aa240>]}
[0m17:32:54.112093 [info ] [Thread-3 (]: 1 of 1 OK created sql incremental model bronze_dev.fct_orders_incremental ...... [[32mOK[0m in 10.53s]
[0m17:32:54.113494 [debug] [Thread-3 (]: Finished running node model.globalmart_dbt.fct_orders_incremental
[0m17:32:54.115648 [debug] [MainThread]: Databricks adapter: DatabricksDBTConnection(session-id=None, name=master) - Creating connection
[0m17:32:54.116533 [debug] [MainThread]: Acquiring new databricks connection 'master'
[0m17:32:54.117629 [info ] [MainThread]: 
[0m17:32:54.118638 [info ] [MainThread]: Finished running 1 incremental model in 0 hours 0 minutes and 12.42 seconds (12.42s).
[0m17:32:54.120028 [debug] [MainThread]: Command end result
[0m17:32:54.177986 [debug] [MainThread]: Wrote artifact WritableManifest to /Workspace/Users/iamnovaryn@gmail.com/DataBricks_Project/globalmart_dbt/target/manifest.json
[0m17:32:54.184494 [debug] [MainThread]: Wrote artifact SemanticManifest to /Workspace/Users/iamnovaryn@gmail.com/DataBricks_Project/globalmart_dbt/target/semantic_manifest.json
[0m17:32:54.193605 [debug] [MainThread]: Wrote artifact RunExecutionResult to /Workspace/Users/iamnovaryn@gmail.com/DataBricks_Project/globalmart_dbt/target/run_results.json
[0m17:32:54.194706 [info ] [MainThread]: 
[0m17:32:54.195814 [info ] [MainThread]: [32mCompleted successfully[0m
[0m17:32:54.197100 [info ] [MainThread]: 
[0m17:32:54.197948 [info ] [MainThread]: Done. PASS=1 WARN=0 ERROR=0 SKIP=0 NO-OP=0 TOTAL=1
[0m17:32:54.200989 [debug] [MainThread]: Resource report: {"command_name": "run", "command_success": true, "command_wall_clock_time": 15.196738, "process_in_blocks": "0", "process_kernel_time": 0.430239, "process_mem_max_rss": "268824", "process_out_blocks": "0", "process_user_time": 4.894282}
[0m17:32:54.205553 [debug] [MainThread]: Command `dbt run` succeeded at 17:32:54.205369 after 15.20 seconds
[0m17:32:54.206575 [debug] [MainThread]: Sending event: {'category': 'dbt', 'action': 'invocation', 'label': 'end', 'context': [<snowplow_tracker.self_describing_json.SelfDescribingJson object at 0xff423a0c2f00>, <snowplow_tracker.self_describing_json.SelfDescribingJson object at 0xff423a0c0d40>, <snowplow_tracker.self_describing_json.SelfDescribingJson object at 0xff4225783560>]}
[0m17:32:54.207507 [debug] [MainThread]: Flushing usage events
[0m17:32:54.272987 [debug] [MainThread]: An error was encountered while trying to flush usage events
[0m17:33:54.447794 [debug] [MainThread]: Sending event: {'category': 'dbt', 'action': 'invocation', 'label': 'start', 'context': [<snowplow_tracker.self_describing_json.SelfDescribingJson object at 0xff99addcacf0>, <snowplow_tracker.self_describing_json.SelfDescribingJson object at 0xff99ad519a00>, <snowplow_tracker.self_describing_json.SelfDescribingJson object at 0xff99aeebb470>]}


============================== 17:33:54.451599 | 48b7aa12-0ff2-4af5-b93a-1427dac43406 ==============================
[0m17:33:54.451599 [info ] [MainThread]: Running with dbt=1.11.12
[0m17:33:54.452573 [debug] [MainThread]: running dbt with arguments {'use_experimental_parser': 'False', 'cache_selected_only': 'False', 'write_json': 'True', 'version_check': 'True', 'empty': 'False', 'log_format': 'default', 'invocation_command': 'dbt snapshot', 'debug': 'False', 'target_path': 'None', 'indirect_selection': 'eager', 'profiles_dir': '/home/spark-58690ef7-a781-46db-bb93-20/.dbt', 'partial_parse': 'True', 'send_anonymous_usage_stats': 'True', 'no_print': 'None', 'log_cache_events': 'False', 'static_parser': 'True', 'log_path': '/Workspace/Users/iamnovaryn@gmail.com/DataBricks_Project/globalmart_dbt/logs', 'printer_width': '80', 'use_colors': 'True', 'warn_error_options': 'WarnErrorOptionsV2(error=[], warn=[], silence=[])', 'fail_fast': 'False', 'quiet': 'False', 'introspect': 'True', 'warn_error': 'None'}
[0m17:33:55.526715 [debug] [MainThread]: Spark adapter: Setting pyhive.hive logging to ERROR
[0m17:33:55.527976 [debug] [MainThread]: Spark adapter: Setting thrift.transport logging to ERROR
[0m17:33:55.528776 [debug] [MainThread]: Spark adapter: Setting thrift.protocol logging to ERROR
[0m17:33:56.326808 [debug] [MainThread]: Sending event: {'category': 'dbt', 'action': 'project_id', 'label': '48b7aa12-0ff2-4af5-b93a-1427dac43406', 'context': [<snowplow_tracker.self_describing_json.SelfDescribingJson object at 0xff9998da90a0>]}
[0m17:33:56.426125 [debug] [MainThread]: Sending event: {'category': 'dbt', 'action': 'adapter_info', 'label': '48b7aa12-0ff2-4af5-b93a-1427dac43406', 'context': [<snowplow_tracker.self_describing_json.SelfDescribingJson object at 0xff99aa14c320>]}
[0m17:33:56.427452 [info ] [MainThread]: Registered adapter: databricks=1.12.2
[0m17:33:56.557270 [debug] [MainThread]: checksum: f368f5348cf42803b94ef7fb8257ecf3bf9a9a16dd9c8c51fe5172f2dbeb457f, vars: {}, profile: , target: , version: 1.11.12
[0m17:33:56.959619 [debug] [MainThread]: Partial parsing enabled: 0 files deleted, 0 files added, 0 files changed.
[0m17:33:56.960615 [debug] [MainThread]: Nothing changed, skipping partial parsing.
[0m17:33:56.961518 [debug] [MainThread]: Partial parsing enabled, no changes found, skipping parsing
[0m17:33:57.024974 [debug] [MainThread]: Sending event: {'category': 'dbt', 'action': 'load_project', 'label': '48b7aa12-0ff2-4af5-b93a-1427dac43406', 'context': [<snowplow_tracker.self_describing_json.SelfDescribingJson object at 0xff9998b832f0>]}
[0m17:33:57.185006 [debug] [MainThread]: Wrote artifact WritableManifest to /Workspace/Users/iamnovaryn@gmail.com/DataBricks_Project/globalmart_dbt/target/manifest.json
[0m17:33:57.208409 [debug] [MainThread]: Wrote artifact SemanticManifest to /Workspace/Users/iamnovaryn@gmail.com/DataBricks_Project/globalmart_dbt/target/semantic_manifest.json
[0m17:33:57.254601 [debug] [MainThread]: Sending event: {'category': 'dbt', 'action': 'resource_counts', 'label': '48b7aa12-0ff2-4af5-b93a-1427dac43406', 'context': [<snowplow_tracker.self_describing_json.SelfDescribingJson object at 0xff9998b7d250>]}
[0m17:33:57.255776 [info ] [MainThread]: Found 5 models, 1 snapshot, 6 data tests, 2 sources, 770 macros
[0m17:33:57.257930 [debug] [MainThread]: Sending event: {'category': 'dbt', 'action': 'runnable_timing', 'label': '48b7aa12-0ff2-4af5-b93a-1427dac43406', 'context': [<snowplow_tracker.self_describing_json.SelfDescribingJson object at 0xff9998e80d40>]}
[0m17:33:57.260563 [info ] [MainThread]: 
[0m17:33:57.261589 [info ] [MainThread]: Concurrency: 4 threads (target='dev')
[0m17:33:57.263058 [info ] [MainThread]: 
[0m17:33:57.264243 [debug] [MainThread]: Databricks adapter: DatabricksDBTConnection(session-id=None, name=master) - Creating connection
[0m17:33:57.265076 [debug] [MainThread]: Acquiring new databricks connection 'master'
[0m17:33:57.266836 [debug] [ThreadPool]: Databricks adapter: DatabricksDBTConnection(session-id=None, name=list_globalmart) - Creating connection
[0m17:33:57.268585 [debug] [ThreadPool]: Acquiring new databricks connection 'list_globalmart'
[0m17:33:57.283438 [debug] [ThreadPool]: Using databricks connection "list_globalmart"
[0m17:33:57.284490 [debug] [ThreadPool]: On list_globalmart: /* {"app": "dbt", "dbt_version": "1.11.12", "dbt_databricks_version": "1.12.2", "databricks_sql_connector_version": "4.3.0", "profile_name": "globalmart_dbt", "target_name": "dev", "invocation_id": "48b7aa12-0ff2-4af5-b93a-1427dac43406", "connection_name": "list_globalmart"} */

    

  SHOW SCHEMAS IN `globalmart`


  
[0m17:33:57.285264 [debug] [ThreadPool]: Opening a new connection, currently in state init
[0m17:33:57.875323 [debug] [ThreadPool]: Databricks adapter: Connection(session-id=01f18aaa-8358-1e2e-bcff-679c635b6bfd) - Created
[0m17:33:58.229948 [debug] [ThreadPool]: SQL status: OK in 0.940 seconds
[0m17:33:58.234622 [debug] [ThreadPool]: Databricks adapter: Cursor(session-id=01f18aaa-8358-1e2e-bcff-679c635b6bfd, command-id=01f18aaa-8367-1d57-bd91-0f6a4853a013) - Closing
[0m17:33:58.238680 [debug] [ThreadPool]: On list_globalmart: Close
[0m17:33:58.239758 [debug] [ThreadPool]: Databricks adapter: Connection(session-id=01f18aaa-8358-1e2e-bcff-679c635b6bfd) - Closing
[0m17:33:58.315365 [debug] [ThreadPool]: Databricks adapter: DatabricksDBTConnection(session-id=None, name=list_globalmart_bronze_dev) - Creating connection
[0m17:33:58.318764 [debug] [ThreadPool]: Acquiring new databricks connection 'list_globalmart_bronze_dev'
[0m17:33:58.316643 [debug] [ThreadPool]: Databricks adapter: DatabricksDBTConnection(session-id=None, name=list_globalmart_bronze) - Creating connection
[0m17:33:58.326471 [debug] [ThreadPool]: Using databricks connection "list_globalmart_bronze_dev"
[0m17:33:58.328488 [debug] [ThreadPool]: Acquiring new databricks connection 'list_globalmart_bronze'
[0m17:33:58.329480 [debug] [ThreadPool]: On list_globalmart_bronze_dev: /* {"app": "dbt", "dbt_version": "1.11.12", "dbt_databricks_version": "1.12.2", "databricks_sql_connector_version": "4.3.0", "profile_name": "globalmart_dbt", "target_name": "dev", "invocation_id": "48b7aa12-0ff2-4af5-b93a-1427dac43406", "connection_name": "list_globalmart_bronze_dev"} */

    
SELECT
  table_name,
  if(table_type IN ('EXTERNAL', 'MANAGED', 'MANAGED_SHALLOW_CLONE', 'EXTERNAL_SHALLOW_CLONE'), 'table', lower(table_type)) AS table_type,
  lower(data_source_format) AS file_format,
  table_owner,
  if(
    table_type IN (
      'EXTERNAL',
      'MANAGED',
      'MANAGED_SHALLOW_CLONE',
      'EXTERNAL_SHALLOW_CLONE'
    ),
    lower(table_type),
    NULL
  ) AS databricks_table_type
FROM `system`.`information_schema`.`tables`
WHERE table_catalog = 'globalmart'
  AND table_schema = 'bronze_dev'

  
[0m17:33:58.333205 [debug] [ThreadPool]: Opening a new connection, currently in state init
[0m17:33:58.332397 [debug] [ThreadPool]: Using databricks connection "list_globalmart_bronze"
[0m17:33:58.348015 [debug] [ThreadPool]: On list_globalmart_bronze: /* {"app": "dbt", "dbt_version": "1.11.12", "dbt_databricks_version": "1.12.2", "databricks_sql_connector_version": "4.3.0", "profile_name": "globalmart_dbt", "target_name": "dev", "invocation_id": "48b7aa12-0ff2-4af5-b93a-1427dac43406", "connection_name": "list_globalmart_bronze"} */

    
SELECT
  table_name,
  if(table_type IN ('EXTERNAL', 'MANAGED', 'MANAGED_SHALLOW_CLONE', 'EXTERNAL_SHALLOW_CLONE'), 'table', lower(table_type)) AS table_type,
  lower(data_source_format) AS file_format,
  table_owner,
  if(
    table_type IN (
      'EXTERNAL',
      'MANAGED',
      'MANAGED_SHALLOW_CLONE',
      'EXTERNAL_SHALLOW_CLONE'
    ),
    lower(table_type),
    NULL
  ) AS databricks_table_type
FROM `system`.`information_schema`.`tables`
WHERE table_catalog = 'globalmart'
  AND table_schema = 'bronze'

  
[0m17:33:58.349211 [debug] [ThreadPool]: Opening a new connection, currently in state init
[0m17:33:58.528112 [debug] [ThreadPool]: Databricks adapter: Connection(session-id=01f18aaa-83c0-155c-8552-9f9d08aa5502) - Created
[0m17:33:58.539888 [debug] [ThreadPool]: Databricks adapter: Connection(session-id=01f18aaa-83c7-1a97-90ce-dd0bf357ccdb) - Created
[0m17:33:59.088182 [debug] [ThreadPool]: SQL status: OK in 0.750 seconds
[0m17:33:59.091775 [debug] [ThreadPool]: Databricks adapter: Cursor(session-id=01f18aaa-83c0-155c-8552-9f9d08aa5502, command-id=01f18aaa-83cb-165e-b595-edf3e3a3278c) - Closing
[0m17:33:59.093125 [debug] [ThreadPool]: On list_globalmart_bronze_dev: Close
[0m17:33:59.093963 [debug] [ThreadPool]: Databricks adapter: Connection(session-id=01f18aaa-83c0-155c-8552-9f9d08aa5502) - Closing
[0m17:33:59.107414 [debug] [ThreadPool]: SQL status: OK in 0.760 seconds
[0m17:33:59.110498 [debug] [ThreadPool]: Databricks adapter: Cursor(session-id=01f18aaa-83c7-1a97-90ce-dd0bf357ccdb, command-id=01f18aaa-83cd-1272-a2f3-20d7591cfb8b) - Closing
[0m17:33:59.156726 [debug] [ThreadPool]: On list_globalmart_bronze: Close
[0m17:33:59.160748 [debug] [ThreadPool]: Databricks adapter: Connection(session-id=01f18aaa-83c7-1a97-90ce-dd0bf357ccdb) - Closing
[0m17:33:59.227447 [debug] [MainThread]: Sending event: {'category': 'dbt', 'action': 'runnable_timing', 'label': '48b7aa12-0ff2-4af5-b93a-1427dac43406', 'context': [<snowplow_tracker.self_describing_json.SelfDescribingJson object at 0xff99af09f0e0>]}
[0m17:33:59.232622 [debug] [Thread-3 (]: Began running node snapshot.globalmart_dbt.snap_customers
[0m17:33:59.237614 [info ] [Thread-3 (]: 1 of 1 START snapshot bronze.snap_customers .................................... [RUN]
[0m17:33:59.240070 [debug] [Thread-3 (]: Databricks adapter: DatabricksDBTConnection(session-id=None, name=snapshot.globalmart_dbt.snap_customers) - Creating connection
[0m17:33:59.241961 [debug] [Thread-3 (]: Acquiring new databricks connection 'snapshot.globalmart_dbt.snap_customers'
[0m17:33:59.242920 [debug] [Thread-3 (]: Began compiling node snapshot.globalmart_dbt.snap_customers
[0m17:33:59.252223 [debug] [Thread-3 (]: Began executing node snapshot.globalmart_dbt.snap_customers
[0m17:33:59.300043 [debug] [Thread-3 (]: Using databricks connection "snapshot.globalmart_dbt.snap_customers"
[0m17:33:59.301539 [debug] [Thread-3 (]: On snapshot.globalmart_dbt.snap_customers: /* {"app": "dbt", "dbt_version": "1.11.12", "dbt_databricks_version": "1.12.2", "databricks_sql_connector_version": "4.3.0", "profile_name": "globalmart_dbt", "target_name": "dev", "invocation_id": "48b7aa12-0ff2-4af5-b93a-1427dac43406", "node_id": "snapshot.globalmart_dbt.snap_customers"} */

    
  DESCRIBE TABLE EXTENDED `globalmart`.`bronze`.`snap_customers` AS JSON

  
[0m17:33:59.302337 [debug] [Thread-3 (]: Opening a new connection, currently in state init
[0m17:33:59.454897 [debug] [Thread-3 (]: Databricks adapter: Connection(session-id=01f18aaa-844e-1508-a8ea-c081c28b6869) - Created
[0m17:34:00.350627 [debug] [Thread-3 (]: SQL status: OK in 1.050 seconds
[0m17:34:00.353671 [debug] [Thread-3 (]: Databricks adapter: Cursor(session-id=01f18aaa-844e-1508-a8ea-c081c28b6869, command-id=01f18aaa-8458-1ce1-a1cf-7beeb4334ca6) - Closing
[0m17:34:00.411004 [debug] [Thread-3 (]: Using databricks connection "snapshot.globalmart_dbt.snap_customers"
[0m17:34:00.412194 [debug] [Thread-3 (]: On snapshot.globalmart_dbt.snap_customers: /* {"app": "dbt", "dbt_version": "1.11.12", "dbt_databricks_version": "1.12.2", "databricks_sql_connector_version": "4.3.0", "profile_name": "globalmart_dbt", "target_name": "dev", "invocation_id": "48b7aa12-0ff2-4af5-b93a-1427dac43406", "node_id": "snapshot.globalmart_dbt.snap_customers"} */

        
  
    create or replace temporary view `snap_customers__dbt_tmp` as
      
    
    with snapshot_query as (

        select distinct
    customer_id,
    order_priority,
    fulfillment_channel,
    order_purchase_timestamp
from `globalmart`.`bronze_dev`.`stg_orders`

    ),

    snapshotted_data as (

        select *, 
    
        customer_id as dbt_unique_key
    

        from `globalmart`.`bronze`.`snap_customers`
        where
            
                dbt_valid_to is null
            

    ),

    insertions_source_data as (

        select *, 
    
        customer_id as dbt_unique_key
    
,
            order_purchase_timestamp as dbt_updated_at,
            order_purchase_timestamp as dbt_valid_from,
            
  
  coalesce(nullif(order_purchase_timestamp, order_purchase_timestamp), null)
  as dbt_valid_to
,
            md5(coalesce(cast(customer_id as string ), '')
         || '|' || coalesce(cast(order_purchase_timestamp as string ), '')
        ) as dbt_scd_id

        from snapshot_query
    ),

    updates_source_data as (

        select *, 
    
        customer_id as dbt_unique_key
    
,
            order_purchase_timestamp as dbt_updated_at,
            order_purchase_timestamp as dbt_valid_from,
            order_purchase_timestamp as dbt_valid_to

        from snapshot_query
    ),

    insertions as (

        select
            'insert' as dbt_change_type,
            source_data.*

        from insertions_source_data as source_data
        left outer join snapshotted_data
            on 
    
        snapshotted_data.dbt_unique_key = source_data.dbt_unique_key
    

            where 
    
        snapshotted_data.dbt_unique_key is null
    

            or (
    
        snapshotted_data.dbt_unique_key is not null
    
 and (
                (snapshotted_data.dbt_valid_from < source_data.order_purchase_timestamp)
            )

        )

    ),

    updates as (

        select
            'update' as dbt_change_type,
            source_data.*,
            snapshotted_data.dbt_scd_id

        from updates_source_data as source_data
        join snapshotted_data
            on 
    
        snapshotted_data.dbt_unique_key = source_data.dbt_unique_key
    

        where (
            (snapshotted_data.dbt_valid_from < source_data.order_purchase_timestamp)
        )
    )

    select * from insertions
    union all
    select * from updates

  
    
[0m17:34:00.828210 [debug] [Thread-3 (]: Databricks adapter: Exception while trying to execute query
/* {"app": "dbt", "dbt_version": "1.11.12", "dbt_databricks_version": "1.12.2", "databricks_sql_connector_version": "4.3.0", "profile_name": "globalmart_dbt", "target_name": "dev", "invocation_id": "48b7aa12-0ff2-4af5-b93a-1427dac43406", "node_id": "snapshot.globalmart_dbt.snap_customers"} */

        
  
    create or replace temporary view `snap_customers__dbt_tmp` as
      
    
    with snapshot_query as (

        select distinct
    customer_id,
    order_priority,
    fulfillment_channel,
    order_purchase_timestamp
from `globalmart`.`bronze_dev`.`stg_orders`

    ),

    snapshotted_data as (

        select *, 
    
        customer_id as dbt_unique_key
    

        from `globalmart`.`bronze`.`snap_customers`
        where
            
                dbt_valid_to is null
            

    ),

    insertions_source_data as (

        select *, 
    
        customer_id as dbt_unique_key
    
,
            order_purchase_timestamp as dbt_updated_at,
            order_purchase_timestamp as dbt_valid_from,
            
  
  coalesce(nullif(order_purchase_timestamp, order_purchase_timestamp), null)
  as dbt_valid_to
,
            md5(coalesce(cast(customer_id as string ), '')
         || '|' || coalesce(cast(order_purchase_timestamp as string ), '')
        ) as dbt_scd_id

        from snapshot_query
    ),

    updates_source_data as (

        select *, 
    
        customer_id as dbt_unique_key
    
,
            order_purchase_timestamp as dbt_updated_at,
            order_purchase_timestamp as dbt_valid_from,
            order_purchase_timestamp as dbt_valid_to

        from snapshot_query
    ),

    insertions as (

        select
            'insert' as dbt_change_type,
            source_data.*

        from insertions_source_data as source_data
        left outer join snapshotted_data
            on 
    
        snapshotted_data.dbt_unique_key = source_data.dbt_unique_key
    

            where 
    
        snapshotted_data.dbt_unique_key is null
    

            or (
    
        snapshotted_data.dbt_unique_key is not null
    
 and (
                (snapshotted_data.dbt_valid_from < source_data.order_purchase_timestamp)
            )

        )

    ),

    updates as (

        select
            'update' as dbt_change_type,
            source_data.*,
            snapshotted_data.dbt_scd_id

        from updates_source_data as source_data
        join snapshotted_data
            on 
    
        snapshotted_data.dbt_unique_key = source_data.dbt_unique_key
    

        where (
            (snapshotted_data.dbt_valid_from < source_data.order_purchase_timestamp)
        )
    )

    select * from insertions
    union all
    select * from updates

  
    
: [UNRESOLVED_COLUMN.WITH_SUGGESTION] A column, variable, or function parameter with name `order_priority` cannot be resolved. Did you mean one of the following? [`order_id`, `order_status`, `_ingested_at`, `customer_id`, `order_purchase_timestamp_ist`]. SQLSTATE: 42703; line 12 pos 4
Error properties: diagnostic-info=org.apache.hive.service.cli.HiveSQLException: Error running query: [UNRESOLVED_COLUMN.WITH_SUGGESTION] org.apache.spark.sql.catalyst.ExtendedAnalysisException: [UNRESOLVED_COLUMN.WITH_SUGGESTION] A column, variable, or function parameter with name `order_priority` cannot be resolved. Did you mean one of the following? [`order_id`, `order_status`, `_ingested_at`, `customer_id`, `order_purchase_timestamp_ist`]. SQLSTATE: 42703; line 12 pos 4
	at org.apache.spark.sql.hive.thriftserver.HiveThriftServerErrors$.runningQueryError(HiveThriftServerErrors.scala:58)
	at org.apache.spark.sql.hive.thriftserver.SparkExecuteStatementOperation.$anonfun$execute$1(SparkExecuteStatementOperation.scala:1205)
	at scala.runtime.java8.JFunction0$mcV$sp.apply(JFunction0$mcV$sp.scala:18)
	at com.databricks.unity.UCSEphemeralState$Handle.runWith(UCSEphemeralState.scala:51)
	at com.databricks.unity.HandleImpl.runWith(UCSHandle.scala:128)
	at org.apache.spark.sql.hive.thriftserver.SparkExecuteStatementOperation.org$apache$spark$sql$hive$thriftserver$SparkExecuteStatementOperation$$execute(SparkExecuteStatementOperation.scala:898)
	at org.apache.spark.sql.hive.thriftserver.SparkExecuteStatementOperation$$anon$2$$anon$3.$anonfun$run$6(SparkExecuteStatementOperation.scala:647)
	at scala.runtime.java8.JFunction0$mcV$sp.apply(JFunction0$mcV$sp.scala:18)
	at org.apache.spark.sql.execution.SQLExecution$.withRootExecution(SQLExecution.scala:1498)
	at org.apache.spark.sql.hive.thriftserver.SparkExecuteStatementOperation$$anon$2$$anon$3.$anonfun$run$3(SparkExecuteStatementOperation.scala:647)
	at scala.runtime.java8.JFunction0$mcV$sp.apply(JFunction0$mcV$sp.scala:18)
	at com.databricks.util.TracingSpanUtils$.withTracing(TracingSpanUtils.scala:251)
	at com.databricks.spark.util.DatabricksTracingHelper.withSpan(DatabricksSparkTracingHelper.scala:154)
	at com.databricks.spark.util.DBRTracing$.withSpan(DBRTracing.scala:87)
	at org.apache.spark.sql.hive.thriftserver.ThriftLocalProperties.$anonfun$withLocalProperties$18(ThriftLocalProperties.scala:366)
	at com.databricks.logging.AttributionContextTracing.$anonfun$withAttributionContext$1(AttributionContextTracing.scala:146)
	at com.databricks.logging.AttributionContext$.$anonfun$withValue$1(AttributionContext.scala:349)
	at scala.util.DynamicVariable.withValue(DynamicVariable.scala:59)
	at com.databricks.logging.AttributionContext$.withValue(AttributionContext.scala:345)
	at com.databricks.logging.AttributionContextTracing.withAttributionContext(AttributionContextTracing.scala:144)
	at com.databricks.logging.AttributionContextTracing.withAttributionContext$(AttributionContextTracing.scala:141)
	at com.databricks.spark.util.PublicDBLogging.withAttributionContext(DatabricksSparkUsageLogger.scala:29)
	at com.databricks.logging.AttributionContextTracing.withAttributionTags(AttributionContextTracing.scala:201)
	at com.databricks.logging.AttributionContextTracing.withAttributionTags$(AttributionContextTracing.scala:182)
	at com.databricks.spark.util.PublicDBLogging.withAttributionTags(DatabricksSparkUsageLogger.scala:29)
	at com.databricks.spark.util.PublicDBLogging.withAttributionTags0(DatabricksSparkUsageLogger.scala:108)
	at com.databricks.spark.util.DatabricksSparkUsageLogger.withAttributionTags(DatabricksSparkUsageLogger.scala:215)
	at com.databricks.spark.util.UsageLogging.$anonfun$withAttributionTags$1(UsageLogger.scala:668)
	at com.databricks.spark.util.UsageLogging$.withAttributionTags(UsageLogger.scala:780)
	at com.databricks.spark.util.UsageLogging$.withAttributionTags(UsageLogger.scala:789)
	at com.databricks.spark.util.UsageLogging.withAttributionTags(UsageLogger.scala:668)
	at com.databricks.spark.util.UsageLogging.withAttributionTags$(UsageLogger.scala:666)
	at org.apache.spark.sql.hive.thriftserver.SparkExecuteStatementOperation.withAttributionTags(SparkExecuteStatementOperation.scala:79)
	at org.apache.spark.sql.hive.thriftserver.ThriftLocalProperties.$anonfun$withLocalProperties$15(ThriftLocalProperties.scala:365)
	at com.databricks.spark.util.IdentityClaim$.withClaim(IdentityClaim.scala:48)
	at org.apache.spark.sql.hive.thriftserver.ThriftLocalProperties.withLocalProperties(ThriftLocalProperties.scala:360)
	at org.apache.spark.sql.hive.thriftserver.ThriftLocalProperties.withLocalProperties$(ThriftLocalProperties.scala:180)
	at org.apache.spark.sql.hive.thriftserver.SparkExecuteStatementOperation.withLocalProperties(SparkExecuteStatementOperation.scala:79)
	at org.apache.spark.sql.hive.thriftserver.SparkExecuteStatementOperation$$anon$2$$anon$3.$anonfun$run$2(SparkExecuteStatementOperation.scala:623)
	at scala.runtime.java8.JFunction0$mcV$sp.apply(JFunction0$mcV$sp.scala:18)
	at com.databricks.spark.util.DBRTracing$.withSpanFromParent(DBRTracing.scala:70)
	at org.apache.spark.sql.hive.thriftserver.SparkExecuteStatementOperation$$anon$2$$anon$3.run(SparkExecuteStatementOperation.scala:623)
	at org.apache.spark.sql.hive.thriftserver.SparkExecuteStatementOperation$$anon$2$$anon$3.run(SparkExecuteStatementOperation.scala:596)
	at java.base/java.security.AccessController.doPrivileged(AccessController.java:712)
	at java.base/javax.security.auth.Subject.doAs(Subject.java:439)
	at org.apache.hadoop.security.UserGroupInformation.doAs(UserGroupInformation.java:1953)
	at org.apache.spark.sql.hive.thriftserver.SparkExecuteStatementOperation$$anon$2.run(SparkExecuteStatementOperation.scala:661)
	at java.base/java.util.concurrent.Executors$RunnableAdapter.call(Executors.java:539)
	at java.base/java.util.concurrent.FutureTask.run(FutureTask.java:264)
	at java.base/java.util.concurrent.ThreadPoolExecutor.runWorker(ThreadPoolExecutor.java:1136)
	at java.base/java.util.concurrent.ThreadPoolExecutor$Worker.run(ThreadPoolExecutor.java:635)
	at java.base/java.lang.Thread.run(Thread.java:840)
Caused by: org.apache.spark.sql.catalyst.ExtendedAnalysisException: [UNRESOLVED_COLUMN.WITH_SUGGESTION] A column, variable, or function parameter with name `order_priority` cannot be resolved. Did you mean one of the following? [`order_id`, `order_status`, `_ingested_at`, `customer_id`, `order_purchase_timestamp_ist`]. SQLSTATE: 42703; line 12 pos 4
	at org.apache.spark.sql.catalyst.ExtendedAnalysisException.copyPlan(ExtendedAnalysisException.scala:97)
	at org.apache.spark.sql.hive.thriftserver.SparkExecuteStatementOperation.$anonfun$execute$1(SparkExecuteStatementOperation.scala:1158)
	... 50 more
, operation-id=01f18aaa-84eb-125d-9049-870562ad9d81
[0m17:34:00.829834 [debug] [Thread-3 (]: On snapshot.globalmart_dbt.snap_customers: Close
[0m17:34:00.830567 [debug] [Thread-3 (]: Databricks adapter: Connection(session-id=01f18aaa-844e-1508-a8ea-c081c28b6869) - Closing
[0m17:34:00.904769 [debug] [Thread-3 (]: Database Error in snapshot snap_customers (snapshots/snap_customers.sql)
  [UNRESOLVED_COLUMN.WITH_SUGGESTION] A column, variable, or function parameter with name `order_priority` cannot be resolved. Did you mean one of the following? [`order_id`, `order_status`, `_ingested_at`, `customer_id`, `order_purchase_timestamp_ist`]. SQLSTATE: 42703; line 12 pos 4
[0m17:34:00.907368 [debug] [Thread-3 (]: Sending event: {'category': 'dbt', 'action': 'run_model', 'label': '48b7aa12-0ff2-4af5-b93a-1427dac43406', 'context': [<snowplow_tracker.self_describing_json.SelfDescribingJson object at 0xff99adc00d40>]}
[0m17:34:00.908838 [error] [Thread-3 (]: 1 of 1 ERROR snapshotting bronze.snap_customers ................................ [[31mERROR[0m in 1.67s]
[0m17:34:00.910071 [debug] [Thread-3 (]: Finished running node snapshot.globalmart_dbt.snap_customers
[0m17:34:00.911169 [debug] [Thread-9 (]: Marking all children of 'snapshot.globalmart_dbt.snap_customers' to be skipped because of status 'error'.  Reason: Database Error in snapshot snap_customers (snapshots/snap_customers.sql)
  [UNRESOLVED_COLUMN.WITH_SUGGESTION] A column, variable, or function parameter with name `order_priority` cannot be resolved. Did you mean one of the following? [`order_id`, `order_status`, `_ingested_at`, `customer_id`, `order_purchase_timestamp_ist`]. SQLSTATE: 42703; line 12 pos 4.
[0m17:34:00.914518 [debug] [MainThread]: Databricks adapter: DatabricksDBTConnection(session-id=None, name=master) - Creating connection
[0m17:34:00.915429 [debug] [MainThread]: Acquiring new databricks connection 'master'
[0m17:34:00.916397 [info ] [MainThread]: 
[0m17:34:00.917303 [info ] [MainThread]: Finished running 1 snapshot in 0 hours 0 minutes and 3.65 seconds (3.65s).
[0m17:34:00.919003 [debug] [MainThread]: Command end result
[0m17:34:00.976876 [debug] [MainThread]: Wrote artifact WritableManifest to /Workspace/Users/iamnovaryn@gmail.com/DataBricks_Project/globalmart_dbt/target/manifest.json
[0m17:34:00.980120 [debug] [MainThread]: Wrote artifact SemanticManifest to /Workspace/Users/iamnovaryn@gmail.com/DataBricks_Project/globalmart_dbt/target/semantic_manifest.json
[0m17:34:01.006605 [debug] [MainThread]: Wrote artifact RunExecutionResult to /Workspace/Users/iamnovaryn@gmail.com/DataBricks_Project/globalmart_dbt/target/run_results.json
[0m17:34:01.007435 [info ] [MainThread]: 
[0m17:34:01.008344 [info ] [MainThread]: [31mCompleted with 1 error, 0 partial successes, and 0 warnings:[0m
[0m17:34:01.009203 [info ] [MainThread]: 
[0m17:34:01.010198 [error] [MainThread]: [31mFailure in snapshot snap_customers (snapshots/snap_customers.sql)[0m
[0m17:34:01.011074 [error] [MainThread]:   Database Error in snapshot snap_customers (snapshots/snap_customers.sql)
  [UNRESOLVED_COLUMN.WITH_SUGGESTION] A column, variable, or function parameter with name `order_priority` cannot be resolved. Did you mean one of the following? [`order_id`, `order_status`, `_ingested_at`, `customer_id`, `order_purchase_timestamp_ist`]. SQLSTATE: 42703; line 12 pos 4
[0m17:34:01.011860 [info ] [MainThread]: 
[0m17:34:01.012742 [info ] [MainThread]: Done. PASS=0 WARN=0 ERROR=1 SKIP=0 NO-OP=0 TOTAL=1
[0m17:34:01.014332 [debug] [MainThread]: Resource report: {"command_name": "snapshot", "command_success": false, "command_wall_clock_time": 6.730337, "process_in_blocks": "104", "process_kernel_time": 0.431076, "process_mem_max_rss": "268720", "process_out_blocks": "0", "process_user_time": 4.511267}
[0m17:34:01.015246 [debug] [MainThread]: Command `dbt snapshot` failed at 17:34:01.015119 after 6.73 seconds
[0m17:34:01.016065 [debug] [MainThread]: Sending event: {'category': 'dbt', 'action': 'invocation', 'label': 'end', 'context': [<snowplow_tracker.self_describing_json.SelfDescribingJson object at 0xff99ac806d50>, <snowplow_tracker.self_describing_json.SelfDescribingJson object at 0xff99993ecdd0>, <snowplow_tracker.self_describing_json.SelfDescribingJson object at 0xff99990def60>]}
[0m17:34:01.016837 [debug] [MainThread]: Flushing usage events
[0m17:34:01.078600 [debug] [MainThread]: An error was encountered while trying to flush usage events
[0m17:34:44.648178 [debug] [MainThread]: Sending event: {'category': 'dbt', 'action': 'invocation', 'label': 'start', 'context': [<snowplow_tracker.self_describing_json.SelfDescribingJson object at 0xff397cf47dd0>, <snowplow_tracker.self_describing_json.SelfDescribingJson object at 0xff397cf46c30>, <snowplow_tracker.self_describing_json.SelfDescribingJson object at 0xff397c5973e0>]}


============================== 17:34:44.652004 | 5afae9ea-456f-4506-9564-6364496e13c7 ==============================
[0m17:34:44.652004 [info ] [MainThread]: Running with dbt=1.11.12
[0m17:34:44.653154 [debug] [MainThread]: running dbt with arguments {'version_check': 'True', 'log_path': '/Workspace/Users/iamnovaryn@gmail.com/DataBricks_Project/globalmart_dbt/logs', 'profiles_dir': '/home/spark-58690ef7-a781-46db-bb93-20/.dbt', 'fail_fast': 'False', 'write_json': 'True', 'partial_parse': 'True', 'quiet': 'False', 'cache_selected_only': 'False', 'invocation_command': 'dbt snapshot', 'no_print': 'None', 'static_parser': 'True', 'log_cache_events': 'False', 'use_colors': 'True', 'use_experimental_parser': 'False', 'debug': 'False', 'target_path': 'None', 'log_format': 'default', 'empty': 'False', 'send_anonymous_usage_stats': 'True', 'warn_error_options': 'WarnErrorOptionsV2(error=[], warn=[], silence=[])', 'introspect': 'True', 'warn_error': 'None', 'indirect_selection': 'eager', 'printer_width': '80'}
[0m17:34:45.588327 [debug] [MainThread]: Spark adapter: Setting pyhive.hive logging to ERROR
[0m17:34:45.590370 [debug] [MainThread]: Spark adapter: Setting thrift.transport logging to ERROR
[0m17:34:45.591409 [debug] [MainThread]: Spark adapter: Setting thrift.protocol logging to ERROR
[0m17:34:46.385821 [debug] [MainThread]: Sending event: {'category': 'dbt', 'action': 'project_id', 'label': '5afae9ea-456f-4506-9564-6364496e13c7', 'context': [<snowplow_tracker.self_describing_json.SelfDescribingJson object at 0xff39689bd1c0>]}
[0m17:34:46.489047 [debug] [MainThread]: Sending event: {'category': 'dbt', 'action': 'adapter_info', 'label': '5afae9ea-456f-4506-9564-6364496e13c7', 'context': [<snowplow_tracker.self_describing_json.SelfDescribingJson object at 0xff39692b1100>]}
[0m17:34:46.490430 [info ] [MainThread]: Registered adapter: databricks=1.12.2
[0m17:34:46.617387 [debug] [MainThread]: checksum: f368f5348cf42803b94ef7fb8257ecf3bf9a9a16dd9c8c51fe5172f2dbeb457f, vars: {}, profile: , target: , version: 1.11.12
[0m17:34:46.972150 [debug] [MainThread]: Partial parsing enabled: 0 files deleted, 0 files added, 1 files changed.
[0m17:34:46.973341 [debug] [MainThread]: Partial parsing: updated file: globalmart_dbt://snapshots/snap_customers.sql
[0m17:34:47.330555 [debug] [MainThread]: Sending event: {'category': 'dbt', 'action': 'load_project', 'label': '5afae9ea-456f-4506-9564-6364496e13c7', 'context': [<snowplow_tracker.self_describing_json.SelfDescribingJson object at 0xff3967f936e0>]}
[0m17:34:47.481152 [debug] [MainThread]: Wrote artifact WritableManifest to /Workspace/Users/iamnovaryn@gmail.com/DataBricks_Project/globalmart_dbt/target/manifest.json
[0m17:34:47.500093 [debug] [MainThread]: Wrote artifact SemanticManifest to /Workspace/Users/iamnovaryn@gmail.com/DataBricks_Project/globalmart_dbt/target/semantic_manifest.json
[0m17:34:47.542684 [debug] [MainThread]: Sending event: {'category': 'dbt', 'action': 'resource_counts', 'label': '5afae9ea-456f-4506-9564-6364496e13c7', 'context': [<snowplow_tracker.self_describing_json.SelfDescribingJson object at 0xff3967f951f0>]}
[0m17:34:47.543709 [info ] [MainThread]: Found 5 models, 6 data tests, 1 snapshot, 2 sources, 770 macros
[0m17:34:47.547477 [debug] [MainThread]: Sending event: {'category': 'dbt', 'action': 'runnable_timing', 'label': '5afae9ea-456f-4506-9564-6364496e13c7', 'context': [<snowplow_tracker.self_describing_json.SelfDescribingJson object at 0xff3967f03a70>]}
[0m17:34:47.550384 [info ] [MainThread]: 
[0m17:34:47.551563 [info ] [MainThread]: Concurrency: 4 threads (target='dev')
[0m17:34:47.552233 [info ] [MainThread]: 
[0m17:34:47.553254 [debug] [MainThread]: Databricks adapter: DatabricksDBTConnection(session-id=None, name=master) - Creating connection
[0m17:34:47.554012 [debug] [MainThread]: Acquiring new databricks connection 'master'
[0m17:34:47.555514 [debug] [ThreadPool]: Databricks adapter: DatabricksDBTConnection(session-id=None, name=list_globalmart) - Creating connection
[0m17:34:47.603704 [debug] [ThreadPool]: Acquiring new databricks connection 'list_globalmart'
[0m17:34:47.621436 [debug] [ThreadPool]: Using databricks connection "list_globalmart"
[0m17:34:47.622634 [debug] [ThreadPool]: On list_globalmart: /* {"app": "dbt", "dbt_version": "1.11.12", "dbt_databricks_version": "1.12.2", "databricks_sql_connector_version": "4.3.0", "profile_name": "globalmart_dbt", "target_name": "dev", "invocation_id": "5afae9ea-456f-4506-9564-6364496e13c7", "connection_name": "list_globalmart"} */

    

  SHOW SCHEMAS IN `globalmart`


  
[0m17:34:47.623467 [debug] [ThreadPool]: Opening a new connection, currently in state init
[0m17:34:47.894258 [debug] [ThreadPool]: Databricks adapter: Connection(session-id=01f18aaa-a129-1344-b6be-03fd4473dc83) - Created
[0m17:34:48.157439 [debug] [ThreadPool]: SQL status: OK in 0.530 seconds
[0m17:34:48.162084 [debug] [ThreadPool]: Databricks adapter: Cursor(session-id=01f18aaa-a129-1344-b6be-03fd4473dc83, command-id=01f18aaa-a138-1427-9b7e-860f9ef56b07) - Closing
[0m17:34:48.163105 [debug] [ThreadPool]: On list_globalmart: Close
[0m17:34:48.163812 [debug] [ThreadPool]: Databricks adapter: Connection(session-id=01f18aaa-a129-1344-b6be-03fd4473dc83) - Closing
[0m17:34:48.244686 [debug] [ThreadPool]: Databricks adapter: DatabricksDBTConnection(session-id=None, name=list_globalmart_bronze_dev) - Creating connection
[0m17:34:48.256771 [debug] [ThreadPool]: Acquiring new databricks connection 'list_globalmart_bronze_dev'
[0m17:34:48.265454 [debug] [ThreadPool]: Using databricks connection "list_globalmart_bronze_dev"
[0m17:34:48.266394 [debug] [ThreadPool]: On list_globalmart_bronze_dev: /* {"app": "dbt", "dbt_version": "1.11.12", "dbt_databricks_version": "1.12.2", "databricks_sql_connector_version": "4.3.0", "profile_name": "globalmart_dbt", "target_name": "dev", "invocation_id": "5afae9ea-456f-4506-9564-6364496e13c7", "connection_name": "list_globalmart_bronze_dev"} */

    
SELECT
  table_name,
  if(table_type IN ('EXTERNAL', 'MANAGED', 'MANAGED_SHALLOW_CLONE', 'EXTERNAL_SHALLOW_CLONE'), 'table', lower(table_type)) AS table_type,
  lower(data_source_format) AS file_format,
  table_owner,
  if(
    table_type IN (
      'EXTERNAL',
      'MANAGED',
      'MANAGED_SHALLOW_CLONE',
      'EXTERNAL_SHALLOW_CLONE'
    ),
    lower(table_type),
    NULL
  ) AS databricks_table_type
FROM `system`.`information_schema`.`tables`
WHERE table_catalog = 'globalmart'
  AND table_schema = 'bronze_dev'

  
[0m17:34:48.267235 [debug] [ThreadPool]: Opening a new connection, currently in state init
[0m17:34:48.428366 [debug] [ThreadPool]: Databricks adapter: Connection(session-id=01f18aaa-a17f-1300-a92f-471165ee7df9) - Created
[0m17:34:48.796846 [debug] [ThreadPool]: SQL status: OK in 0.530 seconds
[0m17:34:48.800341 [debug] [ThreadPool]: Databricks adapter: Cursor(session-id=01f18aaa-a17f-1300-a92f-471165ee7df9, command-id=01f18aaa-a189-1cca-b3af-8fbec9560f62) - Closing
[0m17:34:48.801666 [debug] [ThreadPool]: On list_globalmart_bronze_dev: Close
[0m17:34:48.802494 [debug] [ThreadPool]: Databricks adapter: Connection(session-id=01f18aaa-a17f-1300-a92f-471165ee7df9) - Closing
[0m17:34:48.862875 [debug] [MainThread]: Sending event: {'category': 'dbt', 'action': 'runnable_timing', 'label': '5afae9ea-456f-4506-9564-6364496e13c7', 'context': [<snowplow_tracker.self_describing_json.SelfDescribingJson object at 0xff396809c290>]}
[0m17:34:48.866495 [debug] [Thread-3 (]: Began running node snapshot.globalmart_dbt.snap_customers
[0m17:34:48.868459 [info ] [Thread-3 (]: 1 of 1 START snapshot bronze_dev.snap_customers ................................ [RUN]
[0m17:34:48.869513 [debug] [Thread-3 (]: Databricks adapter: DatabricksDBTConnection(session-id=None, name=snapshot.globalmart_dbt.snap_customers) - Creating connection
[0m17:34:48.870331 [debug] [Thread-3 (]: Acquiring new databricks connection 'snapshot.globalmart_dbt.snap_customers'
[0m17:34:48.871101 [debug] [Thread-3 (]: Began compiling node snapshot.globalmart_dbt.snap_customers
[0m17:34:48.883749 [debug] [Thread-3 (]: Began executing node snapshot.globalmart_dbt.snap_customers
[0m17:34:48.980360 [debug] [Thread-3 (]: Using databricks connection "snapshot.globalmart_dbt.snap_customers"
[0m17:34:48.981493 [debug] [Thread-3 (]: On snapshot.globalmart_dbt.snap_customers: /* {"app": "dbt", "dbt_version": "1.11.12", "dbt_databricks_version": "1.12.2", "databricks_sql_connector_version": "4.3.0", "profile_name": "globalmart_dbt", "target_name": "dev", "invocation_id": "5afae9ea-456f-4506-9564-6364496e13c7", "node_id": "snapshot.globalmart_dbt.snap_customers"} */
SELECT
    table_catalog,
    table_schema,
    table_name,
    filter_name,
    target_columns
  FROM `globalmart`.`information_schema`.`row_filters`
  WHERE table_catalog = 'globalmart'
    AND table_schema = 'bronze_dev'
    AND table_name = 'snap_customers'
[0m17:34:48.982309 [debug] [Thread-3 (]: Opening a new connection, currently in state init
[0m17:34:49.132622 [debug] [Thread-3 (]: Databricks adapter: Connection(session-id=01f18aaa-a1ea-1b38-9bad-6dffad497939) - Created
[0m17:34:49.646691 [debug] [Thread-3 (]: SQL status: OK in 0.660 seconds
[0m17:34:49.651719 [debug] [Thread-3 (]: Databricks adapter: Cursor(session-id=01f18aaa-a1ea-1b38-9bad-6dffad497939, command-id=01f18aaa-a1f5-1811-96c0-891ac7e8c80f) - Closing
[0m17:34:49.684677 [debug] [Thread-3 (]: Using databricks connection "snapshot.globalmart_dbt.snap_customers"
[0m17:34:49.685745 [debug] [Thread-3 (]: On snapshot.globalmart_dbt.snap_customers: /* {"app": "dbt", "dbt_version": "1.11.12", "dbt_databricks_version": "1.12.2", "databricks_sql_connector_version": "4.3.0", "profile_name": "globalmart_dbt", "target_name": "dev", "invocation_id": "5afae9ea-456f-4506-9564-6364496e13c7", "node_id": "snapshot.globalmart_dbt.snap_customers"} */
select * from (
        select *,
        md5(coalesce(cast(customer_id as string ), '')
         || '|' || coalesce(cast(
    current_timestamp()
 as string ), '')
        ) as dbt_scd_id,
        
    current_timestamp()
 as dbt_updated_at,
        
    current_timestamp()
 as dbt_valid_from,
        
  
  coalesce(nullif(
    current_timestamp()
, 
    current_timestamp()
), null)
  as dbt_valid_to

    from (
        select * from `globalmart`.`bronze_dev`.`stg_customers`
    ) sbq


    ) as __dbt_sbq
    where false
    limit 0

[0m17:34:50.687949 [debug] [Thread-3 (]: SQL status: OK in 1.000 seconds
[0m17:34:50.692223 [debug] [Thread-3 (]: Using databricks connection "snapshot.globalmart_dbt.snap_customers"
[0m17:34:50.693531 [debug] [Thread-3 (]: On snapshot.globalmart_dbt.snap_customers: /* {"app": "dbt", "dbt_version": "1.11.12", "dbt_databricks_version": "1.12.2", "databricks_sql_connector_version": "4.3.0", "profile_name": "globalmart_dbt", "target_name": "dev", "invocation_id": "5afae9ea-456f-4506-9564-6364496e13c7", "node_id": "snapshot.globalmart_dbt.snap_customers"} */
select * from (
        select 
    current_timestamp()
 as dbt_snapshot_time
    ) as __dbt_sbq
    where false
    limit 0

[0m17:34:50.694699 [debug] [Thread-3 (]: Databricks adapter: Cursor(session-id=01f18aaa-a1ea-1b38-9bad-6dffad497939, command-id=01f18aaa-a24a-195c-8d93-762c78f6a44b) - Closing
[0m17:34:50.820087 [debug] [Thread-3 (]: SQL status: OK in 0.130 seconds
[0m17:34:50.821400 [debug] [Thread-3 (]: Writing runtime sql for node "snapshot.globalmart_dbt.snap_customers"
[0m17:34:50.879593 [debug] [Thread-3 (]: Using databricks connection "snapshot.globalmart_dbt.snap_customers"
[0m17:34:50.880590 [debug] [Thread-3 (]: On snapshot.globalmart_dbt.snap_customers: /* {"app": "dbt", "dbt_version": "1.11.12", "dbt_databricks_version": "1.12.2", "databricks_sql_connector_version": "4.3.0", "profile_name": "globalmart_dbt", "target_name": "dev", "invocation_id": "5afae9ea-456f-4506-9564-6364496e13c7", "node_id": "snapshot.globalmart_dbt.snap_customers"} */

      
  
    
        create or replace table `globalmart`.`bronze_dev`.`snap_customers`
      
      
    using delta
  
      
      
      
      
      
      
      
      
      as
      select *,
        md5(coalesce(cast(customer_id as string ), '')
         || '|' || coalesce(cast(
    current_timestamp()
 as string ), '')
        ) as dbt_scd_id,
        
    current_timestamp()
 as dbt_updated_at,
        
    current_timestamp()
 as dbt_valid_from,
        
  
  coalesce(nullif(
    current_timestamp()
, 
    current_timestamp()
), null)
  as dbt_valid_to

    from (
        select * from `globalmart`.`bronze_dev`.`stg_customers`
    ) sbq


  
  
[0m17:34:50.881444 [debug] [Thread-3 (]: Databricks adapter: Cursor(session-id=01f18aaa-a1ea-1b38-9bad-6dffad497939, command-id=01f18aaa-a2e3-17d5-83b0-e1e0e1fac0b3) - Closing
[0m17:34:55.155966 [debug] [Thread-3 (]: SQL status: OK in 4.270 seconds
[0m17:34:55.157926 [debug] [Thread-3 (]: Databricks adapter: Cursor(session-id=01f18aaa-a1ea-1b38-9bad-6dffad497939, command-id=01f18aaa-a2ff-1d10-9244-bc2159736053) - Closing
[0m17:34:55.186983 [debug] [Thread-3 (]: On snapshot.globalmart_dbt.snap_customers: Close
[0m17:34:55.187989 [debug] [Thread-3 (]: Databricks adapter: Connection(session-id=01f18aaa-a1ea-1b38-9bad-6dffad497939) - Closing
[0m17:34:55.257400 [debug] [Thread-3 (]: Sending event: {'category': 'dbt', 'action': 'run_model', 'label': '5afae9ea-456f-4506-9564-6364496e13c7', 'context': [<snowplow_tracker.self_describing_json.SelfDescribingJson object at 0xff3968c2a1b0>]}
[0m17:34:55.258912 [info ] [Thread-3 (]: 1 of 1 OK snapshotted bronze_dev.snap_customers ................................ [[32mOK[0m in 6.39s]
[0m17:34:55.260042 [debug] [Thread-3 (]: Finished running node snapshot.globalmart_dbt.snap_customers
[0m17:34:55.262414 [debug] [MainThread]: Databricks adapter: DatabricksDBTConnection(session-id=None, name=master) - Creating connection
[0m17:34:55.269322 [debug] [MainThread]: Acquiring new databricks connection 'master'
[0m17:34:55.270242 [info ] [MainThread]: 
[0m17:34:55.271748 [info ] [MainThread]: Finished running 1 snapshot in 0 hours 0 minutes and 7.72 seconds (7.72s).
[0m17:34:55.273464 [debug] [MainThread]: Command end result
[0m17:34:55.339307 [debug] [MainThread]: Wrote artifact WritableManifest to /Workspace/Users/iamnovaryn@gmail.com/DataBricks_Project/globalmart_dbt/target/manifest.json
[0m17:34:55.343124 [debug] [MainThread]: Wrote artifact SemanticManifest to /Workspace/Users/iamnovaryn@gmail.com/DataBricks_Project/globalmart_dbt/target/semantic_manifest.json
[0m17:34:55.365768 [debug] [MainThread]: Wrote artifact RunExecutionResult to /Workspace/Users/iamnovaryn@gmail.com/DataBricks_Project/globalmart_dbt/target/run_results.json
[0m17:34:55.366584 [info ] [MainThread]: 
[0m17:34:55.367430 [info ] [MainThread]: [32mCompleted successfully[0m
[0m17:34:55.368520 [info ] [MainThread]: 
[0m17:34:55.369305 [info ] [MainThread]: Done. PASS=1 WARN=0 ERROR=0 SKIP=0 NO-OP=0 TOTAL=1
[0m17:34:55.370944 [debug] [MainThread]: Resource report: {"command_name": "snapshot", "command_success": true, "command_wall_clock_time": 10.876781, "process_in_blocks": "0", "process_kernel_time": 0.342537, "process_mem_max_rss": "268332", "process_out_blocks": "0", "process_user_time": 4.716817}
[0m17:34:55.372122 [debug] [MainThread]: Command `dbt snapshot` succeeded at 17:34:55.372002 after 10.88 seconds
[0m17:34:55.372947 [debug] [MainThread]: Sending event: {'category': 'dbt', 'action': 'invocation', 'label': 'end', 'context': [<snowplow_tracker.self_describing_json.SelfDescribingJson object at 0xff397ced7710>, <snowplow_tracker.self_describing_json.SelfDescribingJson object at 0xff3968818590>, <snowplow_tracker.self_describing_json.SelfDescribingJson object at 0xff397e5233b0>]}
[0m17:34:55.373762 [debug] [MainThread]: Flushing usage events
[0m17:34:55.437526 [debug] [MainThread]: An error was encountered while trying to flush usage events
[0m17:36:02.971107 [debug] [MainThread]: Sending event: {'category': 'dbt', 'action': 'invocation', 'label': 'start', 'context': [<snowplow_tracker.self_describing_json.SelfDescribingJson object at 0xfffc5148ff20>, <snowplow_tracker.self_describing_json.SelfDescribingJson object at 0xfffc5196ffe0>, <snowplow_tracker.self_describing_json.SelfDescribingJson object at 0xfffc5196cc20>]}


============================== 17:36:02.974737 | 056d0706-2e14-40ee-be00-14934df64b70 ==============================
[0m17:36:02.974737 [info ] [MainThread]: Running with dbt=1.11.12
[0m17:36:02.975757 [debug] [MainThread]: running dbt with arguments {'log_format': 'default', 'debug': 'False', 'static_parser': 'True', 'fail_fast': 'False', 'use_colors': 'True', 'use_experimental_parser': 'False', 'target_path': 'None', 'write_json': 'True', 'profiles_dir': '/home/spark-58690ef7-a781-46db-bb93-20/.dbt', 'quiet': 'False', 'partial_parse': 'True', 'version_check': 'True', 'empty': 'False', 'indirect_selection': 'eager', 'send_anonymous_usage_stats': 'True', 'log_cache_events': 'False', 'no_print': 'None', 'introspect': 'True', 'cache_selected_only': 'False', 'invocation_command': 'dbt snapshot', 'log_path': '/Workspace/Users/iamnovaryn@gmail.com/DataBricks_Project/globalmart_dbt/logs', 'warn_error_options': 'WarnErrorOptionsV2(error=[], warn=[], silence=[])', 'printer_width': '80', 'warn_error': 'None'}
[0m17:36:03.923781 [debug] [MainThread]: Spark adapter: Setting pyhive.hive logging to ERROR
[0m17:36:03.925164 [debug] [MainThread]: Spark adapter: Setting thrift.transport logging to ERROR
[0m17:36:03.925891 [debug] [MainThread]: Spark adapter: Setting thrift.protocol logging to ERROR
[0m17:36:04.681506 [debug] [MainThread]: Sending event: {'category': 'dbt', 'action': 'project_id', 'label': '056d0706-2e14-40ee-be00-14934df64b70', 'context': [<snowplow_tracker.self_describing_json.SelfDescribingJson object at 0xfffc3d0dc200>]}
[0m17:36:04.782425 [debug] [MainThread]: Sending event: {'category': 'dbt', 'action': 'adapter_info', 'label': '056d0706-2e14-40ee-be00-14934df64b70', 'context': [<snowplow_tracker.self_describing_json.SelfDescribingJson object at 0xfffc3cf60140>]}
[0m17:36:04.783825 [info ] [MainThread]: Registered adapter: databricks=1.12.2
[0m17:36:04.907309 [debug] [MainThread]: checksum: f368f5348cf42803b94ef7fb8257ecf3bf9a9a16dd9c8c51fe5172f2dbeb457f, vars: {}, profile: , target: , version: 1.11.12
[0m17:36:05.248244 [debug] [MainThread]: Partial parsing enabled: 0 files deleted, 0 files added, 1 files changed.
[0m17:36:05.249473 [debug] [MainThread]: Partial parsing: updated file: globalmart_dbt://snapshots/snap_customers.sql
[0m17:36:05.610643 [debug] [MainThread]: Sending event: {'category': 'dbt', 'action': 'load_project', 'label': '056d0706-2e14-40ee-be00-14934df64b70', 'context': [<snowplow_tracker.self_describing_json.SelfDescribingJson object at 0xfffc3c4d36e0>]}
[0m17:36:05.763961 [debug] [MainThread]: Wrote artifact WritableManifest to /Workspace/Users/iamnovaryn@gmail.com/DataBricks_Project/globalmart_dbt/target/manifest.json
[0m17:36:05.785068 [debug] [MainThread]: Wrote artifact SemanticManifest to /Workspace/Users/iamnovaryn@gmail.com/DataBricks_Project/globalmart_dbt/target/semantic_manifest.json
[0m17:36:05.828397 [debug] [MainThread]: Sending event: {'category': 'dbt', 'action': 'resource_counts', 'label': '056d0706-2e14-40ee-be00-14934df64b70', 'context': [<snowplow_tracker.self_describing_json.SelfDescribingJson object at 0xfffc3c4d53a0>]}
[0m17:36:05.829782 [info ] [MainThread]: Found 5 models, 6 data tests, 1 snapshot, 2 sources, 770 macros
[0m17:36:05.830845 [debug] [MainThread]: Sending event: {'category': 'dbt', 'action': 'runnable_timing', 'label': '056d0706-2e14-40ee-be00-14934df64b70', 'context': [<snowplow_tracker.self_describing_json.SelfDescribingJson object at 0xfffc3c440ce0>]}
[0m17:36:05.833368 [info ] [MainThread]: 
[0m17:36:05.834266 [info ] [MainThread]: Concurrency: 4 threads (target='dev')
[0m17:36:05.835057 [info ] [MainThread]: 
[0m17:36:05.836220 [debug] [MainThread]: Databricks adapter: DatabricksDBTConnection(session-id=None, name=master) - Creating connection
[0m17:36:05.836926 [debug] [MainThread]: Acquiring new databricks connection 'master'
[0m17:36:05.838258 [debug] [ThreadPool]: Databricks adapter: DatabricksDBTConnection(session-id=None, name=list_globalmart) - Creating connection
[0m17:36:05.839924 [debug] [ThreadPool]: Acquiring new databricks connection 'list_globalmart'
[0m17:36:05.852935 [debug] [ThreadPool]: Using databricks connection "list_globalmart"
[0m17:36:05.890466 [debug] [ThreadPool]: On list_globalmart: /* {"app": "dbt", "dbt_version": "1.11.12", "dbt_databricks_version": "1.12.2", "databricks_sql_connector_version": "4.3.0", "profile_name": "globalmart_dbt", "target_name": "dev", "invocation_id": "056d0706-2e14-40ee-be00-14934df64b70", "connection_name": "list_globalmart"} */

    

  SHOW SCHEMAS IN `globalmart`


  
[0m17:36:05.891536 [debug] [ThreadPool]: Opening a new connection, currently in state init
[0m17:36:06.168771 [debug] [ThreadPool]: Databricks adapter: Connection(session-id=01f18aaa-cfd0-1a92-97d4-746356ad8492) - Created
[0m17:36:06.395380 [debug] [ThreadPool]: SQL status: OK in 0.500 seconds
[0m17:36:06.399934 [debug] [ThreadPool]: Databricks adapter: Cursor(session-id=01f18aaa-cfd0-1a92-97d4-746356ad8492, command-id=01f18aaa-cfdf-1f42-a083-e7669203cb91) - Closing
[0m17:36:06.401024 [debug] [ThreadPool]: On list_globalmart: Close
[0m17:36:06.401996 [debug] [ThreadPool]: Databricks adapter: Connection(session-id=01f18aaa-cfd0-1a92-97d4-746356ad8492) - Closing
[0m17:36:06.471375 [debug] [ThreadPool]: Databricks adapter: DatabricksDBTConnection(session-id=None, name=list_globalmart_bronze_dev) - Creating connection
[0m17:36:06.474376 [debug] [ThreadPool]: Acquiring new databricks connection 'list_globalmart_bronze_dev'
[0m17:36:06.480710 [debug] [ThreadPool]: Using databricks connection "list_globalmart_bronze_dev"
[0m17:36:06.481998 [debug] [ThreadPool]: On list_globalmart_bronze_dev: /* {"app": "dbt", "dbt_version": "1.11.12", "dbt_databricks_version": "1.12.2", "databricks_sql_connector_version": "4.3.0", "profile_name": "globalmart_dbt", "target_name": "dev", "invocation_id": "056d0706-2e14-40ee-be00-14934df64b70", "connection_name": "list_globalmart_bronze_dev"} */

    
SELECT
  table_name,
  if(table_type IN ('EXTERNAL', 'MANAGED', 'MANAGED_SHALLOW_CLONE', 'EXTERNAL_SHALLOW_CLONE'), 'table', lower(table_type)) AS table_type,
  lower(data_source_format) AS file_format,
  table_owner,
  if(
    table_type IN (
      'EXTERNAL',
      'MANAGED',
      'MANAGED_SHALLOW_CLONE',
      'EXTERNAL_SHALLOW_CLONE'
    ),
    lower(table_type),
    NULL
  ) AS databricks_table_type
FROM `system`.`information_schema`.`tables`
WHERE table_catalog = 'globalmart'
  AND table_schema = 'bronze_dev'

  
[0m17:36:06.482875 [debug] [ThreadPool]: Opening a new connection, currently in state init
[0m17:36:06.636840 [debug] [ThreadPool]: Databricks adapter: Connection(session-id=01f18aaa-d01c-18a6-8b23-052a6b802e9c) - Created
[0m17:36:07.051197 [debug] [ThreadPool]: SQL status: OK in 0.570 seconds
[0m17:36:07.054464 [debug] [ThreadPool]: Databricks adapter: Cursor(session-id=01f18aaa-d01c-18a6-8b23-052a6b802e9c, command-id=01f18aaa-d027-1929-8008-380317746f6a) - Closing
[0m17:36:07.055676 [debug] [ThreadPool]: On list_globalmart_bronze_dev: Close
[0m17:36:07.056463 [debug] [ThreadPool]: Databricks adapter: Connection(session-id=01f18aaa-d01c-18a6-8b23-052a6b802e9c) - Closing
[0m17:36:07.126420 [debug] [MainThread]: Sending event: {'category': 'dbt', 'action': 'runnable_timing', 'label': '056d0706-2e14-40ee-be00-14934df64b70', 'context': [<snowplow_tracker.self_describing_json.SelfDescribingJson object at 0xfffc3c9e2570>]}
[0m17:36:07.129686 [debug] [Thread-3 (]: Began running node snapshot.globalmart_dbt.snap_customers
[0m17:36:07.131688 [info ] [Thread-3 (]: 1 of 1 START snapshot bronze_dev.snap_customers ................................ [RUN]
[0m17:36:07.132919 [debug] [Thread-3 (]: Databricks adapter: DatabricksDBTConnection(session-id=None, name=snapshot.globalmart_dbt.snap_customers) - Creating connection
[0m17:36:07.133709 [debug] [Thread-3 (]: Acquiring new databricks connection 'snapshot.globalmart_dbt.snap_customers'
[0m17:36:07.136161 [debug] [Thread-3 (]: Began compiling node snapshot.globalmart_dbt.snap_customers
[0m17:36:07.145541 [debug] [Thread-3 (]: Began executing node snapshot.globalmart_dbt.snap_customers
[0m17:36:07.203223 [debug] [Thread-3 (]: Using databricks connection "snapshot.globalmart_dbt.snap_customers"
[0m17:36:07.209512 [debug] [Thread-3 (]: On snapshot.globalmart_dbt.snap_customers: /* {"app": "dbt", "dbt_version": "1.11.12", "dbt_databricks_version": "1.12.2", "databricks_sql_connector_version": "4.3.0", "profile_name": "globalmart_dbt", "target_name": "dev", "invocation_id": "056d0706-2e14-40ee-be00-14934df64b70", "node_id": "snapshot.globalmart_dbt.snap_customers"} */
select * from (
        



select * from `globalmart`.`bronze_dev`.`stg_customers`

    ) as __dbt_sbq
    where false
    limit 0

    
[0m17:36:07.210466 [debug] [Thread-3 (]: Opening a new connection, currently in state init
[0m17:36:07.367784 [debug] [Thread-3 (]: Databricks adapter: Connection(session-id=01f18aaa-d08c-1942-915b-49dbf0b51957) - Created
[0m17:36:07.990552 [debug] [Thread-3 (]: SQL status: OK in 0.780 seconds
[0m17:36:07.993205 [debug] [Thread-3 (]: Databricks adapter: Cursor(session-id=01f18aaa-d08c-1942-915b-49dbf0b51957, command-id=01f18aaa-d096-19c0-9e7c-24a1acda0a90) - Closing
[0m17:36:07.998505 [debug] [Thread-3 (]: Using databricks connection "snapshot.globalmart_dbt.snap_customers"
[0m17:36:07.999408 [debug] [Thread-3 (]: On snapshot.globalmart_dbt.snap_customers: /* {"app": "dbt", "dbt_version": "1.11.12", "dbt_databricks_version": "1.12.2", "databricks_sql_connector_version": "4.3.0", "profile_name": "globalmart_dbt", "target_name": "dev", "invocation_id": "056d0706-2e14-40ee-be00-14934df64b70", "node_id": "snapshot.globalmart_dbt.snap_customers"} */

    
  DESCRIBE TABLE EXTENDED `globalmart`.`bronze_dev`.`snap_customers` AS JSON

  
[0m17:36:08.651275 [debug] [Thread-3 (]: SQL status: OK in 0.650 seconds
[0m17:36:08.654160 [debug] [Thread-3 (]: Databricks adapter: Cursor(session-id=01f18aaa-d08c-1942-915b-49dbf0b51957, command-id=01f18aaa-d0f7-1d2f-97b5-a970a83fe779) - Closing
[0m17:36:08.659820 [debug] [Thread-3 (]: Using databricks connection "snapshot.globalmart_dbt.snap_customers"
[0m17:36:08.660789 [debug] [Thread-3 (]: On snapshot.globalmart_dbt.snap_customers: /* {"app": "dbt", "dbt_version": "1.11.12", "dbt_databricks_version": "1.12.2", "databricks_sql_connector_version": "4.3.0", "profile_name": "globalmart_dbt", "target_name": "dev", "invocation_id": "056d0706-2e14-40ee-be00-14934df64b70", "node_id": "snapshot.globalmart_dbt.snap_customers"} */

    
  DESCRIBE TABLE EXTENDED `globalmart`.`bronze_dev`.`snap_customers` AS JSON

  
[0m17:36:09.318377 [debug] [Thread-3 (]: SQL status: OK in 0.660 seconds
[0m17:36:09.321196 [debug] [Thread-3 (]: Databricks adapter: Cursor(session-id=01f18aaa-d08c-1942-915b-49dbf0b51957, command-id=01f18aaa-d15c-151a-bb9e-154185ce7bd6) - Closing
[0m17:36:09.388043 [debug] [Thread-3 (]: Using databricks connection "snapshot.globalmart_dbt.snap_customers"
[0m17:36:09.389589 [debug] [Thread-3 (]: On snapshot.globalmart_dbt.snap_customers: /* {"app": "dbt", "dbt_version": "1.11.12", "dbt_databricks_version": "1.12.2", "databricks_sql_connector_version": "4.3.0", "profile_name": "globalmart_dbt", "target_name": "dev", "invocation_id": "056d0706-2e14-40ee-be00-14934df64b70", "node_id": "snapshot.globalmart_dbt.snap_customers"} */

        
  
    create or replace temporary view `snap_customers__dbt_tmp` as
      
    
    with snapshot_query as (

        select * from `globalmart`.`bronze_dev`.`stg_customers`

    ),

    snapshotted_data as (

        select *, 
    
        customer_id as dbt_unique_key
    

        from `globalmart`.`bronze_dev`.`snap_customers`
        where
            
                dbt_valid_to is null
            

    ),

    insertions_source_data as (

        select *, 
    
        customer_id as dbt_unique_key
    
,
            
    current_timestamp()
 as dbt_updated_at,
            
    current_timestamp()
 as dbt_valid_from,
            
  
  coalesce(nullif(
    current_timestamp()
, 
    current_timestamp()
), null)
  as dbt_valid_to
,
            md5(coalesce(cast(customer_id as string ), '')
         || '|' || coalesce(cast(
    current_timestamp()
 as string ), '')
        ) as dbt_scd_id

        from snapshot_query
    ),

    updates_source_data as (

        select *, 
    
        customer_id as dbt_unique_key
    
,
            
    current_timestamp()
 as dbt_updated_at,
            
    current_timestamp()
 as dbt_valid_from,
            
    current_timestamp()
 as dbt_valid_to

        from snapshot_query
    ),

    insertions as (

        select
            'insert' as dbt_change_type,
            source_data.*

        from insertions_source_data as source_data
        left outer join snapshotted_data
            on 
    
        snapshotted_data.dbt_unique_key = source_data.dbt_unique_key
    

            where 
    
        snapshotted_data.dbt_unique_key is null
    

            or (
    
        snapshotted_data.dbt_unique_key is not null
    
 and (
                (snapshotted_data.`customer_id` != source_data.`customer_id`
        or
        (
            ((snapshotted_data.`customer_id` is null) and not (source_data.`customer_id` is null))
            or
            ((not snapshotted_data.`customer_id` is null) and (source_data.`customer_id` is null))
        ) or snapshotted_data.`order_priority` != source_data.`order_priority`
        or
        (
            ((snapshotted_data.`order_priority` is null) and not (source_data.`order_priority` is null))
            or
            ((not snapshotted_data.`order_priority` is null) and (source_data.`order_priority` is null))
        ) or snapshotted_data.`fulfillment_channel` != source_data.`fulfillment_channel`
        or
        (
            ((snapshotted_data.`fulfillment_channel` is null) and not (source_data.`fulfillment_channel` is null))
            or
            ((not snapshotted_data.`fulfillment_channel` is null) and (source_data.`fulfillment_channel` is null))
        ))
            )

        )

    ),

    updates as (

        select
            'update' as dbt_change_type,
            source_data.*,
            snapshotted_data.dbt_scd_id

        from updates_source_data as source_data
        join snapshotted_data
            on 
    
        snapshotted_data.dbt_unique_key = source_data.dbt_unique_key
    

        where (
            (snapshotted_data.`customer_id` != source_data.`customer_id`
        or
        (
            ((snapshotted_data.`customer_id` is null) and not (source_data.`customer_id` is null))
            or
            ((not snapshotted_data.`customer_id` is null) and (source_data.`customer_id` is null))
        ) or snapshotted_data.`order_priority` != source_data.`order_priority`
        or
        (
            ((snapshotted_data.`order_priority` is null) and not (source_data.`order_priority` is null))
            or
            ((not snapshotted_data.`order_priority` is null) and (source_data.`order_priority` is null))
        ) or snapshotted_data.`fulfillment_channel` != source_data.`fulfillment_channel`
        or
        (
            ((snapshotted_data.`fulfillment_channel` is null) and not (source_data.`fulfillment_channel` is null))
            or
            ((not snapshotted_data.`fulfillment_channel` is null) and (source_data.`fulfillment_channel` is null))
        ))
        )
    )

    select * from insertions
    union all
    select * from updates

  
    
[0m17:36:09.862569 [debug] [Thread-3 (]: SQL status: OK in 0.470 seconds
[0m17:36:09.864600 [debug] [Thread-3 (]: Databricks adapter: Cursor(session-id=01f18aaa-d08c-1942-915b-49dbf0b51957, command-id=01f18aaa-d1cb-153a-b1f7-52c99083c0f3) - Closing
[0m17:36:09.867575 [debug] [Thread-3 (]: Using databricks connection "snapshot.globalmart_dbt.snap_customers"
[0m17:36:09.868453 [debug] [Thread-3 (]: On snapshot.globalmart_dbt.snap_customers: /* {"app": "dbt", "dbt_version": "1.11.12", "dbt_databricks_version": "1.12.2", "databricks_sql_connector_version": "4.3.0", "profile_name": "globalmart_dbt", "target_name": "dev", "invocation_id": "056d0706-2e14-40ee-be00-14934df64b70", "node_id": "snapshot.globalmart_dbt.snap_customers"} */

    
  DESCRIBE TABLE EXTENDED `snap_customers__dbt_tmp` AS JSON

  
[0m17:36:10.003197 [debug] [Thread-3 (]: SQL status: OK in 0.130 seconds
[0m17:36:10.005874 [debug] [Thread-3 (]: Databricks adapter: Cursor(session-id=01f18aaa-d08c-1942-915b-49dbf0b51957, command-id=01f18aaa-d214-1689-8831-3e736dc8ccf2) - Closing
[0m17:36:10.010186 [debug] [Thread-3 (]: Using databricks connection "snapshot.globalmart_dbt.snap_customers"
[0m17:36:10.011107 [debug] [Thread-3 (]: On snapshot.globalmart_dbt.snap_customers: /* {"app": "dbt", "dbt_version": "1.11.12", "dbt_databricks_version": "1.12.2", "databricks_sql_connector_version": "4.3.0", "profile_name": "globalmart_dbt", "target_name": "dev", "invocation_id": "056d0706-2e14-40ee-be00-14934df64b70", "node_id": "snapshot.globalmart_dbt.snap_customers"} */

    
  DESCRIBE TABLE EXTENDED `globalmart`.`bronze_dev`.`snap_customers` AS JSON

  
[0m17:36:10.318549 [debug] [Thread-3 (]: SQL status: OK in 0.310 seconds
[0m17:36:10.321164 [debug] [Thread-3 (]: Databricks adapter: Cursor(session-id=01f18aaa-d08c-1942-915b-49dbf0b51957, command-id=01f18aaa-d22a-15e3-a261-955b59455226) - Closing
[0m17:36:10.324126 [debug] [Thread-3 (]: Using databricks connection "snapshot.globalmart_dbt.snap_customers"
[0m17:36:10.325033 [debug] [Thread-3 (]: On snapshot.globalmart_dbt.snap_customers: /* {"app": "dbt", "dbt_version": "1.11.12", "dbt_databricks_version": "1.12.2", "databricks_sql_connector_version": "4.3.0", "profile_name": "globalmart_dbt", "target_name": "dev", "invocation_id": "056d0706-2e14-40ee-be00-14934df64b70", "node_id": "snapshot.globalmart_dbt.snap_customers"} */

    
  DESCRIBE TABLE EXTENDED `snap_customers__dbt_tmp` AS JSON

  
[0m17:36:10.652269 [debug] [Thread-3 (]: SQL status: OK in 0.330 seconds
[0m17:36:10.654767 [debug] [Thread-3 (]: Databricks adapter: Cursor(session-id=01f18aaa-d08c-1942-915b-49dbf0b51957, command-id=01f18aaa-d25a-12f0-878c-36faca312c57) - Closing
[0m17:36:10.657921 [debug] [Thread-3 (]: Using databricks connection "snapshot.globalmart_dbt.snap_customers"
[0m17:36:10.658766 [debug] [Thread-3 (]: On snapshot.globalmart_dbt.snap_customers: /* {"app": "dbt", "dbt_version": "1.11.12", "dbt_databricks_version": "1.12.2", "databricks_sql_connector_version": "4.3.0", "profile_name": "globalmart_dbt", "target_name": "dev", "invocation_id": "056d0706-2e14-40ee-be00-14934df64b70", "node_id": "snapshot.globalmart_dbt.snap_customers"} */

    
  DESCRIBE TABLE EXTENDED `globalmart`.`bronze_dev`.`snap_customers` AS JSON

  
[0m17:36:11.073155 [debug] [Thread-3 (]: SQL status: OK in 0.410 seconds
[0m17:36:11.076085 [debug] [Thread-3 (]: Databricks adapter: Cursor(session-id=01f18aaa-d08c-1942-915b-49dbf0b51957, command-id=01f18aaa-d28d-10a9-b15d-818b2c006bf2) - Closing
[0m17:36:11.083406 [debug] [Thread-3 (]: Using databricks connection "snapshot.globalmart_dbt.snap_customers"
[0m17:36:11.084295 [debug] [Thread-3 (]: On snapshot.globalmart_dbt.snap_customers: /* {"app": "dbt", "dbt_version": "1.11.12", "dbt_databricks_version": "1.12.2", "databricks_sql_connector_version": "4.3.0", "profile_name": "globalmart_dbt", "target_name": "dev", "invocation_id": "056d0706-2e14-40ee-be00-14934df64b70", "node_id": "snapshot.globalmart_dbt.snap_customers"} */

    
  DESCRIBE TABLE EXTENDED `snap_customers__dbt_tmp` AS JSON

  
[0m17:36:11.217503 [debug] [Thread-3 (]: SQL status: OK in 0.130 seconds
[0m17:36:11.220050 [debug] [Thread-3 (]: Databricks adapter: Cursor(session-id=01f18aaa-d08c-1942-915b-49dbf0b51957, command-id=01f18aaa-d2cd-1fe4-87d0-8b3fd8660ff7) - Closing
[0m17:36:11.235883 [debug] [Thread-3 (]: Using databricks connection "snapshot.globalmart_dbt.snap_customers"
[0m17:36:11.237181 [debug] [Thread-3 (]: On snapshot.globalmart_dbt.snap_customers: /* {"app": "dbt", "dbt_version": "1.11.12", "dbt_databricks_version": "1.12.2", "databricks_sql_connector_version": "4.3.0", "profile_name": "globalmart_dbt", "target_name": "dev", "invocation_id": "056d0706-2e14-40ee-be00-14934df64b70", "node_id": "snapshot.globalmart_dbt.snap_customers"} */
select * from (
        
    
    with snapshot_query as (

        select * from `globalmart`.`bronze_dev`.`stg_customers`

    ),

    snapshotted_data as (

        select *, 
    
        customer_id as dbt_unique_key
    

        from `globalmart`.`bronze_dev`.`snap_customers`
        where
            
                dbt_valid_to is null
            

    ),

    insertions_source_data as (

        select *, 
    
        customer_id as dbt_unique_key
    
,
            
    current_timestamp()
 as dbt_updated_at,
            
    current_timestamp()
 as dbt_valid_from,
            
  
  coalesce(nullif(
    current_timestamp()
, 
    current_timestamp()
), null)
  as dbt_valid_to
,
            md5(coalesce(cast(customer_id as string ), '')
         || '|' || coalesce(cast(
    current_timestamp()
 as string ), '')
        ) as dbt_scd_id

        from snapshot_query
    ),

    updates_source_data as (

        select *, 
    
        customer_id as dbt_unique_key
    
,
            
    current_timestamp()
 as dbt_updated_at,
            
    current_timestamp()
 as dbt_valid_from,
            
    current_timestamp()
 as dbt_valid_to

        from snapshot_query
    ),

    insertions as (

        select
            'insert' as dbt_change_type,
            source_data.*

        from insertions_source_data as source_data
        left outer join snapshotted_data
            on 
    
        snapshotted_data.dbt_unique_key = source_data.dbt_unique_key
    

            where 
    
        snapshotted_data.dbt_unique_key is null
    

            or (
    
        snapshotted_data.dbt_unique_key is not null
    
 and (
                (snapshotted_data.`customer_id` != source_data.`customer_id`
        or
        (
            ((snapshotted_data.`customer_id` is null) and not (source_data.`customer_id` is null))
            or
            ((not snapshotted_data.`customer_id` is null) and (source_data.`customer_id` is null))
        ) or snapshotted_data.`order_priority` != source_data.`order_priority`
        or
        (
            ((snapshotted_data.`order_priority` is null) and not (source_data.`order_priority` is null))
            or
            ((not snapshotted_data.`order_priority` is null) and (source_data.`order_priority` is null))
        ) or snapshotted_data.`fulfillment_channel` != source_data.`fulfillment_channel`
        or
        (
            ((snapshotted_data.`fulfillment_channel` is null) and not (source_data.`fulfillment_channel` is null))
            or
            ((not snapshotted_data.`fulfillment_channel` is null) and (source_data.`fulfillment_channel` is null))
        ))
            )

        )

    ),

    updates as (

        select
            'update' as dbt_change_type,
            source_data.*,
            snapshotted_data.dbt_scd_id

        from updates_source_data as source_data
        join snapshotted_data
            on 
    
        snapshotted_data.dbt_unique_key = source_data.dbt_unique_key
    

        where (
            (snapshotted_data.`customer_id` != source_data.`customer_id`
        or
        (
            ((snapshotted_data.`customer_id` is null) and not (source_data.`customer_id` is null))
            or
            ((not snapshotted_data.`customer_id` is null) and (source_data.`customer_id` is null))
        ) or snapshotted_data.`order_priority` != source_data.`order_priority`
        or
        (
            ((snapshotted_data.`order_priority` is null) and not (source_data.`order_priority` is null))
            or
            ((not snapshotted_data.`order_priority` is null) and (source_data.`order_priority` is null))
        ) or snapshotted_data.`fulfillment_channel` != source_data.`fulfillment_channel`
        or
        (
            ((snapshotted_data.`fulfillment_channel` is null) and not (source_data.`fulfillment_channel` is null))
            or
            ((not snapshotted_data.`fulfillment_channel` is null) and (source_data.`fulfillment_channel` is null))
        ))
        )
    )

    select * from insertions
    union all
    select * from updates

    ) as __dbt_sbq
    where false
    limit 0

[0m17:36:11.845763 [debug] [Thread-3 (]: SQL status: OK in 0.610 seconds
[0m17:36:11.849463 [debug] [Thread-3 (]: Using databricks connection "snapshot.globalmart_dbt.snap_customers"
[0m17:36:11.850457 [debug] [Thread-3 (]: On snapshot.globalmart_dbt.snap_customers: /* {"app": "dbt", "dbt_version": "1.11.12", "dbt_databricks_version": "1.12.2", "databricks_sql_connector_version": "4.3.0", "profile_name": "globalmart_dbt", "target_name": "dev", "invocation_id": "056d0706-2e14-40ee-be00-14934df64b70", "node_id": "snapshot.globalmart_dbt.snap_customers"} */
select * from (
        select 
    current_timestamp()
 as dbt_snapshot_time
    ) as __dbt_sbq
    where false
    limit 0

[0m17:36:11.851392 [debug] [Thread-3 (]: Databricks adapter: Cursor(session-id=01f18aaa-d08c-1942-915b-49dbf0b51957, command-id=01f18aaa-d2e5-1908-9f32-974cfb921d49) - Closing
[0m17:36:12.026771 [debug] [Thread-3 (]: SQL status: OK in 0.180 seconds
[0m17:36:12.028064 [debug] [Thread-3 (]: Writing runtime sql for node "snapshot.globalmart_dbt.snap_customers"
[0m17:36:12.114823 [debug] [Thread-3 (]: Using databricks connection "snapshot.globalmart_dbt.snap_customers"
[0m17:36:12.116945 [debug] [Thread-3 (]: On snapshot.globalmart_dbt.snap_customers: /* {"app": "dbt", "dbt_version": "1.11.12", "dbt_databricks_version": "1.12.2", "databricks_sql_connector_version": "4.3.0", "profile_name": "globalmart_dbt", "target_name": "dev", "invocation_id": "056d0706-2e14-40ee-be00-14934df64b70", "node_id": "snapshot.globalmart_dbt.snap_customers"} */

      merge into `globalmart`.`bronze_dev`.`snap_customers` as DBT_INTERNAL_DEST
        using `snap_customers__dbt_tmp` as DBT_INTERNAL_SOURCE
    on DBT_INTERNAL_SOURCE.`dbt_scd_id` = DBT_INTERNAL_DEST.`dbt_scd_id`
    when matched
        and DBT_INTERNAL_DEST.`dbt_valid_to` is null
        and DBT_INTERNAL_SOURCE.`dbt_change_type` in ('update', 'delete')
        then update
        set `dbt_valid_to` = DBT_INTERNAL_SOURCE.`dbt_valid_to`

    when not matched
        and DBT_INTERNAL_SOURCE.`dbt_change_type` = 'insert'
        then insert (`customer_id`, `order_priority`, `fulfillment_channel`, `dbt_updated_at`, `dbt_valid_from`, `dbt_valid_to`, `dbt_scd_id`)
        values (`customer_id`, `order_priority`, `fulfillment_channel`, `dbt_updated_at`, `dbt_valid_from`, `dbt_valid_to`, `dbt_scd_id`)
    ;

  
[0m17:36:12.118017 [debug] [Thread-3 (]: Databricks adapter: Cursor(session-id=01f18aaa-d08c-1942-915b-49dbf0b51957, command-id=01f18aaa-d343-10ec-80c1-b9f54a7e1108) - Closing
[0m17:36:15.550886 [debug] [Thread-3 (]: Databricks adapter: Exception while trying to execute query
/* {"app": "dbt", "dbt_version": "1.11.12", "dbt_databricks_version": "1.12.2", "databricks_sql_connector_version": "4.3.0", "profile_name": "globalmart_dbt", "target_name": "dev", "invocation_id": "056d0706-2e14-40ee-be00-14934df64b70", "node_id": "snapshot.globalmart_dbt.snap_customers"} */

      merge into `globalmart`.`bronze_dev`.`snap_customers` as DBT_INTERNAL_DEST
        using `snap_customers__dbt_tmp` as DBT_INTERNAL_SOURCE
    on DBT_INTERNAL_SOURCE.`dbt_scd_id` = DBT_INTERNAL_DEST.`dbt_scd_id`
    when matched
        and DBT_INTERNAL_DEST.`dbt_valid_to` is null
        and DBT_INTERNAL_SOURCE.`dbt_change_type` in ('update', 'delete')
        then update
        set `dbt_valid_to` = DBT_INTERNAL_SOURCE.`dbt_valid_to`

    when not matched
        and DBT_INTERNAL_SOURCE.`dbt_change_type` = 'insert'
        then insert (`customer_id`, `order_priority`, `fulfillment_channel`, `dbt_updated_at`, `dbt_valid_from`, `dbt_valid_to`, `dbt_scd_id`)
        values (`customer_id`, `order_priority`, `fulfillment_channel`, `dbt_updated_at`, `dbt_valid_from`, `dbt_valid_to`, `dbt_scd_id`)
    ;

  
: [DELTA_MULTIPLE_SOURCE_ROW_MATCHING_TARGET_ROW_IN_MERGE] Cannot perform Merge as multiple source rows matched and attempted to modify the same
target row in the Delta table in possibly conflicting ways. By SQL semantics of Merge,
when multiple source rows match on the same target row, the result may be ambiguous
as it is unclear which source row should be used to update or delete the matching
target row. You can preprocess the source table to eliminate the possibility of
multiple matches. Please refer to
https://docs.databricks.com/delta/merge.html#merge-error

Error properties: diagnostic-info=org.apache.hive.service.cli.HiveSQLException: Error running query: [DELTA_MULTIPLE_SOURCE_ROW_MATCHING_TARGET_ROW_IN_MERGE] com.databricks.sql.transaction.tahoe.DeltaUnsupportedOperationException: [DELTA_MULTIPLE_SOURCE_ROW_MATCHING_TARGET_ROW_IN_MERGE] Cannot perform Merge as multiple source rows matched and attempted to modify the same
target row in the Delta table in possibly conflicting ways. By SQL semantics of Merge,
when multiple source rows match on the same target row, the result may be ambiguous
as it is unclear which source row should be used to update or delete the matching
target row. You can preprocess the source table to eliminate the possibility of
multiple matches. Please refer to
https://docs.databricks.com/delta/merge.html#merge-error

	at org.apache.spark.sql.hive.thriftserver.HiveThriftServerErrors$.runningQueryError(HiveThriftServerErrors.scala:58)
	at org.apache.spark.sql.hive.thriftserver.SparkExecuteStatementOperation.$anonfun$execute$1(SparkExecuteStatementOperation.scala:1205)
	at scala.runtime.java8.JFunction0$mcV$sp.apply(JFunction0$mcV$sp.scala:18)
	at com.databricks.unity.UCSEphemeralState$Handle.runWith(UCSEphemeralState.scala:51)
	at com.databricks.unity.HandleImpl.runWith(UCSHandle.scala:128)
	at org.apache.spark.sql.hive.thriftserver.SparkExecuteStatementOperation.org$apache$spark$sql$hive$thriftserver$SparkExecuteStatementOperation$$execute(SparkExecuteStatementOperation.scala:898)
	at org.apache.spark.sql.hive.thriftserver.SparkExecuteStatementOperation$$anon$2$$anon$3.$anonfun$run$6(SparkExecuteStatementOperation.scala:647)
	at scala.runtime.java8.JFunction0$mcV$sp.apply(JFunction0$mcV$sp.scala:18)
	at org.apache.spark.sql.execution.SQLExecution$.withRootExecution(SQLExecution.scala:1498)
	at org.apache.spark.sql.hive.thriftserver.SparkExecuteStatementOperation$$anon$2$$anon$3.$anonfun$run$3(SparkExecuteStatementOperation.scala:647)
	at scala.runtime.java8.JFunction0$mcV$sp.apply(JFunction0$mcV$sp.scala:18)
	at com.databricks.util.TracingSpanUtils$.withTracing(TracingSpanUtils.scala:251)
	at com.databricks.spark.util.DatabricksTracingHelper.withSpan(DatabricksSparkTracingHelper.scala:154)
	at com.databricks.spark.util.DBRTracing$.withSpan(DBRTracing.scala:87)
	at org.apache.spark.sql.hive.thriftserver.ThriftLocalProperties.$anonfun$withLocalProperties$18(ThriftLocalProperties.scala:366)
	at com.databricks.logging.AttributionContextTracing.$anonfun$withAttributionContext$1(AttributionContextTracing.scala:146)
	at com.databricks.logging.AttributionContext$.$anonfun$withValue$1(AttributionContext.scala:349)
	at scala.util.DynamicVariable.withValue(DynamicVariable.scala:59)
	at com.databricks.logging.AttributionContext$.withValue(AttributionContext.scala:345)
	at com.databricks.logging.AttributionContextTracing.withAttributionContext(AttributionContextTracing.scala:144)
	at com.databricks.logging.AttributionContextTracing.withAttributionContext$(AttributionContextTracing.scala:141)
	at com.databricks.spark.util.PublicDBLogging.withAttributionContext(DatabricksSparkUsageLogger.scala:29)
	at com.databricks.logging.AttributionContextTracing.withAttributionTags(AttributionContextTracing.scala:201)
	at com.databricks.logging.AttributionContextTracing.withAttributionTags$(AttributionContextTracing.scala:182)
	at com.databricks.spark.util.PublicDBLogging.withAttributionTags(DatabricksSparkUsageLogger.scala:29)
	at com.databricks.spark.util.PublicDBLogging.withAttributionTags0(DatabricksSparkUsageLogger.scala:108)
	at com.databricks.spark.util.DatabricksSparkUsageLogger.withAttributionTags(DatabricksSparkUsageLogger.scala:215)
	at com.databricks.spark.util.UsageLogging.$anonfun$withAttributionTags$1(UsageLogger.scala:668)
	at com.databricks.spark.util.UsageLogging$.withAttributionTags(UsageLogger.scala:780)
	at com.databricks.spark.util.UsageLogging$.withAttributionTags(UsageLogger.scala:789)
	at com.databricks.spark.util.UsageLogging.withAttributionTags(UsageLogger.scala:668)
	at com.databricks.spark.util.UsageLogging.withAttributionTags$(UsageLogger.scala:666)
	at org.apache.spark.sql.hive.thriftserver.SparkExecuteStatementOperation.withAttributionTags(SparkExecuteStatementOperation.scala:79)
	at org.apache.spark.sql.hive.thriftserver.ThriftLocalProperties.$anonfun$withLocalProperties$15(ThriftLocalProperties.scala:365)
	at com.databricks.spark.util.IdentityClaim$.withClaim(IdentityClaim.scala:48)
	at org.apache.spark.sql.hive.thriftserver.ThriftLocalProperties.withLocalProperties(ThriftLocalProperties.scala:360)
	at org.apache.spark.sql.hive.thriftserver.ThriftLocalProperties.withLocalProperties$(ThriftLocalProperties.scala:180)
	at org.apache.spark.sql.hive.thriftserver.SparkExecuteStatementOperation.withLocalProperties(SparkExecuteStatementOperation.scala:79)
	at org.apache.spark.sql.hive.thriftserver.SparkExecuteStatementOperation$$anon$2$$anon$3.$anonfun$run$2(SparkExecuteStatementOperation.scala:623)
	at scala.runtime.java8.JFunction0$mcV$sp.apply(JFunction0$mcV$sp.scala:18)
	at com.databricks.spark.util.DBRTracing$.withSpanFromParent(DBRTracing.scala:70)
	at org.apache.spark.sql.hive.thriftserver.SparkExecuteStatementOperation$$anon$2$$anon$3.run(SparkExecuteStatementOperation.scala:623)
	at org.apache.spark.sql.hive.thriftserver.SparkExecuteStatementOperation$$anon$2$$anon$3.run(SparkExecuteStatementOperation.scala:596)
	at java.base/java.security.AccessController.doPrivileged(AccessController.java:712)
	at java.base/javax.security.auth.Subject.doAs(Subject.java:439)
	at org.apache.hadoop.security.UserGroupInformation.doAs(UserGroupInformation.java:1953)
	at org.apache.spark.sql.hive.thriftserver.SparkExecuteStatementOperation$$anon$2.run(SparkExecuteStatementOperation.scala:661)
	at java.base/java.util.concurrent.Executors$RunnableAdapter.call(Executors.java:539)
	at java.base/java.util.concurrent.FutureTask.run(FutureTask.java:264)
	at java.base/java.util.concurrent.ThreadPoolExecutor.runWorker(ThreadPoolExecutor.java:1136)
	at java.base/java.util.concurrent.ThreadPoolExecutor$Worker.run(ThreadPoolExecutor.java:635)
	at java.base/java.lang.Thread.run(Thread.java:840)
Caused by: com.databricks.sql.transaction.tahoe.DeltaUnsupportedOperationException: [DELTA_MULTIPLE_SOURCE_ROW_MATCHING_TARGET_ROW_IN_MERGE] Cannot perform Merge as multiple source rows matched and attempted to modify the same
target row in the Delta table in possibly conflicting ways. By SQL semantics of Merge,
when multiple source rows match on the same target row, the result may be ambiguous
as it is unclear which source row should be used to update or delete the matching
target row. You can preprocess the source table to eliminate the possibility of
multiple matches. Please refer to
https://docs.databricks.com/delta/merge.html#merge-error

	at com.databricks.sql.transaction.tahoe.DeltaErrorsEdge.multipleSourceRowMatchingTargetRowInMergeException(DeltaErrorsEdge.scala:1396)
	at com.databricks.sql.transaction.tahoe.DeltaErrorsEdge.multipleSourceRowMatchingTargetRowInMergeException$(DeltaErrorsEdge.scala:1391)
	at com.databricks.sql.transaction.tahoe.DeltaErrors$.multipleSourceRowMatchingTargetRowInMergeException(DeltaErrors.scala:4492)
	at com.databricks.sql.transaction.tahoe.commands.MergeIntoCommandBase.throwErrorOnMultipleMatches(MergeIntoCommandBase.scala:318)
	at com.databricks.sql.transaction.tahoe.commands.MergeIntoCommandBase.throwErrorOnMultipleMatches$(MergeIntoCommandBase.scala:313)
	at com.databricks.sql.transaction.tahoe.commands.MergeIntoWithDeltaDMLCommandEdge.throwErrorOnMultipleMatches(MergeIntoCommandEdge.scala:72)
	at com.databricks.sql.transaction.tahoe.commands.merge.LowShuffleMergeExecutor.$anonfun$findTouchedFilesForLowShuffleMerge$1(LowShuffleMergeExecutor.scala:695)
	at com.databricks.sql.transaction.tahoe.commands.MergeIntoCommandBase.$anonfun$recordMergeOperation$6(MergeIntoCommandBase.scala:461)
	at com.databricks.sql.util.ThreadLocalTagger.withTag(QueryTagger.scala:63)
	at com.databricks.sql.util.ThreadLocalTagger.withTag$(QueryTagger.scala:60)
	at com.databricks.sql.util.QueryTagger$.withTag(QueryTagger.scala:254)
	at com.databricks.sql.transaction.tahoe.commands.MergeIntoCommandBase.executeThunk$1(MergeIntoCommandBase.scala:460)
	at com.databricks.sql.transaction.tahoe.commands.MergeIntoCommandBase.$anonfun$recordMergeOperation$8(MergeIntoCommandBase.scala:484)
	at com.databricks.backend.daemon.driver.ProgressReporter$.withStatusCode(ProgressReporter.scala:452)
	at com.databricks.spark.util.SparkDatabricksProgressReporter$.withStatusCode(ProgressReporter.scala:34)
	at com.databricks.sql.transaction.tahoe.util.DeltaProgressReporterEdge.withStatusCode(DeltaProgressReporterEdge.scala:30)
	at com.databricks.sql.transaction.tahoe.util.DeltaProgressReporterEdge.withStatusCode$(DeltaProgressReporterEdge.scala:25)
	at com.databricks.sql.transaction.tahoe.commands.DeltaDMLCommandEdge.withStatusCode(DeltaDMLCommandEdge.scala:64)
	at com.databricks.sql.transaction.tahoe.commands.MergeIntoCommandBase.$anonfun$recordMergeOperation$7(MergeIntoCommandBase.scala:484)
	at com.databricks.sql.transaction.tahoe.metering.DeltaLogging.withOperationTypeTag(DeltaLogging.scala:854)
	at com.databricks.sql.transaction.tahoe.metering.DeltaLogging.withOperationTypeTag$(DeltaLogging.scala:841)
	at com.databricks.sql.transaction.tahoe.commands.DeltaDMLCommandEdge.withOperationTypeTag(DeltaDMLCommandEdge.scala:64)
	at com.databricks.sql.transaction.tahoe.metering.DeltaLogging.$anonfun$recordDeltaOperationInternal$2(DeltaLogging.scala:527)
	at com.databricks.spark.util.FrameProfiler$.$anonfun$record$1(FrameProfiler.scala:114)
	at com.databricks.spark.util.FrameProfilerExporter$.maybeExportFrameProfiler(FrameProfilerExporter.scala:146)
	at com.databricks.spark.util.FrameProfiler$.record(FrameProfiler.scala:105)
	at com.databricks.sql.transaction.tahoe.metering.DeltaLogging.recordFrameProfileWithCallSite(DeltaLogging.scala:969)
	at com.databricks.sql.transaction.tahoe.metering.DeltaLogging.recordFrameProfileWithCallSite$(DeltaLogging.scala:966)
	at com.databricks.sql.transaction.tahoe.commands.DeltaDMLCommandEdge.recordFrameProfileWithCallSite(DeltaDMLCommandEdge.scala:64)
	at com.databricks.sql.transaction.tahoe.metering.DeltaLogging.$anonfun$recordDeltaOperationInternal$1(DeltaLogging.scala:526)
	at com.databricks.logging.UsageLogging.$anonfun$recordOperation$1(UsageLogging.scala:531)
	at com.databricks.logging.UsageLogging.executeThunkAndCaptureResultTags$1(UsageLogging.scala:669)
	at com.databricks.logging.UsageLogging.$anonfun$recordOperationWithResultTags$6(UsageLogging.scala:696)
	at com.databricks.logging.AttributionContextTracing.$anonfun$withAttributionContext$1(AttributionContextTracing.scala:146)
	at com.databricks.logging.AttributionContext$.$anonfun$withValue$1(AttributionContext.scala:349)
	at scala.util.DynamicVariable.withValue(DynamicVariable.scala:59)
	at com.databricks.logging.AttributionContext$.withValue(AttributionContext.scala:345)
	at com.databricks.logging.AttributionContextTracing.withAttributionContext(AttributionContextTracing.scala:144)
	at com.databricks.logging.AttributionContextTracing.withAttributionContext$(AttributionContextTracing.scala:141)
	at com.databricks.spark.util.PublicDBLogging.withAttributionContext(DatabricksSparkUsageLogger.scala:29)
	at com.databricks.logging.AttributionContextTracing.withAttributionTags(AttributionContextTracing.scala:201)
	at com.databricks.logging.AttributionContextTracing.withAttributionTags$(AttributionContextTracing.scala:182)
	at com.databricks.spark.util.PublicDBLogging.withAttributionTags(DatabricksSparkUsageLogger.scala:29)
	at com.databricks.logging.UsageLogging.$anonfun$recordOperationWithResultTags$5(UsageLogging.scala:664)
	at com.databricks.logging.UsageLogging.withOtelSpanInContext$1(UsageLogging.scala:656)
	at com.databricks.logging.UsageLogging.recordOperationWithResultTags(UsageLogging.scala:659)
	at com.databricks.logging.UsageLogging.recordOperationWithResultTags$(UsageLogging.scala:540)
	at com.databricks.spark.util.PublicDBLogging.recordOperationWithResultTags(DatabricksSparkUsageLogger.scala:29)
	at com.databricks.logging.UsageLogging.recordOperation(UsageLogging.scala:532)
	at com.databricks.logging.UsageLogging.recordOperation$(UsageLogging.scala:496)
	at com.databricks.spark.util.PublicDBLogging.recordOperation(DatabricksSparkUsageLogger.scala:29)
	at com.databricks.spark.util.PublicDBLogging.recordOperation0(DatabricksSparkUsageLogger.scala:104)
	at com.databricks.spark.util.DatabricksSparkUsageLogger.recordOperation(DatabricksSparkUsageLogger.scala:193)
	at com.databricks.spark.util.UsageLogger.recordOperation(UsageLogger.scala:78)
	at com.databricks.spark.util.UsageLogger.recordOperation$(UsageLogger.scala:65)
	at com.databricks.spark.util.DatabricksSparkUsageLogger.recordOperation(DatabricksSparkUsageLogger.scala:152)
	at com.databricks.spark.util.UsageLogging.recordOperation(UsageLogger.scala:537)
	at com.databricks.spark.util.UsageLogging.recordOperation$(UsageLogger.scala:516)
	at com.databricks.sql.transaction.tahoe.commands.DeltaDMLCommandEdge.recordOperation(DeltaDMLCommandEdge.scala:64)
	at com.databricks.sql.transaction.tahoe.metering.DeltaLogging.recordDeltaOperationInternal(DeltaLogging.scala:525)
	at com.databricks.sql.transaction.tahoe.metering.DeltaLogging.recordDeltaOperation(DeltaLogging.scala:515)
	at com.databricks.sql.transaction.tahoe.metering.DeltaLogging.recordDeltaOperation$(DeltaLogging.scala:504)
	at com.databricks.sql.transaction.tahoe.commands.DeltaDMLCommandEdge.recordDeltaOperation(DeltaDMLCommandEdge.scala:64)
	at com.databricks.sql.transaction.tahoe.commands.MergeIntoCommandBase.recordMergeOperation(MergeIntoCommandBase.scala:481)
	at com.databricks.sql.transaction.tahoe.commands.MergeIntoCommandBase.recordMergeOperation$(MergeIntoCommandBase.scala:437)
	at com.databricks.sql.transaction.tahoe.commands.MergeIntoWithDeltaDMLCommandEdge.recordMergeOperation(MergeIntoCommandEdge.scala:72)
	at com.databricks.sql.transaction.tahoe.commands.merge.LowShuffleMergeExecutor.findTouchedFilesForLowShuffleMerge(LowShuffleMergeExecutor.scala:502)
	at com.databricks.sql.transaction.tahoe.commands.merge.LowShuffleMergeExecutor.$anonfun$runLowShuffleMerge$1(LowShuffleMergeExecutor.scala:239)
	at com.databricks.sql.transaction.tahoe.NoOpLowShuffleMergeExecutionObserver$.findTouchedFiles(LowShuffleMergeExecutionObserver.scala:87)
	at com.databricks.sql.transaction.tahoe.commands.merge.LowShuffleMergeExecutor.liftedTree1$1(LowShuffleMergeExecutor.scala:236)
	at com.databricks.sql.transaction.tahoe.commands.merge.LowShuffleMergeExecutor.runLowShuffleMerge(LowShuffleMergeExecutor.scala:234)
	at com.databricks.sql.transaction.tahoe.commands.merge.LowShuffleMergeExecutor.runLowShuffleMerge$(LowShuffleMergeExecutor.scala:230)
	at com.databricks.sql.transaction.tahoe.commands.MergeIntoCommandEdge.super$runLowShuffleMerge(MergeIntoCommandEdge.scala:533)
	at com.databricks.sql.transaction.tahoe.commands.MergeIntoCommandEdge.$anonfun$runMergeInternal$1(MergeIntoCommandEdge.scala:533)
	at com.databricks.sql.acl.CheckPermissions$.$anonfun$trusted$2(CheckPermissions.scala:2809)
	at com.databricks.sql.util.ThreadLocalTagger.withTag(QueryTagger.scala:63)
	at com.databricks.sql.util.ThreadLocalTagger.withTag$(QueryTagger.scala:60)
	at com.databricks.sql.util.QueryTagger$.withTag(QueryTagger.scala:254)
	at com.databricks.sql.acl.CheckPermissions$.trusted(CheckPermissions.scala:2809)
	at com.databricks.sql.transaction.tahoe.commands.MergeIntoCommandEdge.runMergeInternal(MergeIntoCommandEdge.scala:520)
	at com.databricks.sql.transaction.tahoe.commands.MergeIntoCommandEdge.$anonfun$runMerge$5(MergeIntoCommandEdge.scala:446)
	at com.databricks.sql.transaction.tahoe.commands.MergeIntoCommandEdge.withAnalysisExceptionsLogged(MergeIntoCommandEdge.scala:1153)
	at com.databricks.sql.transaction.tahoe.commands.MergeIntoCommandEdge.$anonfun$runMerge$4(MergeIntoCommandEdge.scala:433)
	at com.databricks.sql.transaction.tahoe.DeltaLog.withNewTransaction(DeltaLog.scala:367)
	at com.databricks.sql.transaction.tahoe.DeltaLogEdge.withExistingOrNewTransaction(DeltaLogEdge.scala:161)
	at com.databricks.sql.transaction.tahoe.DeltaLogEdge.withExistingOrNewTransaction$(DeltaLogEdge.scala:142)
	at com.databricks.sql.transaction.tahoe.DeltaLog.withExistingOrNewTransaction(DeltaLog.scala:109)
	at com.databricks.sql.transaction.tahoe.commands.MergeIntoCommandEdge.$anonfun$runMerge$1(MergeIntoCommandEdge.scala:396)
	at com.databricks.sql.transaction.tahoe.commands.MergeIntoCommandBase.$anonfun$recordMergeOperation$6(MergeIntoCommandBase.scala:461)
	at com.databricks.sql.util.ThreadLocalTagger.withTag(QueryTagger.scala:63)
	at com.databricks.sql.util.ThreadLocalTagger.withTag$(QueryTagger.scala:60)
	at com.databricks.sql.util.QueryTagger$.withTag(QueryTagger.scala:254)
	at com.databricks.sql.transaction.tahoe.commands.MergeIntoCommandBase.executeThunk$1(MergeIntoCommandBase.scala:460)
	at com.databricks.sql.transaction.tahoe.commands.MergeIntoCommandBase.$anonfun$recordMergeOperation$8(MergeIntoCommandBase.scala:484)
	at com.databricks.backend.daemon.driver.ProgressReporter$.withStatusCode(ProgressReporter.scala:452)
	at com.databricks.spark.util.SparkDatabricksProgressReporter$.withStatusCode(ProgressReporter.scala:34)
	at com.databricks.sql.transaction.tahoe.util.DeltaProgressReporterEdge.withStatusCode(DeltaProgressReporterEdge.scala:30)
	at com.databricks.sql.transaction.tahoe.util.DeltaProgressReporterEdge.withStatusCode$(DeltaProgressReporterEdge.scala:25)
	at com.databricks.sql.transaction.tahoe.commands.DeltaDMLCommandEdge.withStatusCode(DeltaDMLCommandEdge.scala:64)
	at com.databricks.sql.transaction.tahoe.commands.MergeIntoCommandBase.$anonfun$recordMergeOperation$7(MergeIntoCommandBase.scala:484)
	at com.databricks.sql.transaction.tahoe.metering.DeltaLogging.withOperationTypeTag(DeltaLogging.scala:854)
	at com.databricks.sql.transaction.tahoe.metering.DeltaLogging.withOperationTypeTag$(DeltaLogging.scala:841)
	at com.databricks.sql.transaction.tahoe.commands.DeltaDMLCommandEdge.withOperationTypeTag(DeltaDMLCommandEdge.scala:64)
	at com.databricks.sql.transaction.tahoe.metering.DeltaLogging.$anonfun$recordDeltaOperationInternal$2(DeltaLogging.scala:527)
	at com.databricks.spark.util.FrameProfiler$.$anonfun$record$1(FrameProfiler.scala:114)
	at com.databricks.spark.util.FrameProfilerExporter$.maybeExportFrameProfiler(FrameProfilerExporter.scala:146)
	at com.databricks.spark.util.FrameProfiler$.record(FrameProfiler.scala:105)
	at com.databricks.sql.transaction.tahoe.metering.DeltaLogging.recordFrameProfileWithCallSite(DeltaLogging.scala:969)
	at com.databricks.sql.transaction.tahoe.metering.DeltaLogging.recordFrameProfileWithCallSite$(DeltaLogging.scala:966)
	at com.databricks.sql.transaction.tahoe.commands.DeltaDMLCommandEdge.recordFrameProfileWithCallSite(DeltaDMLCommandEdge.scala:64)
	at com.databricks.sql.transaction.tahoe.metering.DeltaLogging.$anonfun$recordDeltaOperationInternal$1(DeltaLogging.scala:526)
	at com.databricks.logging.UsageLogging.$anonfun$recordOperation$1(UsageLogging.scala:531)
	at com.databricks.logging.UsageLogging.executeThunkAndCaptureResultTags$1(UsageLogging.scala:669)
	at com.databricks.logging.UsageLogging.$anonfun$recordOperationWithResultTags$6(UsageLogging.scala:696)
	at com.databricks.logging.AttributionContextTracing.$anonfun$withAttributionContext$1(AttributionContextTracing.scala:146)
	at com.databricks.logging.AttributionContext$.$anonfun$withValue$1(AttributionContext.scala:349)
	at scala.util.DynamicVariable.withValue(DynamicVariable.scala:59)
	at com.databricks.logging.AttributionContext$.withValue(AttributionContext.scala:345)
	at com.databricks.logging.AttributionContextTracing.withAttributionContext(AttributionContextTracing.scala:144)
	at com.databricks.logging.AttributionContextTracing.withAttributionContext$(AttributionContextTracing.scala:141)
	at com.databricks.spark.util.PublicDBLogging.withAttributionContext(DatabricksSparkUsageLogger.scala:29)
	at com.databricks.logging.AttributionContextTracing.withAttributionTags(AttributionContextTracing.scala:201)
	at com.databricks.logging.AttributionContextTracing.withAttributionTags$(AttributionContextTracing.scala:182)
	at com.databricks.spark.util.PublicDBLogging.withAttributionTags(DatabricksSparkUsageLogger.scala:29)
	at com.databricks.logging.UsageLogging.$anonfun$recordOperationWithResultTags$5(UsageLogging.scala:664)
	at com.databricks.logging.UsageLogging.withOtelSpanInContext$1(UsageLogging.scala:656)
	at com.databricks.logging.UsageLogging.recordOperationWithResultTags(UsageLogging.scala:659)
	at com.databricks.logging.UsageLogging.recordOperationWithResultTags$(UsageLogging.scala:540)
	at com.databricks.spark.util.PublicDBLogging.recordOperationWithResultTags(DatabricksSparkUsageLogger.scala:29)
	at com.databricks.logging.UsageLogging.recordOperation(UsageLogging.scala:532)
	at com.databricks.logging.UsageLogging.recordOperation$(UsageLogging.scala:496)
	at com.databricks.spark.util.PublicDBLogging.recordOperation(DatabricksSparkUsageLogger.scala:29)
	at com.databricks.spark.util.PublicDBLogging.recordOperation0(DatabricksSparkUsageLogger.scala:104)
	at com.databricks.spark.util.DatabricksSparkUsageLogger.recordOperation(DatabricksSparkUsageLogger.scala:193)
	at com.databricks.spark.util.UsageLogger.recordOperation(UsageLogger.scala:78)
	at com.databricks.spark.util.UsageLogger.recordOperation$(UsageLogger.scala:65)
	at com.databricks.spark.util.DatabricksSparkUsageLogger.recordOperation(DatabricksSparkUsageLogger.scala:152)
	at com.databricks.spark.util.UsageLogging.recordOperation(UsageLogger.scala:537)
	at com.databricks.spark.util.UsageLogging.recordOperation$(UsageLogger.scala:516)
	at com.databricks.sql.transaction.tahoe.commands.DeltaDMLCommandEdge.recordOperation(DeltaDMLCommandEdge.scala:64)
	at com.databricks.sql.transaction.tahoe.metering.DeltaLogging.recordDeltaOperationInternal(DeltaLogging.scala:525)
	at com.databricks.sql.transaction.tahoe.metering.DeltaLogging.recordDeltaOperation(DeltaLogging.scala:515)
	at com.databricks.sql.transaction.tahoe.metering.DeltaLogging.recordDeltaOperation$(DeltaLogging.scala:504)
	at com.databricks.sql.transaction.tahoe.commands.DeltaDMLCommandEdge.recordDeltaOperation(DeltaDMLCommandEdge.scala:64)
	at com.databricks.sql.transaction.tahoe.commands.MergeIntoCommandBase.recordMergeOperation(MergeIntoCommandBase.scala:481)
	at com.databricks.sql.transaction.tahoe.commands.MergeIntoCommandBase.recordMergeOperation$(MergeIntoCommandBase.scala:437)
	at com.databricks.sql.transaction.tahoe.commands.MergeIntoWithDeltaDMLCommandEdge.recordMergeOperation(MergeIntoCommandEdge.scala:72)
	at com.databricks.sql.transaction.tahoe.commands.MergeIntoCommandEdge.runMerge(MergeIntoCommandEdge.scala:389)
	at com.databricks.sql.transaction.tahoe.commands.MergeIntoCommandBase.$anonfun$run$1(MergeIntoCommandBase.scala:213)
	at com.databricks.sql.transaction.tahoe.commands.merge.MergeIntoMaterializeSource.runWithMaterializedSourceLostRetries(MergeIntoMaterializeSource.scala:203)
	at com.databricks.sql.transaction.tahoe.commands.merge.MergeIntoMaterializeSource.runWithMaterializedSourceLostRetries$(MergeIntoMaterializeSource.scala:185)
	at com.databricks.sql.transaction.tahoe.commands.MergeIntoWithDeltaDMLCommandEdge.runWithMaterializedSourceLostRetries(MergeIntoCommandEdge.scala:72)
	at com.databricks.sql.transaction.tahoe.commands.MergeIntoCommandBase.run(MergeIntoCommandBase.scala:213)
	at com.databricks.sql.transaction.tahoe.commands.MergeIntoCommandBase.run$(MergeIntoCommandBase.scala:178)
	at com.databricks.sql.transaction.tahoe.commands.MergeIntoWithDeltaDMLCommandEdge.runCommand(MergeIntoCommandEdge.scala:80)
	at com.databricks.sql.transaction.tahoe.commands.DeltaDMLCommandEdge.runFunc$1(DeltaDMLCommandEdge.scala:82)
	at com.databricks.sql.transaction.tahoe.commands.DeltaDMLCommandEdge.$anonfun$run$1(DeltaDMLCommandEdge.scala:101)
	at com.databricks.sql.transaction.tahoe.commands.RunWithClonedSparkSession.runWithClonedSparkSession(DMLUtils.scala:193)
	at com.databricks.sql.transaction.tahoe.commands.RunWithClonedSparkSession.runWithClonedSparkSession$(DMLUtils.scala:174)
	at com.databricks.sql.transaction.tahoe.commands.DeltaDMLCommandEdge.runWithClonedSparkSession(DeltaDMLCommandEdge.scala:64)
	at com.databricks.sql.transaction.tahoe.commands.DeltaDMLCommandEdge.run(DeltaDMLCommandEdge.scala:101)
	at com.databricks.sql.transaction.tahoe.commands.MergeIntoWithDeltaDMLCommandEdge.run(MergeIntoCommandEdge.scala:77)
	at org.apache.spark.sql.execution.command.ExecutedCommandExec.$anonfun$sideEffectResult$2(commands.scala:87)
	at org.apache.spark.sql.execution.SparkPlan.runCommandInAetherOrSpark(SparkPlan.scala:202)
	at org.apache.spark.sql.execution.command.ExecutedCommandExec.$anonfun$sideEffectResult$1(commands.scala:87)
	at com.databricks.spark.util.FrameProfiler$.$anonfun$record$1(FrameProfiler.scala:114)
	at com.databricks.spark.util.FrameProfilerExporter$.maybeExportFrameProfiler(FrameProfilerExporter.scala:146)
	at com.databricks.spark.util.FrameProfiler$.record(FrameProfiler.scala:105)
	at org.apache.spark.sql.execution.command.ExecutedCommandExec.sideEffectResult$lzycompute(commands.scala:84)
	at org.apache.spark.sql.execution.command.ExecutedCommandExec.sideEffectResult(commands.scala:83)
	at org.apache.spark.sql.execution.command.ExecutedCommandExec.executeCollect(commands.scala:97)
	at org.apache.spark.sql.execution.QueryExecution$.$anonfun$runCommand$12(QueryExecution.scala:1968)
	at com.databricks.util.LexicalThreadLocal$Handle.runWith(LexicalThreadLocal.scala:63)
	at org.apache.spark.sql.execution.QueryExecution$.$anonfun$runCommand$11(QueryExecution.scala:1962)
	at com.databricks.util.LexicalThreadLocal$Handle.runWith(LexicalThreadLocal.scala:63)
	at org.apache.spark.sql.execution.QueryExecution$.executeWithCaches$1(QueryExecution.scala:1962)
	at org.apache.spark.sql.execution.QueryExecution$.$anonfun$runCommand$10(QueryExecution.scala:1968)
	at org.apache.spark.sql.catalyst.QueryPlanningTracker$.withTracker(QueryPlanningTracker.scala:275)
	at org.apache.spark.sql.execution.QueryExecution$.$anonfun$runCommand$9(QueryExecution.scala:1955)
	at org.apache.spark.sql.execution.SQLExecution$.$anonfun$withNewExecutionId0$24(SQLExecution.scala:1112)
	at com.databricks.sql.util.MemoryTrackerHelper.withMemoryTracking(MemoryTrackerHelper.scala:111)
	at org.apache.spark.sql.execution.SQLExecution$.$anonfun$withNewExecutionId0$21(SQLExecution.scala:1032)
	at com.databricks.unity.UCSManager$.withTemporaryScope(UCSManager.scala:168)
	at org.apache.spark.sql.execution.SQLExecution$.$anonfun$withNewExecutionId0$20(SQLExecution.scala:928)
	at org.apache.spark.sql.execution.SQLExecution$.withSessionTagsApplied(SQLExecution.scala:1572)
	at org.apache.spark.sql.execution.SQLExecution$.$anonfun$withNewExecutionId0$19(SQLExecution.scala:917)
	at org.apache.spark.JobArtifactSet$.withActiveJobArtifactState(JobArtifactSet.scala:97)
	at org.apache.spark.sql.artifact.ArtifactManager.$anonfun$withResources$1(ArtifactManager.scala:124)
	at org.apache.spark.sql.artifact.ArtifactManager.withClassLoaderIfNeeded(ArtifactManager.scala:118)
	at org.apache.spark.sql.artifact.ArtifactManager.withResources(ArtifactManager.scala:123)
	at org.apache.spark.sql.execution.SQLExecution$.$anonfun$withNewExecutionId0$18(SQLExecution.scala:917)
	at org.apache.spark.sql.execution.SQLExecution$.withSQLConfPropagated(SQLExecution.scala:1607)
	at org.apache.spark.sql.execution.SQLExecution$.$anonfun$withNewExecutionId0$1(SQLExecution.scala:916)
	at org.apache.spark.sql.SparkSession.withActive(SparkSession.scala:866)
	at org.apache.spark.sql.execution.SQLExecution$.withNewExecutionId0(SQLExecution.scala:657)
	at org.apache.spark.sql.execution.SQLExecution$.withNewExecutionId(SQLExecution.scala:1525)
	at org.apache.spark.sql.execution.QueryExecution$.$anonfun$runCommand$8(QueryExecution.scala:1955)
	at org.apache.spark.sql.execution.QueryExecution$.withInternalError(QueryExecution.scala:1822)
	at org.apache.spark.sql.execution.QueryExecution$.$anonfun$runCommand$7(QueryExecution.scala:1951)
	at org.apache.spark.sql.execution.QueryExecution.withMVTagsIfNecessary(QueryExecution.scala:710)
	at org.apache.spark.sql.execution.QueryExecution$.$anonfun$runCommand$4(QueryExecution.scala:1936)
	at scala.Option.map(Option.scala:242)
	at org.apache.spark.sql.execution.QueryExecution$.executeWithMVTags$1(QueryExecution.scala:1936)
	at org.apache.spark.sql.execution.QueryExecution$.runCommand(QueryExecution.scala:1949)
	at org.apache.spark.sql.execution.QueryExecution.org$apache$spark$sql$execution$QueryExecution$$eagerlyExecute$1(QueryExecution.scala:747)
	at org.apache.spark.sql.execution.QueryExecution$$anonfun$$nestedInanonfun$eagerlyExecuteCommands$1$1.applyOrElse(QueryExecution.scala:764)
	at org.apache.spark.sql.execution.QueryExecution$$anonfun$$nestedInanonfun$eagerlyExecuteCommands$1$1.applyOrElse(QueryExecution.scala:756)
	at org.apache.spark.sql.catalyst.trees.TreeNode.$anonfun$transformDownWithPruning$1(TreeNode.scala:610)
	at org.apache.spark.sql.catalyst.trees.CurrentOrigin$.withOrigin(origin.scala:142)
	at org.apache.spark.sql.catalyst.trees.TreeNode.transformDownWithPruning(TreeNode.scala:610)
	at org.apache.spark.sql.catalyst.plans.logical.LogicalPlan.org$apache$spark$sql$catalyst$plans$logical$AnalysisHelper$$super$transformDownWithPruning(LogicalPlan.scala:48)
	at org.apache.spark.sql.catalyst.plans.logical.AnalysisHelper.transformDownWithPruning(AnalysisHelper.scala:361)
	at org.apache.spark.sql.catalyst.plans.logical.AnalysisHelper.transformDownWithPruning$(AnalysisHelper.scala:357)
	at org.apache.spark.sql.catalyst.plans.logical.LogicalPlan.transformDownWithPruning(LogicalPlan.scala:48)
	at org.apache.spark.sql.catalyst.plans.logical.LogicalPlan.transformDownWithPruning(LogicalPlan.scala:48)
	at org.apache.spark.sql.catalyst.trees.TreeNode.transformDown(TreeNode.scala:586)
	at org.apache.spark.sql.execution.QueryExecution.$anonfun$eagerlyExecuteCommands$1(QueryExecution.scala:756)
	at org.apache.spark.sql.catalyst.plans.logical.AnalysisHelper$.allowInvokingTransformsInAnalyzer(AnalysisHelper.scala:418)
	at org.apache.spark.sql.execution.QueryExecution.eagerlyExecuteCommands(QueryExecution.scala:756)
	at org.apache.spark.sql.execution.QueryExecution.$anonfun$lazyCommandExecuted$1(QueryExecution.scala:666)
	at scala.util.Try$.apply(Try.scala:217)
	at org.apache.spark.util.Utils$.doTryWithCallerStacktrace(Utils.scala:1796)
	at org.apache.spark.util.Utils$.getTryWithCallerStacktrace(Utils.scala:1846)
	at org.apache.spark.util.LazyTry.get(LazyTry.scala:78)
	at org.apache.spark.sql.execution.QueryExecution.commandExecuted(QueryExecution.scala:671)
	at org.apache.spark.sql.classic.Dataset.<init>(Dataset.scala:405)
	at org.apache.spark.sql.classic.Dataset.<init>(Dataset.scala:385)
	at org.apache.spark.sql.hive.thriftserver.SparkExecuteStatementOperation.$anonfun$getOrCreateDF$1(SparkExecuteStatementOperation.scala:752)
	at org.apache.spark.sql.hive.thriftserver.SparkExecuteStatementOperation.withSuspendedQueryHangingDetection(SparkExecuteStatementOperation.scala:202)
	at org.apache.spark.sql.hive.thriftserver.SparkExecuteStatementOperation.getOrCreateDF(SparkExecuteStatementOperation.scala:750)
	at org.apache.spark.sql.hive.thriftserver.SparkExecuteStatementOperation.analyzeQuery(SparkExecuteStatementOperation.scala:780)
	at org.apache.spark.sql.hive.thriftserver.SparkExecuteStatementOperation.$anonfun$execute$6(SparkExecuteStatementOperation.scala:974)
	at org.apache.spark.util.Utils$.timeTakenMs(Utils.scala:599)
	at org.apache.spark.sql.hive.thriftserver.SparkExecuteStatementOperation.$anonfun$execute$1(SparkExecuteStatementOperation.scala:974)
	... 50 more
, operation-id=01f18aaa-d36b-14be-8da0-808d60ea0358
[0m17:36:15.553393 [debug] [Thread-3 (]: On snapshot.globalmart_dbt.snap_customers: Close
[0m17:36:15.554249 [debug] [Thread-3 (]: Databricks adapter: Connection(session-id=01f18aaa-d08c-1942-915b-49dbf0b51957) - Closing
[0m17:36:15.620294 [debug] [Thread-3 (]: Database Error in snapshot snap_customers (snapshots/snap_customers.sql)
  [DELTA_MULTIPLE_SOURCE_ROW_MATCHING_TARGET_ROW_IN_MERGE] Cannot perform Merge as multiple source rows matched and attempted to modify the same
  target row in the Delta table in possibly conflicting ways. By SQL semantics of Merge,
  when multiple source rows match on the same target row, the result may be ambiguous
  as it is unclear which source row should be used to update or delete the matching
  target row. You can preprocess the source table to eliminate the possibility of
  multiple matches. Please refer to
  https://docs.databricks.com/delta/merge.html#merge-error
  
  compiled code at target/run/globalmart_dbt/snapshots/snap_customers.sql
[0m17:36:15.622739 [debug] [Thread-3 (]: Sending event: {'category': 'dbt', 'action': 'run_model', 'label': '056d0706-2e14-40ee-be00-14934df64b70', 'context': [<snowplow_tracker.self_describing_json.SelfDescribingJson object at 0xfffc51bb0bc0>]}
[0m17:36:15.624117 [error] [Thread-3 (]: 1 of 1 ERROR snapshotting bronze_dev.snap_customers ............................ [[31mERROR[0m in 8.49s]
[0m17:36:15.626303 [debug] [Thread-3 (]: Finished running node snapshot.globalmart_dbt.snap_customers
[0m17:36:15.627285 [debug] [Thread-9 (]: Marking all children of 'snapshot.globalmart_dbt.snap_customers' to be skipped because of status 'error'.  Reason: Database Error in snapshot snap_customers (snapshots/snap_customers.sql)
  [DELTA_MULTIPLE_SOURCE_ROW_MATCHING_TARGET_ROW_IN_MERGE] Cannot perform Merge as multiple source rows matched and attempted to modify the same
  target row in the Delta table in possibly conflicting ways. By SQL semantics of Merge,
  when multiple source rows match on the same target row, the result may be ambiguous
  as it is unclear which source row should be used to update or delete the matching
  target row. You can preprocess the source table to eliminate the possibility of
  multiple matches. Please refer to
  https://docs.databricks.com/delta/merge.html#merge-error
  
  compiled code at target/run/globalmart_dbt/snapshots/snap_customers.sql.
[0m17:36:15.630655 [debug] [MainThread]: Databricks adapter: DatabricksDBTConnection(session-id=None, name=master) - Creating connection
[0m17:36:15.631488 [debug] [MainThread]: Acquiring new databricks connection 'master'
[0m17:36:15.632292 [info ] [MainThread]: 
[0m17:36:15.633017 [info ] [MainThread]: Finished running 1 snapshot in 0 hours 0 minutes and 9.80 seconds (9.80s).
[0m17:36:15.634218 [debug] [MainThread]: Command end result
[0m17:36:15.702201 [debug] [MainThread]: Wrote artifact WritableManifest to /Workspace/Users/iamnovaryn@gmail.com/DataBricks_Project/globalmart_dbt/target/manifest.json
[0m17:36:15.709907 [debug] [MainThread]: Wrote artifact SemanticManifest to /Workspace/Users/iamnovaryn@gmail.com/DataBricks_Project/globalmart_dbt/target/semantic_manifest.json
[0m17:36:15.737121 [debug] [MainThread]: Wrote artifact RunExecutionResult to /Workspace/Users/iamnovaryn@gmail.com/DataBricks_Project/globalmart_dbt/target/run_results.json
[0m17:36:15.738110 [info ] [MainThread]: 
[0m17:36:15.739011 [info ] [MainThread]: [31mCompleted with 1 error, 0 partial successes, and 0 warnings:[0m
[0m17:36:15.739847 [info ] [MainThread]: 
[0m17:36:15.740676 [error] [MainThread]: [31mFailure in snapshot snap_customers (snapshots/snap_customers.sql)[0m
[0m17:36:15.741655 [error] [MainThread]:   Database Error in snapshot snap_customers (snapshots/snap_customers.sql)
  [DELTA_MULTIPLE_SOURCE_ROW_MATCHING_TARGET_ROW_IN_MERGE] Cannot perform Merge as multiple source rows matched and attempted to modify the same
  target row in the Delta table in possibly conflicting ways. By SQL semantics of Merge,
  when multiple source rows match on the same target row, the result may be ambiguous
  as it is unclear which source row should be used to update or delete the matching
  target row. You can preprocess the source table to eliminate the possibility of
  multiple matches. Please refer to
  https://docs.databricks.com/delta/merge.html#merge-error
  
  compiled code at target/run/globalmart_dbt/snapshots/snap_customers.sql
[0m17:36:15.742433 [info ] [MainThread]: 
[0m17:36:15.743240 [info ] [MainThread]: Done. PASS=0 WARN=0 ERROR=1 SKIP=0 NO-OP=0 TOTAL=1
[0m17:36:15.744825 [debug] [MainThread]: Resource report: {"command_name": "snapshot", "command_success": false, "command_wall_clock_time": 12.943177, "process_in_blocks": "0", "process_kernel_time": 0.372167, "process_mem_max_rss": "270452", "process_out_blocks": "0", "process_user_time": 4.637002}
[0m17:36:15.745871 [debug] [MainThread]: Command `dbt snapshot` failed at 17:36:15.745704 after 12.94 seconds
[0m17:36:15.746795 [debug] [MainThread]: Sending event: {'category': 'dbt', 'action': 'invocation', 'label': 'end', 'context': [<snowplow_tracker.self_describing_json.SelfDescribingJson object at 0xfffc5184f320>, <snowplow_tracker.self_describing_json.SelfDescribingJson object at 0xfffc3d1605f0>, <snowplow_tracker.self_describing_json.SelfDescribingJson object at 0xfffc3c564ad0>]}
[0m17:36:15.747714 [debug] [MainThread]: Flushing usage events
[0m17:36:15.810541 [debug] [MainThread]: An error was encountered while trying to flush usage events
[0m17:37:49.855427 [debug] [MainThread]: Sending event: {'category': 'dbt', 'action': 'invocation', 'label': 'start', 'context': [<snowplow_tracker.self_describing_json.SelfDescribingJson object at 0xff2ddf615fa0>, <snowplow_tracker.self_describing_json.SelfDescribingJson object at 0xff2ddefb6960>, <snowplow_tracker.self_describing_json.SelfDescribingJson object at 0xff2de0dd8230>]}


============================== 17:37:49.859356 | 983b57c6-b565-44f0-abbe-f54105c824d2 ==============================
[0m17:37:49.859356 [info ] [MainThread]: Running with dbt=1.11.12
[0m17:37:49.861301 [debug] [MainThread]: running dbt with arguments {'debug': 'False', 'log_cache_events': 'False', 'use_colors': 'True', 'fail_fast': 'False', 'log_path': '/Workspace/Users/iamnovaryn@gmail.com/DataBricks_Project/globalmart_dbt/logs', 'use_experimental_parser': 'False', 'empty': 'False', 'introspect': 'True', 'static_parser': 'True', 'warn_error_options': 'WarnErrorOptionsV2(error=[], warn=[], silence=[])', 'printer_width': '80', 'invocation_command': 'dbt snapshot', 'partial_parse': 'True', 'quiet': 'False', 'target_path': 'None', 'cache_selected_only': 'False', 'profiles_dir': '/home/spark-58690ef7-a781-46db-bb93-20/.dbt', 'write_json': 'True', 'warn_error': 'None', 'log_format': 'default', 'indirect_selection': 'eager', 'send_anonymous_usage_stats': 'True', 'no_print': 'None', 'version_check': 'True'}
[0m17:37:50.817158 [debug] [MainThread]: Spark adapter: Setting pyhive.hive logging to ERROR
[0m17:37:50.818319 [debug] [MainThread]: Spark adapter: Setting thrift.transport logging to ERROR
[0m17:37:50.819058 [debug] [MainThread]: Spark adapter: Setting thrift.protocol logging to ERROR
[0m17:37:51.646028 [debug] [MainThread]: Sending event: {'category': 'dbt', 'action': 'project_id', 'label': '983b57c6-b565-44f0-abbe-f54105c824d2', 'context': [<snowplow_tracker.self_describing_json.SelfDescribingJson object at 0xff2dca4e5580>]}
[0m17:37:51.744795 [debug] [MainThread]: Sending event: {'category': 'dbt', 'action': 'adapter_info', 'label': '983b57c6-b565-44f0-abbe-f54105c824d2', 'context': [<snowplow_tracker.self_describing_json.SelfDescribingJson object at 0xff2dde180c50>]}
[0m17:37:51.746155 [info ] [MainThread]: Registered adapter: databricks=1.12.2
[0m17:37:51.873876 [debug] [MainThread]: checksum: f368f5348cf42803b94ef7fb8257ecf3bf9a9a16dd9c8c51fe5172f2dbeb457f, vars: {}, profile: , target: , version: 1.11.12
[0m17:37:52.227515 [debug] [MainThread]: Partial parsing enabled: 0 files deleted, 0 files added, 1 files changed.
[0m17:37:52.228828 [debug] [MainThread]: Partial parsing: updated file: globalmart_dbt://models/staging/stg_customers.sql
[0m17:37:52.608500 [debug] [MainThread]: Sending event: {'category': 'dbt', 'action': 'load_project', 'label': '983b57c6-b565-44f0-abbe-f54105c824d2', 'context': [<snowplow_tracker.self_describing_json.SelfDescribingJson object at 0xff2dc94b4c50>]}
[0m17:37:52.762522 [debug] [MainThread]: Wrote artifact WritableManifest to /Workspace/Users/iamnovaryn@gmail.com/DataBricks_Project/globalmart_dbt/target/manifest.json
[0m17:37:52.783366 [debug] [MainThread]: Wrote artifact SemanticManifest to /Workspace/Users/iamnovaryn@gmail.com/DataBricks_Project/globalmart_dbt/target/semantic_manifest.json
[0m17:37:52.826697 [debug] [MainThread]: Sending event: {'category': 'dbt', 'action': 'resource_counts', 'label': '983b57c6-b565-44f0-abbe-f54105c824d2', 'context': [<snowplow_tracker.self_describing_json.SelfDescribingJson object at 0xff2dc94b1820>]}
[0m17:37:52.861546 [info ] [MainThread]: Found 5 models, 6 data tests, 1 snapshot, 2 sources, 770 macros
[0m17:37:52.862529 [debug] [MainThread]: Sending event: {'category': 'dbt', 'action': 'runnable_timing', 'label': '983b57c6-b565-44f0-abbe-f54105c824d2', 'context': [<snowplow_tracker.self_describing_json.SelfDescribingJson object at 0xff2dde5b48c0>]}
[0m17:37:52.865071 [info ] [MainThread]: 
[0m17:37:52.865958 [info ] [MainThread]: Concurrency: 4 threads (target='dev')
[0m17:37:52.866873 [info ] [MainThread]: 
[0m17:37:52.868012 [debug] [MainThread]: Databricks adapter: DatabricksDBTConnection(session-id=None, name=master) - Creating connection
[0m17:37:52.868801 [debug] [MainThread]: Acquiring new databricks connection 'master'
[0m17:37:52.870251 [debug] [ThreadPool]: Databricks adapter: DatabricksDBTConnection(session-id=None, name=list_globalmart) - Creating connection
[0m17:37:52.872117 [debug] [ThreadPool]: Acquiring new databricks connection 'list_globalmart'
[0m17:37:52.885631 [debug] [ThreadPool]: Using databricks connection "list_globalmart"
[0m17:37:52.886606 [debug] [ThreadPool]: On list_globalmart: /* {"app": "dbt", "dbt_version": "1.11.12", "dbt_databricks_version": "1.12.2", "databricks_sql_connector_version": "4.3.0", "profile_name": "globalmart_dbt", "target_name": "dev", "invocation_id": "983b57c6-b565-44f0-abbe-f54105c824d2", "connection_name": "list_globalmart"} */

    

  SHOW SCHEMAS IN `globalmart`


  
[0m17:37:52.887382 [debug] [ThreadPool]: Opening a new connection, currently in state init
[0m17:37:53.169346 [debug] [ThreadPool]: Databricks adapter: Connection(session-id=01f18aab-0f95-1dbb-82f7-f71fc59dfe66) - Created
[0m17:37:53.393193 [debug] [ThreadPool]: SQL status: OK in 0.510 seconds
[0m17:37:53.398019 [debug] [ThreadPool]: Databricks adapter: Cursor(session-id=01f18aab-0f95-1dbb-82f7-f71fc59dfe66, command-id=01f18aab-0fa7-1219-9c63-7e7319ca759c) - Closing
[0m17:37:53.399107 [debug] [ThreadPool]: On list_globalmart: Close
[0m17:37:53.399898 [debug] [ThreadPool]: Databricks adapter: Connection(session-id=01f18aab-0f95-1dbb-82f7-f71fc59dfe66) - Closing
[0m17:37:53.462600 [debug] [ThreadPool]: Databricks adapter: DatabricksDBTConnection(session-id=None, name=list_globalmart_bronze_dev) - Creating connection
[0m17:37:53.466688 [debug] [ThreadPool]: Acquiring new databricks connection 'list_globalmart_bronze_dev'
[0m17:37:53.475401 [debug] [ThreadPool]: Using databricks connection "list_globalmart_bronze_dev"
[0m17:37:53.476449 [debug] [ThreadPool]: On list_globalmart_bronze_dev: /* {"app": "dbt", "dbt_version": "1.11.12", "dbt_databricks_version": "1.12.2", "databricks_sql_connector_version": "4.3.0", "profile_name": "globalmart_dbt", "target_name": "dev", "invocation_id": "983b57c6-b565-44f0-abbe-f54105c824d2", "connection_name": "list_globalmart_bronze_dev"} */

    
SELECT
  table_name,
  if(table_type IN ('EXTERNAL', 'MANAGED', 'MANAGED_SHALLOW_CLONE', 'EXTERNAL_SHALLOW_CLONE'), 'table', lower(table_type)) AS table_type,
  lower(data_source_format) AS file_format,
  table_owner,
  if(
    table_type IN (
      'EXTERNAL',
      'MANAGED',
      'MANAGED_SHALLOW_CLONE',
      'EXTERNAL_SHALLOW_CLONE'
    ),
    lower(table_type),
    NULL
  ) AS databricks_table_type
FROM `system`.`information_schema`.`tables`
WHERE table_catalog = 'globalmart'
  AND table_schema = 'bronze_dev'

  
[0m17:37:53.477299 [debug] [ThreadPool]: Opening a new connection, currently in state init
[0m17:37:53.629722 [debug] [ThreadPool]: Databricks adapter: Connection(session-id=01f18aab-0fe3-16e4-9216-7f2b60752ad3) - Created
[0m17:37:53.962321 [debug] [ThreadPool]: SQL status: OK in 0.480 seconds
[0m17:37:53.965685 [debug] [ThreadPool]: Databricks adapter: Cursor(session-id=01f18aab-0fe3-16e4-9216-7f2b60752ad3, command-id=01f18aab-0fed-1b61-ac7b-05bdf531302d) - Closing
[0m17:37:53.966966 [debug] [ThreadPool]: On list_globalmart_bronze_dev: Close
[0m17:37:53.967697 [debug] [ThreadPool]: Databricks adapter: Connection(session-id=01f18aab-0fe3-16e4-9216-7f2b60752ad3) - Closing
[0m17:37:54.039861 [debug] [MainThread]: Sending event: {'category': 'dbt', 'action': 'runnable_timing', 'label': '983b57c6-b565-44f0-abbe-f54105c824d2', 'context': [<snowplow_tracker.self_describing_json.SelfDescribingJson object at 0xff2dde58da90>]}
[0m17:37:54.045930 [debug] [Thread-3 (]: Began running node snapshot.globalmart_dbt.snap_customers
[0m17:37:54.048363 [info ] [Thread-3 (]: 1 of 1 START snapshot bronze_dev.snap_customers ................................ [RUN]
[0m17:37:54.050326 [debug] [Thread-3 (]: Databricks adapter: DatabricksDBTConnection(session-id=None, name=snapshot.globalmart_dbt.snap_customers) - Creating connection
[0m17:37:54.053372 [debug] [Thread-3 (]: Acquiring new databricks connection 'snapshot.globalmart_dbt.snap_customers'
[0m17:37:54.061843 [debug] [Thread-3 (]: Began compiling node snapshot.globalmart_dbt.snap_customers
[0m17:37:54.071151 [debug] [Thread-3 (]: Began executing node snapshot.globalmart_dbt.snap_customers
[0m17:37:54.164763 [debug] [Thread-3 (]: Using databricks connection "snapshot.globalmart_dbt.snap_customers"
[0m17:37:54.165887 [debug] [Thread-3 (]: On snapshot.globalmart_dbt.snap_customers: /* {"app": "dbt", "dbt_version": "1.11.12", "dbt_databricks_version": "1.12.2", "databricks_sql_connector_version": "4.3.0", "profile_name": "globalmart_dbt", "target_name": "dev", "invocation_id": "983b57c6-b565-44f0-abbe-f54105c824d2", "node_id": "snapshot.globalmart_dbt.snap_customers"} */
SELECT
    table_catalog,
    table_schema,
    table_name,
    filter_name,
    target_columns
  FROM `globalmart`.`information_schema`.`row_filters`
  WHERE table_catalog = 'globalmart'
    AND table_schema = 'bronze_dev'
    AND table_name = 'snap_customers'
[0m17:37:54.166668 [debug] [Thread-3 (]: Opening a new connection, currently in state init
[0m17:37:54.318725 [debug] [Thread-3 (]: Databricks adapter: Connection(session-id=01f18aab-104c-1a40-8818-dfbae4412985) - Created
[0m17:37:54.683122 [debug] [Thread-3 (]: SQL status: OK in 0.520 seconds
[0m17:37:54.686493 [debug] [Thread-3 (]: Databricks adapter: Cursor(session-id=01f18aab-104c-1a40-8818-dfbae4412985, command-id=01f18aab-1056-11fb-ac66-530740fef09e) - Closing
[0m17:37:54.716887 [debug] [Thread-3 (]: Using databricks connection "snapshot.globalmart_dbt.snap_customers"
[0m17:37:54.718004 [debug] [Thread-3 (]: On snapshot.globalmart_dbt.snap_customers: /* {"app": "dbt", "dbt_version": "1.11.12", "dbt_databricks_version": "1.12.2", "databricks_sql_connector_version": "4.3.0", "profile_name": "globalmart_dbt", "target_name": "dev", "invocation_id": "983b57c6-b565-44f0-abbe-f54105c824d2", "node_id": "snapshot.globalmart_dbt.snap_customers"} */
select * from (
        select *,
        md5(coalesce(cast(customer_id as string ), '')
         || '|' || coalesce(cast(
    current_timestamp()
 as string ), '')
        ) as dbt_scd_id,
        
    current_timestamp()
 as dbt_updated_at,
        
    current_timestamp()
 as dbt_valid_from,
        
  
  coalesce(nullif(
    current_timestamp()
, 
    current_timestamp()
), null)
  as dbt_valid_to

    from (
        select * from `globalmart`.`bronze_dev`.`stg_customers`
    ) sbq


    ) as __dbt_sbq
    where false
    limit 0

[0m17:37:55.571090 [debug] [Thread-3 (]: SQL status: OK in 0.850 seconds
[0m17:37:55.575850 [debug] [Thread-3 (]: Using databricks connection "snapshot.globalmart_dbt.snap_customers"
[0m17:37:55.576814 [debug] [Thread-3 (]: On snapshot.globalmart_dbt.snap_customers: /* {"app": "dbt", "dbt_version": "1.11.12", "dbt_databricks_version": "1.12.2", "databricks_sql_connector_version": "4.3.0", "profile_name": "globalmart_dbt", "target_name": "dev", "invocation_id": "983b57c6-b565-44f0-abbe-f54105c824d2", "node_id": "snapshot.globalmart_dbt.snap_customers"} */
select * from (
        select 
    current_timestamp()
 as dbt_snapshot_time
    ) as __dbt_sbq
    where false
    limit 0

[0m17:37:55.577664 [debug] [Thread-3 (]: Databricks adapter: Cursor(session-id=01f18aab-104c-1a40-8818-dfbae4412985, command-id=01f18aab-1093-1c5f-be5a-0c568112c05f) - Closing
[0m17:37:55.720283 [debug] [Thread-3 (]: SQL status: OK in 0.140 seconds
[0m17:37:55.721967 [debug] [Thread-3 (]: Writing runtime sql for node "snapshot.globalmart_dbt.snap_customers"
[0m17:37:55.769874 [debug] [Thread-3 (]: Using databricks connection "snapshot.globalmart_dbt.snap_customers"
[0m17:37:55.770920 [debug] [Thread-3 (]: On snapshot.globalmart_dbt.snap_customers: /* {"app": "dbt", "dbt_version": "1.11.12", "dbt_databricks_version": "1.12.2", "databricks_sql_connector_version": "4.3.0", "profile_name": "globalmart_dbt", "target_name": "dev", "invocation_id": "983b57c6-b565-44f0-abbe-f54105c824d2", "node_id": "snapshot.globalmart_dbt.snap_customers"} */

      
  
    
        create or replace table `globalmart`.`bronze_dev`.`snap_customers`
      
      
    using delta
  
      
      
      
      
      
      
      
      
      as
      select *,
        md5(coalesce(cast(customer_id as string ), '')
         || '|' || coalesce(cast(
    current_timestamp()
 as string ), '')
        ) as dbt_scd_id,
        
    current_timestamp()
 as dbt_updated_at,
        
    current_timestamp()
 as dbt_valid_from,
        
  
  coalesce(nullif(
    current_timestamp()
, 
    current_timestamp()
), null)
  as dbt_valid_to

    from (
        select * from `globalmart`.`bronze_dev`.`stg_customers`
    ) sbq


  
  
[0m17:37:55.771921 [debug] [Thread-3 (]: Databricks adapter: Cursor(session-id=01f18aab-104c-1a40-8818-dfbae4412985, command-id=01f18aab-1116-1f90-bb0a-cee82f0831e9) - Closing
[0m17:37:59.805320 [debug] [Thread-3 (]: SQL status: OK in 4.030 seconds
[0m17:37:59.807392 [debug] [Thread-3 (]: Databricks adapter: Cursor(session-id=01f18aab-104c-1a40-8818-dfbae4412985, command-id=01f18aab-1133-1f77-a05f-1881b977ca77) - Closing
[0m17:37:59.837615 [debug] [Thread-3 (]: On snapshot.globalmart_dbt.snap_customers: Close
[0m17:37:59.838638 [debug] [Thread-3 (]: Databricks adapter: Connection(session-id=01f18aab-104c-1a40-8818-dfbae4412985) - Closing
[0m17:37:59.902318 [debug] [Thread-3 (]: Sending event: {'category': 'dbt', 'action': 'run_model', 'label': '983b57c6-b565-44f0-abbe-f54105c824d2', 'context': [<snowplow_tracker.self_describing_json.SelfDescribingJson object at 0xff2ddf3d0b60>]}
[0m17:37:59.903837 [info ] [Thread-3 (]: 1 of 1 OK snapshotted bronze_dev.snap_customers ................................ [[32mOK[0m in 5.85s]
[0m17:37:59.905005 [debug] [Thread-3 (]: Finished running node snapshot.globalmart_dbt.snap_customers
[0m17:37:59.907269 [debug] [MainThread]: Databricks adapter: DatabricksDBTConnection(session-id=None, name=master) - Creating connection
[0m17:37:59.908359 [debug] [MainThread]: Acquiring new databricks connection 'master'
[0m17:37:59.909280 [info ] [MainThread]: 
[0m17:37:59.910171 [info ] [MainThread]: Finished running 1 snapshot in 0 hours 0 minutes and 7.04 seconds (7.04s).
[0m17:37:59.911583 [debug] [MainThread]: Command end result
[0m17:37:59.984882 [debug] [MainThread]: Wrote artifact WritableManifest to /Workspace/Users/iamnovaryn@gmail.com/DataBricks_Project/globalmart_dbt/target/manifest.json
[0m17:37:59.988645 [debug] [MainThread]: Wrote artifact SemanticManifest to /Workspace/Users/iamnovaryn@gmail.com/DataBricks_Project/globalmart_dbt/target/semantic_manifest.json
[0m17:38:00.017225 [debug] [MainThread]: Wrote artifact RunExecutionResult to /Workspace/Users/iamnovaryn@gmail.com/DataBricks_Project/globalmart_dbt/target/run_results.json
[0m17:38:00.018104 [info ] [MainThread]: 
[0m17:38:00.018999 [info ] [MainThread]: [32mCompleted successfully[0m
[0m17:38:00.019737 [info ] [MainThread]: 
[0m17:38:00.020502 [info ] [MainThread]: Done. PASS=1 WARN=0 ERROR=0 SKIP=0 NO-OP=0 TOTAL=1
[0m17:38:00.022101 [debug] [MainThread]: Resource report: {"command_name": "snapshot", "command_success": true, "command_wall_clock_time": 10.314914, "process_in_blocks": "0", "process_kernel_time": 0.437927, "process_mem_max_rss": "269084", "process_out_blocks": "0", "process_user_time": 4.67698}
[0m17:38:00.023040 [debug] [MainThread]: Command `dbt snapshot` succeeded at 17:38:00.022921 after 10.32 seconds
[0m17:38:00.023724 [debug] [MainThread]: Sending event: {'category': 'dbt', 'action': 'invocation', 'label': 'end', 'context': [<snowplow_tracker.self_describing_json.SelfDescribingJson object at 0xff2dde5d8a40>, <snowplow_tracker.self_describing_json.SelfDescribingJson object at 0xff2ddeced5e0>, <snowplow_tracker.self_describing_json.SelfDescribingJson object at 0xff2ddececb00>]}
[0m17:38:00.024449 [debug] [MainThread]: Flushing usage events
[0m17:38:00.097858 [debug] [MainThread]: An error was encountered while trying to flush usage events
[0m17:39:23.928543 [debug] [MainThread]: Sending event: {'category': 'dbt', 'action': 'invocation', 'label': 'start', 'context': [<snowplow_tracker.self_describing_json.SelfDescribingJson object at 0xfffdf8977170>, <snowplow_tracker.self_describing_json.SelfDescribingJson object at 0xfffdf870b2c0>, <snowplow_tracker.self_describing_json.SelfDescribingJson object at 0xfffdf8974d10>]}


============================== 17:39:23.932656 | c0cca7a1-2cd4-46a6-8acf-4e4fdfa53e3f ==============================
[0m17:39:23.932656 [info ] [MainThread]: Running with dbt=1.11.12
[0m17:39:23.933903 [debug] [MainThread]: running dbt with arguments {'empty': 'None', 'target_path': 'None', 'send_anonymous_usage_stats': 'True', 'cache_selected_only': 'False', 'warn_error_options': 'WarnErrorOptionsV2(error=[], warn=[], silence=[])', 'write_json': 'True', 'fail_fast': 'False', 'profiles_dir': '/home/spark-58690ef7-a781-46db-bb93-20/.dbt', 'log_path': '/Workspace/Users/iamnovaryn@gmail.com/DataBricks_Project/globalmart_dbt/logs', 'use_experimental_parser': 'False', 'indirect_selection': 'eager', 'debug': 'False', 'static_parser': 'True', 'partial_parse': 'True', 'printer_width': '80', 'invocation_command': 'dbt test', 'warn_error': 'None', 'log_cache_events': 'False', 'introspect': 'True', 'no_print': 'None', 'use_colors': 'True', 'version_check': 'True', 'log_format': 'default', 'quiet': 'False'}
[0m17:39:24.924506 [debug] [MainThread]: Spark adapter: Setting pyhive.hive logging to ERROR
[0m17:39:24.926819 [debug] [MainThread]: Spark adapter: Setting thrift.transport logging to ERROR
[0m17:39:24.927877 [debug] [MainThread]: Spark adapter: Setting thrift.protocol logging to ERROR
[0m17:39:25.746911 [debug] [MainThread]: Sending event: {'category': 'dbt', 'action': 'project_id', 'label': 'c0cca7a1-2cd4-46a6-8acf-4e4fdfa53e3f', 'context': [<snowplow_tracker.self_describing_json.SelfDescribingJson object at 0xfffdfa083dd0>]}
[0m17:39:25.852825 [debug] [MainThread]: Sending event: {'category': 'dbt', 'action': 'adapter_info', 'label': 'c0cca7a1-2cd4-46a6-8acf-4e4fdfa53e3f', 'context': [<snowplow_tracker.self_describing_json.SelfDescribingJson object at 0xfffdf7588a70>]}
[0m17:39:25.854160 [info ] [MainThread]: Registered adapter: databricks=1.12.2
[0m17:39:26.024410 [debug] [MainThread]: checksum: f368f5348cf42803b94ef7fb8257ecf3bf9a9a16dd9c8c51fe5172f2dbeb457f, vars: {}, profile: , target: , version: 1.11.12
[0m17:39:26.444333 [debug] [MainThread]: Partial parsing enabled: 0 files deleted, 1 files added, 0 files changed.
[0m17:39:26.445649 [debug] [MainThread]: Partial parsing: added file: globalmart_dbt://tests/assert_order_timestamp_valid.sql
[0m17:39:26.705850 [debug] [MainThread]: Sending event: {'category': 'dbt', 'action': 'load_project', 'label': 'c0cca7a1-2cd4-46a6-8acf-4e4fdfa53e3f', 'context': [<snowplow_tracker.self_describing_json.SelfDescribingJson object at 0xfffde333e060>]}
[0m17:39:26.884643 [debug] [MainThread]: Wrote artifact WritableManifest to /Workspace/Users/iamnovaryn@gmail.com/DataBricks_Project/globalmart_dbt/target/manifest.json
[0m17:39:26.979045 [debug] [MainThread]: Wrote artifact SemanticManifest to /Workspace/Users/iamnovaryn@gmail.com/DataBricks_Project/globalmart_dbt/target/semantic_manifest.json
[0m17:39:27.053338 [debug] [MainThread]: Sending event: {'category': 'dbt', 'action': 'resource_counts', 'label': 'c0cca7a1-2cd4-46a6-8acf-4e4fdfa53e3f', 'context': [<snowplow_tracker.self_describing_json.SelfDescribingJson object at 0xfffde3295790>]}
[0m17:39:27.054498 [info ] [MainThread]: Found 5 models, 7 data tests, 1 snapshot, 2 sources, 770 macros
[0m17:39:27.055462 [debug] [MainThread]: Sending event: {'category': 'dbt', 'action': 'runnable_timing', 'label': 'c0cca7a1-2cd4-46a6-8acf-4e4fdfa53e3f', 'context': [<snowplow_tracker.self_describing_json.SelfDescribingJson object at 0xfffde32414f0>]}
[0m17:39:27.058312 [info ] [MainThread]: 
[0m17:39:27.062717 [info ] [MainThread]: Concurrency: 4 threads (target='dev')
[0m17:39:27.064798 [info ] [MainThread]: 
[0m17:39:27.067078 [debug] [MainThread]: Databricks adapter: DatabricksDBTConnection(session-id=None, name=master) - Creating connection
[0m17:39:27.068114 [debug] [MainThread]: Acquiring new databricks connection 'master'
[0m17:39:27.078486 [debug] [ThreadPool]: Databricks adapter: DatabricksDBTConnection(session-id=None, name=list_globalmart_bronze_dev) - Creating connection
[0m17:39:27.083607 [debug] [ThreadPool]: Acquiring new databricks connection 'list_globalmart_bronze_dev'
[0m17:39:27.100000 [debug] [ThreadPool]: Using databricks connection "list_globalmart_bronze_dev"
[0m17:39:27.103567 [debug] [ThreadPool]: On list_globalmart_bronze_dev: /* {"app": "dbt", "dbt_version": "1.11.12", "dbt_databricks_version": "1.12.2", "databricks_sql_connector_version": "4.3.0", "profile_name": "globalmart_dbt", "target_name": "dev", "invocation_id": "c0cca7a1-2cd4-46a6-8acf-4e4fdfa53e3f", "connection_name": "list_globalmart_bronze_dev"} */

    
SELECT
  table_name,
  if(table_type IN ('EXTERNAL', 'MANAGED', 'MANAGED_SHALLOW_CLONE', 'EXTERNAL_SHALLOW_CLONE'), 'table', lower(table_type)) AS table_type,
  lower(data_source_format) AS file_format,
  table_owner,
  if(
    table_type IN (
      'EXTERNAL',
      'MANAGED',
      'MANAGED_SHALLOW_CLONE',
      'EXTERNAL_SHALLOW_CLONE'
    ),
    lower(table_type),
    NULL
  ) AS databricks_table_type
FROM `system`.`information_schema`.`tables`
WHERE table_catalog = 'globalmart'
  AND table_schema = 'bronze_dev'

  
[0m17:39:27.104873 [debug] [ThreadPool]: Opening a new connection, currently in state init
[0m17:39:27.383612 [debug] [ThreadPool]: Databricks adapter: Connection(session-id=01f18aab-47bf-1b3a-92d8-a0a00faeb390) - Created
[0m17:39:28.123398 [debug] [ThreadPool]: SQL status: OK in 1.020 seconds
[0m17:39:28.129242 [debug] [ThreadPool]: Databricks adapter: Cursor(session-id=01f18aab-47bf-1b3a-92d8-a0a00faeb390, command-id=01f18aab-47ce-1d8b-8b85-907a7e4a8e5f) - Closing
[0m17:39:28.130686 [debug] [ThreadPool]: On list_globalmart_bronze_dev: Close
[0m17:39:28.131630 [debug] [ThreadPool]: Databricks adapter: Connection(session-id=01f18aab-47bf-1b3a-92d8-a0a00faeb390) - Closing
[0m17:39:28.182841 [debug] [MainThread]: Sending event: {'category': 'dbt', 'action': 'runnable_timing', 'label': 'c0cca7a1-2cd4-46a6-8acf-4e4fdfa53e3f', 'context': [<snowplow_tracker.self_describing_json.SelfDescribingJson object at 0xfffde31e7560>]}
[0m17:39:28.186574 [debug] [Thread-2 (]: Began running node test.globalmart_dbt.assert_order_timestamp_valid
[0m17:39:28.187246 [debug] [Thread-3 (]: Began running node test.globalmart_dbt.assert_positive_total_orders
[0m17:39:28.187846 [debug] [Thread-4 (]: Began running node test.globalmart_dbt.not_null_fct_orders_incremental_customer_id.10434cc363
[0m17:39:28.188427 [debug] [Thread-5 (]: Began running node test.globalmart_dbt.not_null_fct_orders_incremental_order_id.79bde623c0
[0m17:39:28.189215 [info ] [Thread-2 (]: 1 of 7 START test assert_order_timestamp_valid ................................. [RUN]
[0m17:39:28.197601 [debug] [Thread-2 (]: Databricks adapter: DatabricksDBTConnection(session-id=None, name=test.globalmart_dbt.assert_order_timestamp_valid) - Creating connection
[0m17:39:28.194100 [info ] [Thread-4 (]: 3 of 7 START test not_null_fct_orders_incremental_customer_id .................. [RUN]
[0m17:39:28.196145 [info ] [Thread-5 (]: 4 of 7 START test not_null_fct_orders_incremental_order_id ..................... [RUN]
[0m17:39:28.190923 [info ] [Thread-3 (]: 2 of 7 START test assert_positive_total_orders ................................. [RUN]
[0m17:39:28.198589 [debug] [Thread-2 (]: Acquiring new databricks connection 'test.globalmart_dbt.assert_order_timestamp_valid'
[0m17:39:28.199723 [debug] [Thread-4 (]: Databricks adapter: DatabricksDBTConnection(session-id=None, name=test.globalmart_dbt.not_null_fct_orders_incremental_customer_id.10434cc363) - Creating connection
[0m17:39:28.200802 [debug] [Thread-5 (]: Databricks adapter: DatabricksDBTConnection(session-id=None, name=test.globalmart_dbt.not_null_fct_orders_incremental_order_id.79bde623c0) - Creating connection
[0m17:39:28.202237 [debug] [Thread-3 (]: Databricks adapter: DatabricksDBTConnection(session-id=None, name=test.globalmart_dbt.assert_positive_total_orders) - Creating connection
[0m17:39:28.203555 [debug] [Thread-2 (]: Began compiling node test.globalmart_dbt.assert_order_timestamp_valid
[0m17:39:28.204636 [debug] [Thread-4 (]: Acquiring new databricks connection 'test.globalmart_dbt.not_null_fct_orders_incremental_customer_id.10434cc363'
[0m17:39:28.205666 [debug] [Thread-5 (]: Acquiring new databricks connection 'test.globalmart_dbt.not_null_fct_orders_incremental_order_id.79bde623c0'
[0m17:39:28.206803 [debug] [Thread-3 (]: Acquiring new databricks connection 'test.globalmart_dbt.assert_positive_total_orders'
[0m17:39:28.216352 [debug] [Thread-2 (]: Writing injected SQL for node "test.globalmart_dbt.assert_order_timestamp_valid"
[0m17:39:28.217171 [debug] [Thread-4 (]: Began compiling node test.globalmart_dbt.not_null_fct_orders_incremental_customer_id.10434cc363
[0m17:39:28.218383 [debug] [Thread-5 (]: Began compiling node test.globalmart_dbt.not_null_fct_orders_incremental_order_id.79bde623c0
[0m17:39:28.219672 [debug] [Thread-3 (]: Began compiling node test.globalmart_dbt.assert_positive_total_orders
[0m17:39:28.249843 [debug] [Thread-3 (]: Writing injected SQL for node "test.globalmart_dbt.assert_positive_total_orders"
[0m17:39:28.235959 [debug] [Thread-4 (]: Writing injected SQL for node "test.globalmart_dbt.not_null_fct_orders_incremental_customer_id.10434cc363"
[0m17:39:28.241244 [debug] [Thread-5 (]: Writing injected SQL for node "test.globalmart_dbt.not_null_fct_orders_incremental_order_id.79bde623c0"
[0m17:39:28.326107 [debug] [Thread-3 (]: Began executing node test.globalmart_dbt.assert_positive_total_orders
[0m17:39:28.347773 [debug] [Thread-3 (]: Writing runtime sql for node "test.globalmart_dbt.assert_positive_total_orders"
[0m17:39:28.352103 [debug] [Thread-5 (]: Began executing node test.globalmart_dbt.not_null_fct_orders_incremental_order_id.79bde623c0
[0m17:39:28.353819 [debug] [Thread-2 (]: Began executing node test.globalmart_dbt.assert_order_timestamp_valid
[0m17:39:28.357433 [debug] [Thread-5 (]: Writing runtime sql for node "test.globalmart_dbt.not_null_fct_orders_incremental_order_id.79bde623c0"
[0m17:39:28.361660 [debug] [Thread-2 (]: Writing runtime sql for node "test.globalmart_dbt.assert_order_timestamp_valid"
[0m17:39:28.365072 [debug] [Thread-4 (]: Began executing node test.globalmart_dbt.not_null_fct_orders_incremental_customer_id.10434cc363
[0m17:39:28.369747 [debug] [Thread-4 (]: Writing runtime sql for node "test.globalmart_dbt.not_null_fct_orders_incremental_customer_id.10434cc363"
[0m17:39:28.423690 [debug] [Thread-3 (]: Using databricks connection "test.globalmart_dbt.assert_positive_total_orders"
[0m17:39:28.430249 [debug] [Thread-3 (]: On test.globalmart_dbt.assert_positive_total_orders: /* {"app": "dbt", "dbt_version": "1.11.12", "dbt_databricks_version": "1.12.2", "databricks_sql_connector_version": "4.3.0", "profile_name": "globalmart_dbt", "target_name": "dev", "invocation_id": "c0cca7a1-2cd4-46a6-8acf-4e4fdfa53e3f", "node_id": "test.globalmart_dbt.assert_positive_total_orders"} */

    
    select
      count(*) as failures,
      count(*) != 0 as should_warn,
      count(*) != 0 as should_error
    from (
      
    
  select
    order_month,
    total_orders
from `globalmart`.`bronze_dev`.`fct_monthly_orders`
where total_orders <= 0
  
  
      
    ) dbt_internal_test
[0m17:39:28.431581 [debug] [Thread-3 (]: Opening a new connection, currently in state init
[0m17:39:28.449133 [debug] [Thread-2 (]: Using databricks connection "test.globalmart_dbt.assert_order_timestamp_valid"
[0m17:39:28.450450 [debug] [Thread-5 (]: Using databricks connection "test.globalmart_dbt.not_null_fct_orders_incremental_order_id.79bde623c0"
[0m17:39:28.452073 [debug] [Thread-2 (]: On test.globalmart_dbt.assert_order_timestamp_valid: /* {"app": "dbt", "dbt_version": "1.11.12", "dbt_databricks_version": "1.12.2", "databricks_sql_connector_version": "4.3.0", "profile_name": "globalmart_dbt", "target_name": "dev", "invocation_id": "c0cca7a1-2cd4-46a6-8acf-4e4fdfa53e3f", "node_id": "test.globalmart_dbt.assert_order_timestamp_valid"} */

    
    select
      count(*) as failures,
      count(*) != 0 as should_warn,
      count(*) != 0 as should_error
    from (
      
    
  -- Custom singular test: Ensure order timestamps are not greater than ingestion timestamp
select
    order_id,
    order_purchase_timestamp_ist,
    _ingested_at
from `globalmart`.`bronze_dev`.`stg_orders`
where order_purchase_timestamp_ist > _ingested_at
  
  
      
    ) dbt_internal_test
[0m17:39:28.453249 [debug] [Thread-5 (]: On test.globalmart_dbt.not_null_fct_orders_incremental_order_id.79bde623c0: /* {"app": "dbt", "dbt_version": "1.11.12", "dbt_databricks_version": "1.12.2", "databricks_sql_connector_version": "4.3.0", "profile_name": "globalmart_dbt", "target_name": "dev", "invocation_id": "c0cca7a1-2cd4-46a6-8acf-4e4fdfa53e3f", "node_id": "test.globalmart_dbt.not_null_fct_orders_incremental_order_id.79bde623c0"} */

    
    select
      count(*) as failures,
      count(*) != 0 as should_warn,
      count(*) != 0 as should_error
    from (
      
    
  
    
    



select order_id
from `globalmart`.`bronze_dev`.`fct_orders_incremental`
where order_id is null



  
  
      
    ) dbt_internal_test
[0m17:39:28.456097 [debug] [Thread-2 (]: Opening a new connection, currently in state init
[0m17:39:28.457255 [debug] [Thread-5 (]: Opening a new connection, currently in state init
[0m17:39:28.473376 [debug] [Thread-4 (]: Using databricks connection "test.globalmart_dbt.not_null_fct_orders_incremental_customer_id.10434cc363"
[0m17:39:28.474754 [debug] [Thread-4 (]: On test.globalmart_dbt.not_null_fct_orders_incremental_customer_id.10434cc363: /* {"app": "dbt", "dbt_version": "1.11.12", "dbt_databricks_version": "1.12.2", "databricks_sql_connector_version": "4.3.0", "profile_name": "globalmart_dbt", "target_name": "dev", "invocation_id": "c0cca7a1-2cd4-46a6-8acf-4e4fdfa53e3f", "node_id": "test.globalmart_dbt.not_null_fct_orders_incremental_customer_id.10434cc363"} */

    
    select
      count(*) as failures,
      count(*) != 0 as should_warn,
      count(*) != 0 as should_error
    from (
      
    
  
    
    



select customer_id
from `globalmart`.`bronze_dev`.`fct_orders_incremental`
where customer_id is null



  
  
      
    ) dbt_internal_test
[0m17:39:28.475671 [debug] [Thread-4 (]: Opening a new connection, currently in state init
[0m17:39:28.776361 [debug] [Thread-2 (]: Databricks adapter: Connection(session-id=01f18aab-4899-1fe6-a2d9-234e6a013a97) - Created
[0m17:39:28.777125 [debug] [Thread-3 (]: Databricks adapter: Connection(session-id=01f18aab-4895-128e-9425-0315ab152eb6) - Created
[0m17:39:28.813190 [debug] [Thread-5 (]: Databricks adapter: Connection(session-id=01f18aab-48a3-1133-b56c-295e25d92e26) - Created
[0m17:39:28.822028 [debug] [Thread-4 (]: Databricks adapter: Connection(session-id=01f18aab-48a4-118a-a505-ef748fbe82b5) - Created
[0m17:39:30.126839 [debug] [Thread-5 (]: SQL status: OK in 1.670 seconds
[0m17:39:30.131063 [debug] [Thread-5 (]: Databricks adapter: Cursor(session-id=01f18aab-48a3-1133-b56c-295e25d92e26, command-id=01f18aab-48a9-15d5-9e56-612adcfa7ab1) - Closing
[0m17:39:30.136146 [debug] [Thread-5 (]: On test.globalmart_dbt.not_null_fct_orders_incremental_order_id.79bde623c0: Close
[0m17:39:30.137433 [debug] [Thread-5 (]: Databricks adapter: Connection(session-id=01f18aab-48a3-1133-b56c-295e25d92e26) - Closing
[0m17:39:30.197689 [info ] [Thread-5 (]: 4 of 7 PASS not_null_fct_orders_incremental_order_id ........................... [[32mPASS[0m in 2.00s]
[0m17:39:30.199464 [debug] [Thread-5 (]: Finished running node test.globalmart_dbt.not_null_fct_orders_incremental_order_id.79bde623c0
[0m17:39:30.200723 [debug] [Thread-5 (]: Began running node test.globalmart_dbt.not_null_stg_orders_order_id.81cfe2fe64
[0m17:39:30.203995 [info ] [Thread-5 (]: 5 of 7 START test not_null_stg_orders_order_id ................................. [RUN]
[0m17:39:30.205643 [debug] [Thread-5 (]: Databricks adapter: DatabricksDBTConnection(session-id=None, name=test.globalmart_dbt.not_null_stg_orders_order_id.81cfe2fe64) - Creating connection
[0m17:39:30.208086 [debug] [Thread-5 (]: Acquiring new databricks connection 'test.globalmart_dbt.not_null_stg_orders_order_id.81cfe2fe64'
[0m17:39:30.209202 [debug] [Thread-5 (]: Began compiling node test.globalmart_dbt.not_null_stg_orders_order_id.81cfe2fe64
[0m17:39:30.224745 [debug] [Thread-5 (]: Writing injected SQL for node "test.globalmart_dbt.not_null_stg_orders_order_id.81cfe2fe64"
[0m17:39:30.252691 [debug] [Thread-3 (]: SQL status: OK in 1.820 seconds
[0m17:39:30.261553 [debug] [Thread-3 (]: Databricks adapter: Cursor(session-id=01f18aab-4895-128e-9425-0315ab152eb6, command-id=01f18aab-48a3-1dd6-996d-0116cf47a509) - Closing
[0m17:39:30.264285 [debug] [Thread-3 (]: On test.globalmart_dbt.assert_positive_total_orders: Close
[0m17:39:30.265421 [debug] [Thread-5 (]: Began executing node test.globalmart_dbt.not_null_stg_orders_order_id.81cfe2fe64
[0m17:39:30.270232 [debug] [Thread-5 (]: Writing runtime sql for node "test.globalmart_dbt.not_null_stg_orders_order_id.81cfe2fe64"
[0m17:39:30.266028 [debug] [Thread-3 (]: Databricks adapter: Connection(session-id=01f18aab-4895-128e-9425-0315ab152eb6) - Closing
[0m17:39:30.340841 [info ] [Thread-3 (]: 2 of 7 PASS assert_positive_total_orders ....................................... [[32mPASS[0m in 2.14s]
[0m17:39:30.343123 [debug] [Thread-3 (]: Finished running node test.globalmart_dbt.assert_positive_total_orders
[0m17:39:30.341684 [debug] [Thread-5 (]: Using databricks connection "test.globalmart_dbt.not_null_stg_orders_order_id.81cfe2fe64"
[0m17:39:30.345581 [debug] [Thread-5 (]: On test.globalmart_dbt.not_null_stg_orders_order_id.81cfe2fe64: /* {"app": "dbt", "dbt_version": "1.11.12", "dbt_databricks_version": "1.12.2", "databricks_sql_connector_version": "4.3.0", "profile_name": "globalmart_dbt", "target_name": "dev", "invocation_id": "c0cca7a1-2cd4-46a6-8acf-4e4fdfa53e3f", "node_id": "test.globalmart_dbt.not_null_stg_orders_order_id.81cfe2fe64"} */

    
    select
      count(*) as failures,
      count(*) != 0 as should_warn,
      count(*) != 0 as should_error
    from (
      
    
  
    
    



select order_id
from `globalmart`.`bronze_dev`.`stg_orders`
where order_id is null



  
  
      
    ) dbt_internal_test
[0m17:39:30.346629 [debug] [Thread-5 (]: Opening a new connection, currently in state init
[0m17:39:30.344161 [debug] [Thread-3 (]: Began running node test.globalmart_dbt.unique_fct_orders_incremental_order_id.dadaa56a56
[0m17:39:30.365242 [info ] [Thread-3 (]: 6 of 7 START test unique_fct_orders_incremental_order_id ....................... [RUN]
[0m17:39:30.367577 [debug] [Thread-3 (]: Databricks adapter: DatabricksDBTConnection(session-id=None, name=test.globalmart_dbt.unique_fct_orders_incremental_order_id.dadaa56a56) - Creating connection
[0m17:39:30.372845 [debug] [Thread-3 (]: Acquiring new databricks connection 'test.globalmart_dbt.unique_fct_orders_incremental_order_id.dadaa56a56'
[0m17:39:30.392842 [debug] [Thread-3 (]: Began compiling node test.globalmart_dbt.unique_fct_orders_incremental_order_id.dadaa56a56
[0m17:39:30.410595 [debug] [Thread-3 (]: Writing injected SQL for node "test.globalmart_dbt.unique_fct_orders_incremental_order_id.dadaa56a56"
[0m17:39:30.419486 [debug] [Thread-4 (]: SQL status: OK in 1.940 seconds
[0m17:39:30.422568 [debug] [Thread-4 (]: Databricks adapter: Cursor(session-id=01f18aab-48a4-118a-a505-ef748fbe82b5, command-id=01f18aab-48aa-1435-a669-215b36c85284) - Closing
[0m17:39:30.424004 [debug] [Thread-4 (]: On test.globalmart_dbt.not_null_fct_orders_incremental_customer_id.10434cc363: Close
[0m17:39:30.425004 [debug] [Thread-4 (]: Databricks adapter: Connection(session-id=01f18aab-48a4-118a-a505-ef748fbe82b5) - Closing
[0m17:39:30.435162 [debug] [Thread-3 (]: Began executing node test.globalmart_dbt.unique_fct_orders_incremental_order_id.dadaa56a56
[0m17:39:30.439000 [debug] [Thread-3 (]: Writing runtime sql for node "test.globalmart_dbt.unique_fct_orders_incremental_order_id.dadaa56a56"
[0m17:39:30.489159 [debug] [Thread-5 (]: Databricks adapter: Connection(session-id=01f18aab-49a3-100a-a251-2727a5192296) - Created
[0m17:39:30.498522 [debug] [Thread-3 (]: Using databricks connection "test.globalmart_dbt.unique_fct_orders_incremental_order_id.dadaa56a56"
[0m17:39:30.499476 [info ] [Thread-4 (]: 3 of 7 PASS not_null_fct_orders_incremental_customer_id ........................ [[32mPASS[0m in 2.30s]
[0m17:39:30.500509 [debug] [Thread-3 (]: On test.globalmart_dbt.unique_fct_orders_incremental_order_id.dadaa56a56: /* {"app": "dbt", "dbt_version": "1.11.12", "dbt_databricks_version": "1.12.2", "databricks_sql_connector_version": "4.3.0", "profile_name": "globalmart_dbt", "target_name": "dev", "invocation_id": "c0cca7a1-2cd4-46a6-8acf-4e4fdfa53e3f", "node_id": "test.globalmart_dbt.unique_fct_orders_incremental_order_id.dadaa56a56"} */

    
    select
      count(*) as failures,
      count(*) != 0 as should_warn,
      count(*) != 0 as should_error
    from (
      
    
  
    
    

select
    order_id as unique_field,
    count(*) as n_records

from `globalmart`.`bronze_dev`.`fct_orders_incremental`
where order_id is not null
group by order_id
having count(*) > 1



  
  
      
    ) dbt_internal_test
[0m17:39:30.501761 [debug] [Thread-4 (]: Finished running node test.globalmart_dbt.not_null_fct_orders_incremental_customer_id.10434cc363
[0m17:39:30.502718 [debug] [Thread-3 (]: Opening a new connection, currently in state init
[0m17:39:30.503672 [debug] [Thread-4 (]: Began running node test.globalmart_dbt.unique_stg_orders_order_id.e3b841c71a
[0m17:39:30.504897 [info ] [Thread-4 (]: 7 of 7 START test unique_stg_orders_order_id ................................... [RUN]
[0m17:39:30.507079 [debug] [Thread-4 (]: Databricks adapter: DatabricksDBTConnection(session-id=None, name=test.globalmart_dbt.unique_stg_orders_order_id.e3b841c71a) - Creating connection
[0m17:39:30.508031 [debug] [Thread-4 (]: Acquiring new databricks connection 'test.globalmart_dbt.unique_stg_orders_order_id.e3b841c71a'
[0m17:39:30.511008 [debug] [Thread-2 (]: SQL status: OK in 2.050 seconds
[0m17:39:30.514488 [debug] [Thread-4 (]: Began compiling node test.globalmart_dbt.unique_stg_orders_order_id.e3b841c71a
[0m17:39:30.517732 [debug] [Thread-2 (]: Databricks adapter: Cursor(session-id=01f18aab-4899-1fe6-a2d9-234e6a013a97, command-id=01f18aab-48a3-1ac5-b083-c7051f66cfe3) - Closing
[0m17:39:30.523668 [debug] [Thread-4 (]: Writing injected SQL for node "test.globalmart_dbt.unique_stg_orders_order_id.e3b841c71a"
[0m17:39:30.525110 [debug] [Thread-2 (]: On test.globalmart_dbt.assert_order_timestamp_valid: Close
[0m17:39:30.526441 [debug] [Thread-2 (]: Databricks adapter: Connection(session-id=01f18aab-4899-1fe6-a2d9-234e6a013a97) - Closing
[0m17:39:30.564549 [debug] [Thread-4 (]: Began executing node test.globalmart_dbt.unique_stg_orders_order_id.e3b841c71a
[0m17:39:30.568621 [debug] [Thread-4 (]: Writing runtime sql for node "test.globalmart_dbt.unique_stg_orders_order_id.e3b841c71a"
[0m17:39:30.588900 [info ] [Thread-2 (]: 1 of 7 PASS assert_order_timestamp_valid ....................................... [[32mPASS[0m in 2.39s]
[0m17:39:30.592018 [debug] [Thread-2 (]: Finished running node test.globalmart_dbt.assert_order_timestamp_valid
[0m17:39:30.595662 [debug] [Thread-4 (]: Using databricks connection "test.globalmart_dbt.unique_stg_orders_order_id.e3b841c71a"
[0m17:39:30.596776 [debug] [Thread-4 (]: On test.globalmart_dbt.unique_stg_orders_order_id.e3b841c71a: /* {"app": "dbt", "dbt_version": "1.11.12", "dbt_databricks_version": "1.12.2", "databricks_sql_connector_version": "4.3.0", "profile_name": "globalmart_dbt", "target_name": "dev", "invocation_id": "c0cca7a1-2cd4-46a6-8acf-4e4fdfa53e3f", "node_id": "test.globalmart_dbt.unique_stg_orders_order_id.e3b841c71a"} */

    
    select
      count(*) as failures,
      count(*) != 0 as should_warn,
      count(*) != 0 as should_error
    from (
      
    
  
    
    

select
    order_id as unique_field,
    count(*) as n_records

from `globalmart`.`bronze_dev`.`stg_orders`
where order_id is not null
group by order_id
having count(*) > 1



  
  
      
    ) dbt_internal_test
[0m17:39:30.597701 [debug] [Thread-4 (]: Opening a new connection, currently in state init
[0m17:39:30.634883 [debug] [Thread-3 (]: Databricks adapter: Connection(session-id=01f18aab-49b8-1c61-bc58-dbb9d31fe2dd) - Created
[0m17:39:30.733380 [debug] [Thread-4 (]: Databricks adapter: Connection(session-id=01f18aab-49c7-1709-8ec9-f53e473b1b3e) - Created
[0m17:39:31.674563 [debug] [Thread-5 (]: SQL status: OK in 1.330 seconds
[0m17:39:31.677872 [debug] [Thread-5 (]: Databricks adapter: Cursor(session-id=01f18aab-49a3-100a-a251-2727a5192296, command-id=01f18aab-49a8-179e-8ca5-9c9cab730a53) - Closing
[0m17:39:31.679264 [debug] [Thread-5 (]: On test.globalmart_dbt.not_null_stg_orders_order_id.81cfe2fe64: Close
[0m17:39:31.680189 [debug] [Thread-5 (]: Databricks adapter: Connection(session-id=01f18aab-49a3-100a-a251-2727a5192296) - Closing
[0m17:39:31.727850 [info ] [Thread-5 (]: 5 of 7 PASS not_null_stg_orders_order_id ....................................... [[32mPASS[0m in 1.52s]
[0m17:39:31.730995 [debug] [Thread-5 (]: Finished running node test.globalmart_dbt.not_null_stg_orders_order_id.81cfe2fe64
[0m17:39:32.278736 [debug] [Thread-3 (]: SQL status: OK in 1.780 seconds
[0m17:39:32.281827 [debug] [Thread-3 (]: Databricks adapter: Cursor(session-id=01f18aab-49b8-1c61-bc58-dbb9d31fe2dd, command-id=01f18aab-49be-1e59-8476-946672a0440b) - Closing
[0m17:39:32.283130 [debug] [Thread-3 (]: On test.globalmart_dbt.unique_fct_orders_incremental_order_id.dadaa56a56: Close
[0m17:39:32.284082 [debug] [Thread-3 (]: Databricks adapter: Connection(session-id=01f18aab-49b8-1c61-bc58-dbb9d31fe2dd) - Closing
[0m17:39:32.345290 [info ] [Thread-3 (]: 6 of 7 PASS unique_fct_orders_incremental_order_id ............................. [[32mPASS[0m in 1.98s]
[0m17:39:32.346762 [debug] [Thread-3 (]: Finished running node test.globalmart_dbt.unique_fct_orders_incremental_order_id.dadaa56a56
[0m17:39:32.428178 [debug] [Thread-4 (]: SQL status: OK in 1.830 seconds
[0m17:39:32.431335 [debug] [Thread-4 (]: Databricks adapter: Cursor(session-id=01f18aab-49c7-1709-8ec9-f53e473b1b3e, command-id=01f18aab-49ce-1864-aa70-dc9337436e0a) - Closing
[0m17:39:32.432818 [debug] [Thread-4 (]: On test.globalmart_dbt.unique_stg_orders_order_id.e3b841c71a: Close
[0m17:39:32.433767 [debug] [Thread-4 (]: Databricks adapter: Connection(session-id=01f18aab-49c7-1709-8ec9-f53e473b1b3e) - Closing
[0m17:39:32.503731 [info ] [Thread-4 (]: 7 of 7 PASS unique_stg_orders_order_id ......................................... [[32mPASS[0m in 2.00s]
[0m17:39:32.505096 [debug] [Thread-4 (]: Finished running node test.globalmart_dbt.unique_stg_orders_order_id.e3b841c71a
[0m17:39:32.507958 [debug] [MainThread]: Databricks adapter: DatabricksDBTConnection(session-id=None, name=master) - Creating connection
[0m17:39:32.513222 [debug] [MainThread]: Acquiring new databricks connection 'master'
[0m17:39:32.515130 [info ] [MainThread]: 
[0m17:39:32.516528 [info ] [MainThread]: Finished running 7 data tests in 0 hours 0 minutes and 5.45 seconds (5.45s).
[0m17:39:32.518518 [debug] [MainThread]: Command end result
[0m17:39:32.588058 [debug] [MainThread]: Wrote artifact WritableManifest to /Workspace/Users/iamnovaryn@gmail.com/DataBricks_Project/globalmart_dbt/target/manifest.json
[0m17:39:32.591862 [debug] [MainThread]: Wrote artifact SemanticManifest to /Workspace/Users/iamnovaryn@gmail.com/DataBricks_Project/globalmart_dbt/target/semantic_manifest.json
[0m17:39:32.620115 [debug] [MainThread]: Wrote artifact RunExecutionResult to /Workspace/Users/iamnovaryn@gmail.com/DataBricks_Project/globalmart_dbt/target/run_results.json
[0m17:39:32.621219 [info ] [MainThread]: 
[0m17:39:32.622396 [info ] [MainThread]: [32mCompleted successfully[0m
[0m17:39:32.623900 [info ] [MainThread]: 
[0m17:39:32.625229 [info ] [MainThread]: Done. PASS=7 WARN=0 ERROR=0 SKIP=0 NO-OP=0 TOTAL=7
[0m17:39:32.627172 [debug] [MainThread]: Resource report: {"command_name": "test", "command_success": true, "command_wall_clock_time": 8.847605, "process_in_blocks": "0", "process_kernel_time": 0.582495, "process_mem_max_rss": "277092", "process_out_blocks": "0", "process_user_time": 5.395706}
[0m17:39:32.628283 [debug] [MainThread]: Command `dbt test` succeeded at 17:39:32.628134 after 8.85 seconds
[0m17:39:32.629173 [debug] [MainThread]: Sending event: {'category': 'dbt', 'action': 'invocation', 'label': 'end', 'context': [<snowplow_tracker.self_describing_json.SelfDescribingJson object at 0xfffdf82bcf80>, <snowplow_tracker.self_describing_json.SelfDescribingJson object at 0xfffde332f170>, <snowplow_tracker.self_describing_json.SelfDescribingJson object at 0xfffde31e7d70>]}
[0m17:39:32.630149 [debug] [MainThread]: Flushing usage events
[0m17:39:32.713884 [debug] [MainThread]: An error was encountered while trying to flush usage events
